[{"filename": "2bvcu7", "similarity": 1.0}, {"filename": "7cfknv", "similarity": 0.7001}, {"filename": "64cuvf", "similarity": 0.6608}, {"filename": "7kjxl9", "similarity": 0.6573}, {"filename": "6njmah", "similarity": 0.651}, {"filename": "62s484", "similarity": 0.6466}, {"filename": "7hnx4g", "similarity": 0.6449}, {"filename": "7nlq1z", "similarity": 0.6432}, {"filename": "7bp8mm", "similarity": 0.6383}, {"filename": "7efpd1", "similarity": 0.6371}, {"filename": "7wsm6s", "similarity": 0.6369}, {"filename": "7uieq2", "similarity": 0.6367}, {"filename": "78wn2r", "similarity": 0.636}, {"filename": "63qpp0", "similarity": 0.6359}, {"filename": "7i9499", "similarity": 0.6357}, {"filename": "6w6so6", "similarity": 0.6342}, {"filename": "7rhnd1", "similarity": 0.6338}, {"filename": "5qzkz4", "similarity": 0.6326}, {"filename": "6jde19", "similarity": 0.6325}, {"filename": "7x88fk", "similarity": 0.6318}, {"filename": "5q9rs5", "similarity": 0.6313}, {"filename": "6yesy7", "similarity": 0.6308}, {"filename": "6s67yv", "similarity": 0.6304}, {"filename": "8bwsj2", "similarity": 0.6303}, {"filename": "81cgoc", "similarity": 0.63}, {"filename": "6zekf3", "similarity": 0.6294}, {"filename": "7vt5yg", "similarity": 0.6284}, {"filename": "7hrfkb", "similarity": 0.6278}, {"filename": "6xr0lb", "similarity": 0.6268}, {"filename": "6nh3he", "similarity": 0.6266}]