[{"filename": "2dxg4j", "similarity": 1.0}, {"filename": "7whlev", "similarity": 0.7588}, {"filename": "4n03j2", "similarity": 0.7174}, {"filename": "76zs8f", "similarity": 0.7165}, {"filename": "7j26zc", "similarity": 0.7153}, {"filename": "7w9ssy", "similarity": 0.714}, {"filename": "57fz1k", "similarity": 0.7126}, {"filename": "6ugry3", "similarity": 0.7114}, {"filename": "64nsa1", "similarity": 0.7111}, {"filename": "74at2n", "similarity": 0.7099}, {"filename": "7m3077", "similarity": 0.7044}, {"filename": "75zvxs", "similarity": 0.7033}, {"filename": "7qfguq", "similarity": 0.7019}, {"filename": "7jbryf", "similarity": 0.6995}, {"filename": "8543iv", "similarity": 0.6977}, {"filename": "8bccii", "similarity": 0.692}, {"filename": "76m13w", "similarity": 0.6899}, {"filename": "6v4449", "similarity": 0.6882}, {"filename": "89fvkn", "similarity": 0.688}, {"filename": "7p5r3i", "similarity": 0.687}, {"filename": "7lzdcn", "similarity": 0.6857}, {"filename": "7o78xa", "similarity": 0.6848}, {"filename": "853uun", "similarity": 0.6844}, {"filename": "89jhg9", "similarity": 0.684}, {"filename": "86dthn", "similarity": 0.6835}, {"filename": "813ssk", "similarity": 0.6832}, {"filename": "6w3zoq", "similarity": 0.683}, {"filename": "6vqf9g", "similarity": 0.6829}, {"filename": "88z4wb", "similarity": 0.6822}, {"filename": "7pbhh9", "similarity": 0.6812}]