[{"filename": "2g0uu5", "similarity": 1.0}, {"filename": "88z4wb", "similarity": 0.7496}, {"filename": "6fjiu4", "similarity": 0.7303}, {"filename": "6xzxto", "similarity": 0.7253}, {"filename": "6ag0ao", "similarity": 0.7082}, {"filename": "64nsa1", "similarity": 0.7005}, {"filename": "64tivo", "similarity": 0.6856}, {"filename": "7whlev", "similarity": 0.6794}, {"filename": "81rkv7", "similarity": 0.6747}, {"filename": "76zs8f", "similarity": 0.6747}, {"filename": "6zde3s", "similarity": 0.6656}, {"filename": "81rlby", "similarity": 0.6631}, {"filename": "7dkni2", "similarity": 0.6613}, {"filename": "73lhor", "similarity": 0.6599}, {"filename": "867efo", "similarity": 0.6598}, {"filename": "7qfguq", "similarity": 0.6558}, {"filename": "7kuh9z", "similarity": 0.6544}, {"filename": "2dxg4j", "similarity": 0.6537}, {"filename": "653bdt", "similarity": 0.6511}, {"filename": "4sz1mn", "similarity": 0.651}, {"filename": "89fvkn", "similarity": 0.6502}, {"filename": "6ihqvf", "similarity": 0.6496}, {"filename": "4n03j2", "similarity": 0.6488}, {"filename": "7iyyyq", "similarity": 0.6472}, {"filename": "75zvxs", "similarity": 0.6468}, {"filename": "6v4449", "similarity": 0.6467}, {"filename": "7g35wc", "similarity": 0.646}, {"filename": "68f2vk", "similarity": 0.6443}, {"filename": "81zk80", "similarity": 0.6437}, {"filename": "7sl3bo", "similarity": 0.6424}]