[{"filename": "2g54cq", "similarity": 1.0}, {"filename": "6ijnh3", "similarity": 0.8945}, {"filename": "6ednbc", "similarity": 0.8934}, {"filename": "7r0rgu", "similarity": 0.8885}, {"filename": "7kgp7b", "similarity": 0.8877}, {"filename": "2wod3h", "similarity": 0.8865}, {"filename": "6jep8t", "similarity": 0.8861}, {"filename": "7yvhnn", "similarity": 0.8814}, {"filename": "4c12i4", "similarity": 0.8807}, {"filename": "8bfn44", "similarity": 0.8794}, {"filename": "7hyyka", "similarity": 0.8789}, {"filename": "7bno60", "similarity": 0.8787}, {"filename": "7aee7l", "similarity": 0.8774}, {"filename": "6ura8f", "similarity": 0.8728}, {"filename": "694o6h", "similarity": 0.8728}, {"filename": "6togaj", "similarity": 0.8711}, {"filename": "6ejh59", "similarity": 0.8707}, {"filename": "7ds19z", "similarity": 0.8703}, {"filename": "60s18n", "similarity": 0.8663}, {"filename": "86k7d8", "similarity": 0.8645}, {"filename": "5arvnc", "similarity": 0.8644}, {"filename": "7jembg", "similarity": 0.8621}, {"filename": "7mjcis", "similarity": 0.8618}, {"filename": "6d52ri", "similarity": 0.8616}, {"filename": "65utsz", "similarity": 0.8572}, {"filename": "6kh3ds", "similarity": 0.8571}, {"filename": "6j9pi4", "similarity": 0.8568}, {"filename": "7cptyb", "similarity": 0.8566}, {"filename": "6w4yg1", "similarity": 0.8562}, {"filename": "7qz0zf", "similarity": 0.8551}]