[{"filename": "2jwc52", "similarity": 1.0}, {"filename": "6kngvy", "similarity": 0.8654}, {"filename": "86k7d8", "similarity": 0.8638}, {"filename": "6cu0j6", "similarity": 0.8577}, {"filename": "7cenf1", "similarity": 0.8567}, {"filename": "72ulh4", "similarity": 0.8526}, {"filename": "7ljjyu", "similarity": 0.8525}, {"filename": "66v42v", "similarity": 0.8482}, {"filename": "81xuqy", "similarity": 0.8478}, {"filename": "7uw4rk", "similarity": 0.8431}, {"filename": "7qbcqw", "similarity": 0.8414}, {"filename": "7rilwk", "similarity": 0.8405}, {"filename": "694o6h", "similarity": 0.8387}, {"filename": "6w4yg1", "similarity": 0.8367}, {"filename": "6jep8t", "similarity": 0.8367}, {"filename": "89nftb", "similarity": 0.8364}, {"filename": "65utsz", "similarity": 0.8363}, {"filename": "7cbh1v", "similarity": 0.8363}, {"filename": "7rgyvn", "similarity": 0.8355}, {"filename": "2wod3h", "similarity": 0.8354}, {"filename": "6ofdt6", "similarity": 0.8351}, {"filename": "7cptyb", "similarity": 0.8349}, {"filename": "7lxm6a", "similarity": 0.8349}, {"filename": "6p5wbm", "similarity": 0.8337}, {"filename": "5arvnc", "similarity": 0.8322}, {"filename": "7gl3uw", "similarity": 0.8291}, {"filename": "7jr7wl", "similarity": 0.8288}, {"filename": "8bfn44", "similarity": 0.8285}, {"filename": "6e6ffk", "similarity": 0.8278}, {"filename": "6fl53a", "similarity": 0.826}]