[{"filename": "2msrcz", "similarity": 1.0}, {"filename": "8axkz9", "similarity": 0.721}, {"filename": "7bp8mm", "similarity": 0.7204}, {"filename": "5h29b2", "similarity": 0.7143}, {"filename": "6xr0lb", "similarity": 0.7101}, {"filename": "7j5wsn", "similarity": 0.7055}, {"filename": "86dthn", "similarity": 0.6993}, {"filename": "6i331m", "similarity": 0.6932}, {"filename": "6if78k", "similarity": 0.6912}, {"filename": "6glf08", "similarity": 0.6872}, {"filename": "7u8yfp", "similarity": 0.6852}, {"filename": "7che49", "similarity": 0.6844}, {"filename": "7pbhh9", "similarity": 0.6843}, {"filename": "6h0lq4", "similarity": 0.6839}, {"filename": "822auv", "similarity": 0.6834}, {"filename": "7g6u1o", "similarity": 0.6802}, {"filename": "80j49z", "similarity": 0.6795}, {"filename": "7vu58i", "similarity": 0.6764}, {"filename": "7ajlug", "similarity": 0.6761}, {"filename": "6ie00b", "similarity": 0.6757}, {"filename": "67x5wd", "similarity": 0.6748}, {"filename": "6z2jdl", "similarity": 0.6732}, {"filename": "61qspl", "similarity": 0.67}, {"filename": "7p02i4", "similarity": 0.6698}, {"filename": "6y0hku", "similarity": 0.6697}, {"filename": "69dg7c", "similarity": 0.6694}, {"filename": "6q7bsq", "similarity": 0.668}, {"filename": "76bgtf", "similarity": 0.6673}, {"filename": "86k6bi", "similarity": 0.6672}, {"filename": "5btgto", "similarity": 0.667}]