[{"filename": "2niehv", "similarity": 1.0}, {"filename": "64pzpi", "similarity": 0.7442}, {"filename": "7yyyje", "similarity": 0.7364}, {"filename": "7yx9pf", "similarity": 0.7357}, {"filename": "7ac0k9", "similarity": 0.7332}, {"filename": "5qzkz4", "similarity": 0.7309}, {"filename": "652al9", "similarity": 0.7258}, {"filename": "6k4u8e", "similarity": 0.7229}, {"filename": "73cufe", "similarity": 0.7216}, {"filename": "7qf51x", "similarity": 0.7196}, {"filename": "60luhe", "similarity": 0.718}, {"filename": "79ft5n", "similarity": 0.7111}, {"filename": "6e78d6", "similarity": 0.7102}, {"filename": "7gt22g", "similarity": 0.7096}, {"filename": "87txrx", "similarity": 0.7082}, {"filename": "84wwcx", "similarity": 0.7082}, {"filename": "6tgyjq", "similarity": 0.7081}, {"filename": "74xhev", "similarity": 0.7067}, {"filename": "6rdyst", "similarity": 0.7058}, {"filename": "7d0kbf", "similarity": 0.7052}, {"filename": "7g18cy", "similarity": 0.7043}, {"filename": "6msu80", "similarity": 0.7031}, {"filename": "8545a0", "similarity": 0.7025}, {"filename": "6nh3he", "similarity": 0.7014}, {"filename": "66hudv", "similarity": 0.7013}, {"filename": "7836pp", "similarity": 0.7012}, {"filename": "6s67yv", "similarity": 0.7009}, {"filename": "8by5s6", "similarity": 0.7008}, {"filename": "7aiksi", "similarity": 0.7004}, {"filename": "85xpmy", "similarity": 0.7003}]