[{"filename": "2ugt2n", "similarity": 1.0}, {"filename": "7phgo0", "similarity": 0.7532}, {"filename": "7qc66j", "similarity": 0.7249}, {"filename": "8aqrd3", "similarity": 0.7184}, {"filename": "6n8afl", "similarity": 0.7163}, {"filename": "73yp8c", "similarity": 0.713}, {"filename": "6z2jdl", "similarity": 0.7101}, {"filename": "7i5d8q", "similarity": 0.7057}, {"filename": "7e9npb", "similarity": 0.703}, {"filename": "8b8tzr", "similarity": 0.7002}, {"filename": "6o1qx0", "similarity": 0.6995}, {"filename": "6wi37k", "similarity": 0.6993}, {"filename": "6xq2zu", "similarity": 0.6936}, {"filename": "7td6mg", "similarity": 0.6909}, {"filename": "80u0v8", "similarity": 0.6909}, {"filename": "7g31hl", "similarity": 0.6903}, {"filename": "7ncmkx", "similarity": 0.6896}, {"filename": "7pox2b", "similarity": 0.6871}, {"filename": "6mdhpg", "similarity": 0.6871}, {"filename": "7v8azb", "similarity": 0.6867}, {"filename": "74l85v", "similarity": 0.6854}, {"filename": "6w7os8", "similarity": 0.6838}, {"filename": "6b8643", "similarity": 0.6833}, {"filename": "6ox21m", "similarity": 0.681}, {"filename": "76xsjt", "similarity": 0.6809}, {"filename": "7t75fl", "similarity": 0.6804}, {"filename": "7iyyyq", "similarity": 0.6803}, {"filename": "6l6jbv", "similarity": 0.6797}, {"filename": "6697tp", "similarity": 0.6791}, {"filename": "71qgl8", "similarity": 0.6783}]