[{"filename": "2wod3h", "similarity": 1.0}, {"filename": "60s18n", "similarity": 0.9149}, {"filename": "6ura8f", "similarity": 0.9138}, {"filename": "6x626v", "similarity": 0.9072}, {"filename": "7lxm6a", "similarity": 0.8991}, {"filename": "7yvhnn", "similarity": 0.8973}, {"filename": "6j9pi4", "similarity": 0.897}, {"filename": "7hzxyp", "similarity": 0.8947}, {"filename": "694o6h", "similarity": 0.8911}, {"filename": "65utsz", "similarity": 0.8901}, {"filename": "86k7d8", "similarity": 0.8881}, {"filename": "7ds19z", "similarity": 0.8869}, {"filename": "2g54cq", "similarity": 0.8865}, {"filename": "7r0rgu", "similarity": 0.8858}, {"filename": "6ednbc", "similarity": 0.8857}, {"filename": "6jep8t", "similarity": 0.8855}, {"filename": "8bfn44", "similarity": 0.8843}, {"filename": "6gdhd9", "similarity": 0.8843}, {"filename": "6cyyt6", "similarity": 0.8829}, {"filename": "81q1jc", "similarity": 0.8813}, {"filename": "6ijnh3", "similarity": 0.8801}, {"filename": "5y7fcn", "similarity": 0.88}, {"filename": "6u4fiw", "similarity": 0.88}, {"filename": "7jr7wl", "similarity": 0.8797}, {"filename": "66vnlg", "similarity": 0.8793}, {"filename": "625203", "similarity": 0.8782}, {"filename": "6d52ri", "similarity": 0.8769}, {"filename": "845gft", "similarity": 0.8754}, {"filename": "7aee7l", "similarity": 0.8741}, {"filename": "7kgp7b", "similarity": 0.8731}]