[{"filename": "2x430e", "similarity": 1.0}, {"filename": "6ag0ao", "similarity": 0.7932}, {"filename": "64tivo", "similarity": 0.7424}, {"filename": "6fifua", "similarity": 0.739}, {"filename": "6gzfra", "similarity": 0.728}, {"filename": "8bh7wp", "similarity": 0.7171}, {"filename": "6cj0gt", "similarity": 0.7086}, {"filename": "7qst8m", "similarity": 0.7051}, {"filename": "7ddt8r", "similarity": 0.7048}, {"filename": "7lrcs4", "similarity": 0.7024}, {"filename": "7xymra", "similarity": 0.7015}, {"filename": "75v1x2", "similarity": 0.6985}, {"filename": "76c8t3", "similarity": 0.6975}, {"filename": "7m3077", "similarity": 0.6974}, {"filename": "891an6", "similarity": 0.6972}, {"filename": "75uzjo", "similarity": 0.6967}, {"filename": "7uywrv", "similarity": 0.6957}, {"filename": "6i6mlb", "similarity": 0.6916}, {"filename": "7kuh9z", "similarity": 0.6914}, {"filename": "83d47l", "similarity": 0.6904}, {"filename": "614luc", "similarity": 0.6902}, {"filename": "6xdm0y", "similarity": 0.689}, {"filename": "6goraj", "similarity": 0.6883}, {"filename": "6qgmol", "similarity": 0.6866}, {"filename": "76zs8f", "similarity": 0.6843}, {"filename": "79zqqj", "similarity": 0.684}, {"filename": "6hsdnb", "similarity": 0.6823}, {"filename": "6t31n1", "similarity": 0.6821}, {"filename": "71xtda", "similarity": 0.681}, {"filename": "7tubvl", "similarity": 0.6797}]