[{"filename": "2x5zai", "similarity": 1.0}, {"filename": "7d32j7", "similarity": 0.7205}, {"filename": "845o5g", "similarity": 0.6846}, {"filename": "7q06lq", "similarity": 0.6816}, {"filename": "6aig8e", "similarity": 0.6814}, {"filename": "63y8xp", "similarity": 0.6802}, {"filename": "7uryha", "similarity": 0.6795}, {"filename": "7f62cg", "similarity": 0.6786}, {"filename": "5rn537", "similarity": 0.6769}, {"filename": "7xh5sk", "similarity": 0.6763}, {"filename": "7zdswk", "similarity": 0.6755}, {"filename": "73dseo", "similarity": 0.6713}, {"filename": "6pfrsw", "similarity": 0.6675}, {"filename": "6e78d6", "similarity": 0.6665}, {"filename": "8545a0", "similarity": 0.6661}, {"filename": "871ith", "similarity": 0.6632}, {"filename": "7rhnd1", "similarity": 0.6631}, {"filename": "64j9j3", "similarity": 0.663}, {"filename": "7msepc", "similarity": 0.6627}, {"filename": "7qm4v2", "similarity": 0.6621}, {"filename": "7y8slj", "similarity": 0.6617}, {"filename": "70dbd2", "similarity": 0.6612}, {"filename": "5q9rs5", "similarity": 0.6608}, {"filename": "6b9goy", "similarity": 0.6593}, {"filename": "6bgbhl", "similarity": 0.6593}, {"filename": "7trwdg", "similarity": 0.6592}, {"filename": "7goylm", "similarity": 0.6584}, {"filename": "70r8o8", "similarity": 0.6535}, {"filename": "7m1nz0", "similarity": 0.653}, {"filename": "7g18cy", "similarity": 0.6528}]