[{"filename": "34fi1c", "similarity": 1.0}, {"filename": "6zk93p", "similarity": 0.7863}, {"filename": "5nlru8", "similarity": 0.7836}, {"filename": "653bdt", "similarity": 0.7832}, {"filename": "777dq8", "similarity": 0.7705}, {"filename": "813ssk", "similarity": 0.7703}, {"filename": "7whlev", "similarity": 0.7665}, {"filename": "6m0uwa", "similarity": 0.765}, {"filename": "7ve2pk", "similarity": 0.7627}, {"filename": "6dtouw", "similarity": 0.7624}, {"filename": "7yc681", "similarity": 0.7594}, {"filename": "7zlhwh", "similarity": 0.7593}, {"filename": "7yhwko", "similarity": 0.7589}, {"filename": "74t4md", "similarity": 0.7583}, {"filename": "7tf1qc", "similarity": 0.7577}, {"filename": "7jd8nw", "similarity": 0.7573}, {"filename": "6n10qg", "similarity": 0.7567}, {"filename": "7ar2wq", "similarity": 0.7565}, {"filename": "7iq8a9", "similarity": 0.7564}, {"filename": "6cnxlz", "similarity": 0.7557}, {"filename": "7kvxa0", "similarity": 0.7549}, {"filename": "89swch", "similarity": 0.7549}, {"filename": "7300vx", "similarity": 0.7545}, {"filename": "57llud", "similarity": 0.7534}, {"filename": "816an7", "similarity": 0.7527}, {"filename": "5t53rb", "similarity": 0.7522}, {"filename": "7m3ou9", "similarity": 0.7517}, {"filename": "85xpmy", "similarity": 0.7516}, {"filename": "7bllvq", "similarity": 0.7513}, {"filename": "78so15", "similarity": 0.7509}]