[{"filename": "38pgb7", "similarity": 1.0}, {"filename": "7oscbj", "similarity": 0.824}, {"filename": "6n10qg", "similarity": 0.6669}, {"filename": "5q9rs5", "similarity": 0.6541}, {"filename": "7qd9yt", "similarity": 0.6529}, {"filename": "7qnqxc", "similarity": 0.6492}, {"filename": "7oxqg1", "similarity": 0.6407}, {"filename": "5nlru8", "similarity": 0.6394}, {"filename": "6nh3he", "similarity": 0.6387}, {"filename": "7awy3m", "similarity": 0.6383}, {"filename": "73lhor", "similarity": 0.6374}, {"filename": "6l5imf", "similarity": 0.6362}, {"filename": "7tqedo", "similarity": 0.6358}, {"filename": "82010j", "similarity": 0.6351}, {"filename": "89vbg1", "similarity": 0.634}, {"filename": "7t75fl", "similarity": 0.6327}, {"filename": "80m4yj", "similarity": 0.6312}, {"filename": "8c18nd", "similarity": 0.6296}, {"filename": "7nc30x", "similarity": 0.6287}, {"filename": "7yd801", "similarity": 0.6285}, {"filename": "7rpqda", "similarity": 0.6262}, {"filename": "7dbzr1", "similarity": 0.6261}, {"filename": "78586f", "similarity": 0.626}, {"filename": "6tubo2", "similarity": 0.6258}, {"filename": "7hpdi9", "similarity": 0.6257}, {"filename": "76ehfk", "similarity": 0.6254}, {"filename": "88hcjq", "similarity": 0.6244}, {"filename": "74muva", "similarity": 0.6242}, {"filename": "7wsm6s", "similarity": 0.6238}, {"filename": "63y8xp", "similarity": 0.6231}]