[{"filename": "3bbaa4", "similarity": 1.0}, {"filename": "88hu7n", "similarity": 0.7418}, {"filename": "6axb43", "similarity": 0.7203}, {"filename": "7qc66j", "similarity": 0.7123}, {"filename": "881lvb", "similarity": 0.7098}, {"filename": "7c0877", "similarity": 0.7095}, {"filename": "6ykn7w", "similarity": 0.7094}, {"filename": "5szv0l", "similarity": 0.7092}, {"filename": "5x3tz6", "similarity": 0.7075}, {"filename": "7evkia", "similarity": 0.7074}, {"filename": "7eyfx8", "similarity": 0.7058}, {"filename": "7jd8nw", "similarity": 0.7037}, {"filename": "6qj1t2", "similarity": 0.7028}, {"filename": "6nkdii", "similarity": 0.7023}, {"filename": "7dxzqm", "similarity": 0.7017}, {"filename": "744o0r", "similarity": 0.7011}, {"filename": "86189j", "similarity": 0.6997}, {"filename": "7urxui", "similarity": 0.6994}, {"filename": "64x971", "similarity": 0.6984}, {"filename": "681sxi", "similarity": 0.6979}, {"filename": "739mri", "similarity": 0.6977}, {"filename": "87ulnx", "similarity": 0.6976}, {"filename": "6ro5de", "similarity": 0.6951}, {"filename": "5ts0u0", "similarity": 0.6949}, {"filename": "6wi37k", "similarity": 0.6944}, {"filename": "81cgxo", "similarity": 0.6941}, {"filename": "861fhz", "similarity": 0.6927}, {"filename": "78b7ee", "similarity": 0.6923}, {"filename": "8c5slz", "similarity": 0.6916}, {"filename": "6r46h4", "similarity": 0.6911}]