[{"filename": "3br74t", "similarity": 1.0}, {"filename": "6so8mf", "similarity": 0.7447}, {"filename": "86a9rb", "similarity": 0.7443}, {"filename": "75pd9h", "similarity": 0.7331}, {"filename": "8bvet6", "similarity": 0.7307}, {"filename": "7lll3r", "similarity": 0.7289}, {"filename": "7by162", "similarity": 0.7274}, {"filename": "5xvu22", "similarity": 0.7262}, {"filename": "56h87o", "similarity": 0.7258}, {"filename": "6jlf3y", "similarity": 0.7241}, {"filename": "7b5419", "similarity": 0.7239}, {"filename": "7xiji5", "similarity": 0.7228}, {"filename": "75n9k9", "similarity": 0.7192}, {"filename": "701m3b", "similarity": 0.7184}, {"filename": "6yerwl", "similarity": 0.7158}, {"filename": "78xc2q", "similarity": 0.7139}, {"filename": "66gica", "similarity": 0.7138}, {"filename": "742v3o", "similarity": 0.7134}, {"filename": "5wny1r", "similarity": 0.7129}, {"filename": "6ca8c2", "similarity": 0.7128}, {"filename": "81qjgq", "similarity": 0.7125}, {"filename": "824e09", "similarity": 0.7122}, {"filename": "7uwxmc", "similarity": 0.7114}, {"filename": "7wtsxz", "similarity": 0.7112}, {"filename": "6e0har", "similarity": 0.7075}, {"filename": "76xsjt", "similarity": 0.7059}, {"filename": "6ms6r0", "similarity": 0.7055}, {"filename": "6mdhpg", "similarity": 0.7038}, {"filename": "7vsye0", "similarity": 0.7031}, {"filename": "84nug0", "similarity": 0.7025}]