[{"filename": "3o00ad", "similarity": 1.0}, {"filename": "70guna", "similarity": 0.7918}, {"filename": "6hzplr", "similarity": 0.7768}, {"filename": "6htom4", "similarity": 0.773}, {"filename": "83yt5e", "similarity": 0.7691}, {"filename": "6kmgj8", "similarity": 0.7679}, {"filename": "73josi", "similarity": 0.7604}, {"filename": "81dcyo", "similarity": 0.7535}, {"filename": "75rcb3", "similarity": 0.7532}, {"filename": "5wte5s", "similarity": 0.7424}, {"filename": "6xhrsg", "similarity": 0.7394}, {"filename": "7aizp1", "similarity": 0.7378}, {"filename": "7h9whe", "similarity": 0.7376}, {"filename": "7o154m", "similarity": 0.7361}, {"filename": "6ss6j4", "similarity": 0.7356}, {"filename": "76ytpe", "similarity": 0.7338}, {"filename": "835bp8", "similarity": 0.7333}, {"filename": "6k8zrt", "similarity": 0.7331}, {"filename": "6ksopq", "similarity": 0.7331}, {"filename": "78m0ek", "similarity": 0.7325}, {"filename": "820n9o", "similarity": 0.7324}, {"filename": "7dtqxu", "similarity": 0.7314}, {"filename": "6kr5az", "similarity": 0.7303}, {"filename": "82pqn9", "similarity": 0.7296}, {"filename": "6t31n1", "similarity": 0.7284}, {"filename": "6mjkh6", "similarity": 0.7267}, {"filename": "82rf0h", "similarity": 0.7263}, {"filename": "87q8hy", "similarity": 0.7256}, {"filename": "7wtf45", "similarity": 0.722}, {"filename": "6rzcjl", "similarity": 0.7205}]