[{"filename": "3vurw8", "similarity": 1.0}, {"filename": "66kh9w", "similarity": 0.7335}, {"filename": "6h81f0", "similarity": 0.7199}, {"filename": "5mnly2", "similarity": 0.7134}, {"filename": "7z6wn5", "similarity": 0.7005}, {"filename": "6ht583", "similarity": 0.7003}, {"filename": "6m4on7", "similarity": 0.6984}, {"filename": "758iwv", "similarity": 0.6924}, {"filename": "7g31hl", "similarity": 0.6893}, {"filename": "81qecl", "similarity": 0.6892}, {"filename": "8bq9kb", "similarity": 0.6754}, {"filename": "5u9icj", "similarity": 0.6743}, {"filename": "6kjfxc", "similarity": 0.6732}, {"filename": "7tj8p4", "similarity": 0.6698}, {"filename": "69qsw7", "similarity": 0.6677}, {"filename": "8c6778", "similarity": 0.6584}, {"filename": "7iyyyq", "similarity": 0.6545}, {"filename": "7yv9xi", "similarity": 0.6538}, {"filename": "74ecg8", "similarity": 0.6537}, {"filename": "62mivr", "similarity": 0.6535}, {"filename": "80kt9j", "similarity": 0.6526}, {"filename": "5yv736", "similarity": 0.6523}, {"filename": "6bgsya", "similarity": 0.6518}, {"filename": "7pflwy", "similarity": 0.6489}, {"filename": "6wxhek", "similarity": 0.6479}, {"filename": "7l8d84", "similarity": 0.6475}, {"filename": "77dcmc", "similarity": 0.6471}, {"filename": "5ycqw0", "similarity": 0.6419}, {"filename": "79bv3h", "similarity": 0.6413}, {"filename": "897bu8", "similarity": 0.6407}]