[{"filename": "3x3bqx", "similarity": 1.0}, {"filename": "7pbhh9", "similarity": 0.7586}, {"filename": "6x8hy2", "similarity": 0.7504}, {"filename": "6aqzdk", "similarity": 0.7458}, {"filename": "7gt22g", "similarity": 0.7453}, {"filename": "70y8m0", "similarity": 0.7428}, {"filename": "7haijt", "similarity": 0.7418}, {"filename": "8bwsj2", "similarity": 0.7395}, {"filename": "7xyoqb", "similarity": 0.7379}, {"filename": "83p8ks", "similarity": 0.737}, {"filename": "7836pp", "similarity": 0.734}, {"filename": "7p5r3i", "similarity": 0.7324}, {"filename": "7teiru", "similarity": 0.7318}, {"filename": "7z3rzi", "similarity": 0.7306}, {"filename": "6pyc24", "similarity": 0.7306}, {"filename": "7y29xx", "similarity": 0.7304}, {"filename": "7vwhyi", "similarity": 0.7296}, {"filename": "7ajlug", "similarity": 0.7281}, {"filename": "6cfms2", "similarity": 0.7281}, {"filename": "86tb6x", "similarity": 0.7272}, {"filename": "81y6a9", "similarity": 0.727}, {"filename": "7rhnd1", "similarity": 0.7266}, {"filename": "67nxwc", "similarity": 0.7265}, {"filename": "77n2kc", "similarity": 0.7261}, {"filename": "72666v", "similarity": 0.7259}, {"filename": "6c13dg", "similarity": 0.7254}, {"filename": "7t75fl", "similarity": 0.7253}, {"filename": "7mjb0q", "similarity": 0.7241}, {"filename": "79osnv", "similarity": 0.7239}, {"filename": "80nma3", "similarity": 0.723}]