[{"filename": "4c12i4", "similarity": 1.0}, {"filename": "88ha85", "similarity": 0.9178}, {"filename": "6cyyt6", "similarity": 0.9095}, {"filename": "6ednbc", "similarity": 0.907}, {"filename": "7yvhnn", "similarity": 0.9025}, {"filename": "7qbcqw", "similarity": 0.8957}, {"filename": "6kh3ds", "similarity": 0.8951}, {"filename": "7tp55f", "similarity": 0.8901}, {"filename": "80echz", "similarity": 0.8892}, {"filename": "6h6c7n", "similarity": 0.8839}, {"filename": "6y6m6o", "similarity": 0.8836}, {"filename": "2g54cq", "similarity": 0.8807}, {"filename": "7r0rgu", "similarity": 0.8805}, {"filename": "7qz0zf", "similarity": 0.8783}, {"filename": "7hyyka", "similarity": 0.8776}, {"filename": "6j9pi4", "similarity": 0.8747}, {"filename": "805q79", "similarity": 0.8744}, {"filename": "7xbob9", "similarity": 0.8742}, {"filename": "6uaaig", "similarity": 0.8737}, {"filename": "7zxjo1", "similarity": 0.8729}, {"filename": "6uotwz", "similarity": 0.8718}, {"filename": "6lmlsh", "similarity": 0.8699}, {"filename": "8bqnpi", "similarity": 0.868}, {"filename": "80suna", "similarity": 0.8679}, {"filename": "694o6h", "similarity": 0.8662}, {"filename": "7xxv3g", "similarity": 0.8649}, {"filename": "65utsz", "similarity": 0.8637}, {"filename": "701ec1", "similarity": 0.863}, {"filename": "5wik1c", "similarity": 0.862}, {"filename": "2wod3h", "similarity": 0.8618}]