[{"filename": "4g5t0v", "similarity": 1.0}, {"filename": "7gznqx", "similarity": 0.7289}, {"filename": "7oca37", "similarity": 0.7021}, {"filename": "6w7os8", "similarity": 0.696}, {"filename": "7vvroe", "similarity": 0.6819}, {"filename": "6b8643", "similarity": 0.6756}, {"filename": "7g31hl", "similarity": 0.6712}, {"filename": "86zwky", "similarity": 0.6513}, {"filename": "7jpj4z", "similarity": 0.6505}, {"filename": "7tubvl", "similarity": 0.6463}, {"filename": "8871b5", "similarity": 0.6453}, {"filename": "7gukmp", "similarity": 0.6419}, {"filename": "7qhl2b", "similarity": 0.6407}, {"filename": "861y5f", "similarity": 0.6321}, {"filename": "6kjfxc", "similarity": 0.6314}, {"filename": "82e548", "similarity": 0.6305}, {"filename": "7tcity", "similarity": 0.6296}, {"filename": "7fjkmu", "similarity": 0.6296}, {"filename": "6dyhpc", "similarity": 0.6294}, {"filename": "7aykwe", "similarity": 0.6229}, {"filename": "89jhg9", "similarity": 0.6217}, {"filename": "2ugt2n", "similarity": 0.6197}, {"filename": "7x6imp", "similarity": 0.6188}, {"filename": "6ru09s", "similarity": 0.6149}, {"filename": "7p5r3i", "similarity": 0.6119}, {"filename": "7wnz50", "similarity": 0.6109}, {"filename": "85uehm", "similarity": 0.6103}, {"filename": "7ncmkx", "similarity": 0.6092}, {"filename": "80kt9j", "similarity": 0.6079}, {"filename": "8bm0hc", "similarity": 0.6065}]