[{"filename": "4hvmad", "similarity": 1.0}, {"filename": "7x6sb2", "similarity": 0.737}, {"filename": "7vxydo", "similarity": 0.7171}, {"filename": "5zyeln", "similarity": 0.7022}, {"filename": "89vbg1", "similarity": 0.7008}, {"filename": "7vdxgj", "similarity": 0.6991}, {"filename": "7uz140", "similarity": 0.6988}, {"filename": "813u7o", "similarity": 0.6954}, {"filename": "7zk2o5", "similarity": 0.695}, {"filename": "7t75fl", "similarity": 0.6924}, {"filename": "74uj30", "similarity": 0.692}, {"filename": "5wvf6x", "similarity": 0.6918}, {"filename": "799vyr", "similarity": 0.691}, {"filename": "7li1f4", "similarity": 0.6902}, {"filename": "7wdi8n", "similarity": 0.6897}, {"filename": "644p29", "similarity": 0.6888}, {"filename": "87e4p0", "similarity": 0.6887}, {"filename": "7on3ac", "similarity": 0.6876}, {"filename": "63ko9o", "similarity": 0.6872}, {"filename": "7rhnd1", "similarity": 0.6864}, {"filename": "83ogwn", "similarity": 0.6852}, {"filename": "7x6imp", "similarity": 0.6815}, {"filename": "6lcnf5", "similarity": 0.6804}, {"filename": "7ek4z2", "similarity": 0.6798}, {"filename": "7e9j57", "similarity": 0.6789}, {"filename": "8aaqdw", "similarity": 0.6786}, {"filename": "6uiilj", "similarity": 0.6762}, {"filename": "85jvhs", "similarity": 0.6754}, {"filename": "6ghzlr", "similarity": 0.6751}, {"filename": "7qm4v2", "similarity": 0.6739}]