[{"filename": "4l0c7e", "similarity": 1.0}, {"filename": "6ad5xp", "similarity": 0.6351}, {"filename": "6zqn3d", "similarity": 0.609}, {"filename": "6xr0lb", "similarity": 0.5545}, {"filename": "7i7cm5", "similarity": 0.5541}, {"filename": "7hrfkb", "similarity": 0.5535}, {"filename": "7vjd2n", "similarity": 0.5523}, {"filename": "75zvxs", "similarity": 0.549}, {"filename": "5q9rs5", "similarity": 0.5486}, {"filename": "82tz11", "similarity": 0.5482}, {"filename": "8bwsj2", "similarity": 0.5474}, {"filename": "79zju3", "similarity": 0.5425}, {"filename": "85kqsu", "similarity": 0.5411}, {"filename": "6mgoer", "similarity": 0.5406}, {"filename": "72jsri", "similarity": 0.54}, {"filename": "7kk1g9", "similarity": 0.5386}, {"filename": "7ty05o", "similarity": 0.5382}, {"filename": "7ta3zq", "similarity": 0.537}, {"filename": "6nmku9", "similarity": 0.5367}, {"filename": "7x88fk", "similarity": 0.5349}, {"filename": "88wops", "similarity": 0.5342}, {"filename": "7qd9yt", "similarity": 0.5341}, {"filename": "83p7ov", "similarity": 0.534}, {"filename": "7msepc", "similarity": 0.5335}, {"filename": "7z1rjy", "similarity": 0.5322}, {"filename": "7j5wsn", "similarity": 0.5319}, {"filename": "6u1xb1", "similarity": 0.5311}, {"filename": "86dthn", "similarity": 0.5307}, {"filename": "6586ox", "similarity": 0.5306}, {"filename": "836ank", "similarity": 0.5302}]