[{"filename": "4lq0bb", "similarity": 1.0}, {"filename": "6n5vol", "similarity": 0.6568}, {"filename": "7s51jk", "similarity": 0.6518}, {"filename": "86w5oo", "similarity": 0.645}, {"filename": "6ul56t", "similarity": 0.6182}, {"filename": "6u21ll", "similarity": 0.6108}, {"filename": "6tdbs6", "similarity": 0.6042}, {"filename": "68n28c", "similarity": 0.5951}, {"filename": "7hfz8w", "similarity": 0.5837}, {"filename": "6x8hy2", "similarity": 0.5798}, {"filename": "7r582e", "similarity": 0.5793}, {"filename": "77uuur", "similarity": 0.5781}, {"filename": "7ojnao", "similarity": 0.5749}, {"filename": "72cln5", "similarity": 0.5748}, {"filename": "7gc3v6", "similarity": 0.5731}, {"filename": "6y8tln", "similarity": 0.5716}, {"filename": "7yx9pf", "similarity": 0.5704}, {"filename": "70y8m0", "similarity": 0.5702}, {"filename": "85a9cv", "similarity": 0.5682}, {"filename": "7n4rku", "similarity": 0.5651}, {"filename": "8536qs", "similarity": 0.5647}, {"filename": "7yjwqh", "similarity": 0.5646}, {"filename": "7vwhyi", "similarity": 0.5636}, {"filename": "69wvyg", "similarity": 0.5632}, {"filename": "6p7rmx", "similarity": 0.5595}, {"filename": "3x3bqx", "similarity": 0.5569}, {"filename": "7bv17w", "similarity": 0.5552}, {"filename": "7gt22g", "similarity": 0.5551}, {"filename": "7f3ywc", "similarity": 0.5551}, {"filename": "6rdyst", "similarity": 0.5546}]