[{"filename": "4mkbbr", "similarity": 1.0}, {"filename": "6ax6zi", "similarity": 0.7537}, {"filename": "7d401q", "similarity": 0.727}, {"filename": "64kmpj", "similarity": 0.7135}, {"filename": "817guu", "similarity": 0.6937}, {"filename": "6yu1x3", "similarity": 0.6723}, {"filename": "6h81f0", "similarity": 0.6257}, {"filename": "7tj8p4", "similarity": 0.6232}, {"filename": "6p7at8", "similarity": 0.6193}, {"filename": "7zg9x2", "similarity": 0.6186}, {"filename": "6m4on7", "similarity": 0.6169}, {"filename": "6ht583", "similarity": 0.6123}, {"filename": "81qecl", "similarity": 0.6096}, {"filename": "7zojp5", "similarity": 0.6035}, {"filename": "6u152p", "similarity": 0.6017}, {"filename": "7b4968", "similarity": 0.6014}, {"filename": "3vurw8", "similarity": 0.6014}, {"filename": "75goge", "similarity": 0.6014}, {"filename": "7jb6ra", "similarity": 0.6002}, {"filename": "68sueg", "similarity": 0.5983}, {"filename": "7h8t8p", "similarity": 0.5976}, {"filename": "7eqpoq", "similarity": 0.5946}, {"filename": "746ldz", "similarity": 0.5943}, {"filename": "74ecg8", "similarity": 0.5942}, {"filename": "8abk7r", "similarity": 0.5919}, {"filename": "7zxxkq", "similarity": 0.5918}, {"filename": "7ko3er", "similarity": 0.5914}, {"filename": "6jrqvz", "similarity": 0.5908}, {"filename": "798vdy", "similarity": 0.5899}, {"filename": "8bymy3", "similarity": 0.5886}]