[{"filename": "4n03j2", "similarity": 1.0}, {"filename": "6v4449", "similarity": 0.7616}, {"filename": "82tz11", "similarity": 0.7578}, {"filename": "7yv9xi", "similarity": 0.7544}, {"filename": "64nsa1", "similarity": 0.7383}, {"filename": "6ihqvf", "similarity": 0.734}, {"filename": "6vqf9g", "similarity": 0.7328}, {"filename": "6xr0lb", "similarity": 0.7292}, {"filename": "7vr4t9", "similarity": 0.7268}, {"filename": "877uio", "similarity": 0.7253}, {"filename": "7whlev", "similarity": 0.7244}, {"filename": "34fi1c", "similarity": 0.7239}, {"filename": "75zvxs", "similarity": 0.7226}, {"filename": "7p5r3i", "similarity": 0.721}, {"filename": "6xzxto", "similarity": 0.7208}, {"filename": "7cgigc", "similarity": 0.7207}, {"filename": "83p7ov", "similarity": 0.7204}, {"filename": "7m3077", "similarity": 0.7201}, {"filename": "7iyyyq", "similarity": 0.7189}, {"filename": "7kvxa0", "similarity": 0.7187}, {"filename": "2dxg4j", "similarity": 0.7174}, {"filename": "6xslte", "similarity": 0.7161}, {"filename": "7zp74r", "similarity": 0.7138}, {"filename": "7wp27w", "similarity": 0.7132}, {"filename": "80m4yj", "similarity": 0.713}, {"filename": "57fz1k", "similarity": 0.713}, {"filename": "6y0hku", "similarity": 0.7123}, {"filename": "659xhm", "similarity": 0.7115}, {"filename": "76zs8f", "similarity": 0.7093}, {"filename": "6qgh3m", "similarity": 0.7082}]