[{"filename": "4o833t", "similarity": 1.0}, {"filename": "8az3tp", "similarity": 0.7349}, {"filename": "82357s", "similarity": 0.7252}, {"filename": "7xj7zw", "similarity": 0.7227}, {"filename": "6m810b", "similarity": 0.7217}, {"filename": "7nbmg0", "similarity": 0.7119}, {"filename": "8c0u4i", "similarity": 0.7106}, {"filename": "76r4v9", "similarity": 0.71}, {"filename": "851dx4", "similarity": 0.71}, {"filename": "7lll3r", "similarity": 0.7091}, {"filename": "78b7ee", "similarity": 0.7075}, {"filename": "79c3jl", "similarity": 0.7043}, {"filename": "6xslte", "similarity": 0.7021}, {"filename": "6mdhpg", "similarity": 0.6996}, {"filename": "7vf4xa", "similarity": 0.6996}, {"filename": "6ltb44", "similarity": 0.6984}, {"filename": "7xr3dv", "similarity": 0.6983}, {"filename": "682ghq", "similarity": 0.6972}, {"filename": "6y67ml", "similarity": 0.6963}, {"filename": "6zba5j", "similarity": 0.695}, {"filename": "610uyg", "similarity": 0.6946}, {"filename": "66qxv9", "similarity": 0.693}, {"filename": "6ujfx7", "similarity": 0.6926}, {"filename": "7zmkyb", "similarity": 0.6923}, {"filename": "6xr0lb", "similarity": 0.6921}, {"filename": "7repqv", "similarity": 0.6897}, {"filename": "7vmwg7", "similarity": 0.6893}, {"filename": "7haijt", "similarity": 0.6884}, {"filename": "5xh2j6", "similarity": 0.6882}, {"filename": "70u2w1", "similarity": 0.687}]