[{"filename": "4r886i", "similarity": 1.0}, {"filename": "8alael", "similarity": 0.7213}, {"filename": "74sbot", "similarity": 0.6858}, {"filename": "73tzpe", "similarity": 0.6808}, {"filename": "80ppdt", "similarity": 0.6687}, {"filename": "7v3696", "similarity": 0.6622}, {"filename": "7btrhb", "similarity": 0.6618}, {"filename": "7pxzx0", "similarity": 0.6604}, {"filename": "67uw7a", "similarity": 0.6568}, {"filename": "6zr2d1", "similarity": 0.6568}, {"filename": "7l8d84", "similarity": 0.6557}, {"filename": "8by5s6", "similarity": 0.6541}, {"filename": "8c4c1n", "similarity": 0.6504}, {"filename": "70bcaf", "similarity": 0.6499}, {"filename": "7ivcuz", "similarity": 0.6488}, {"filename": "76bgtf", "similarity": 0.6487}, {"filename": "6wxcsj", "similarity": 0.6467}, {"filename": "7vz59p", "similarity": 0.6456}, {"filename": "6u152p", "similarity": 0.6444}, {"filename": "6gzee7", "similarity": 0.6437}, {"filename": "6ci259", "similarity": 0.6436}, {"filename": "86zqdp", "similarity": 0.6434}, {"filename": "79140k", "similarity": 0.6432}, {"filename": "81tsp4", "similarity": 0.643}, {"filename": "7qfguq", "similarity": 0.6424}, {"filename": "6n10qg", "similarity": 0.6419}, {"filename": "6bv1z3", "similarity": 0.6414}, {"filename": "8c1zjk", "similarity": 0.6408}, {"filename": "7fjkmu", "similarity": 0.6403}, {"filename": "7b4968", "similarity": 0.6402}]