[{"filename": "4sz1mn", "similarity": 1.0}, {"filename": "82cyxw", "similarity": 0.7252}, {"filename": "6d26ic", "similarity": 0.7227}, {"filename": "69l8rb", "similarity": 0.7136}, {"filename": "6gzfra", "similarity": 0.7125}, {"filename": "64xo1a", "similarity": 0.7101}, {"filename": "6goraj", "similarity": 0.7019}, {"filename": "7kuh9z", "similarity": 0.701}, {"filename": "7y7qhh", "similarity": 0.6998}, {"filename": "6cbdhv", "similarity": 0.6984}, {"filename": "78r5t9", "similarity": 0.6931}, {"filename": "7x8lih", "similarity": 0.6926}, {"filename": "845dzi", "similarity": 0.6915}, {"filename": "7ksggs", "similarity": 0.69}, {"filename": "8c1qa5", "similarity": 0.6894}, {"filename": "6ag0ao", "similarity": 0.6854}, {"filename": "87muum", "similarity": 0.6812}, {"filename": "7whlev", "similarity": 0.6794}, {"filename": "7nbmg0", "similarity": 0.6789}, {"filename": "7kn24f", "similarity": 0.6765}, {"filename": "76ytpe", "similarity": 0.6762}, {"filename": "83deug", "similarity": 0.676}, {"filename": "89c6vn", "similarity": 0.676}, {"filename": "64tivo", "similarity": 0.676}, {"filename": "7pf9v8", "similarity": 0.6751}, {"filename": "6ibpgx", "similarity": 0.6736}, {"filename": "88y8vq", "similarity": 0.6732}, {"filename": "876z6t", "similarity": 0.6714}, {"filename": "6m09ll", "similarity": 0.6713}, {"filename": "81h6t0", "similarity": 0.6712}]