[{"filename": "4ujx4d", "similarity": 1.0}, {"filename": "76ytpe", "similarity": 0.7957}, {"filename": "6kmgj8", "similarity": 0.7586}, {"filename": "70guna", "similarity": 0.7346}, {"filename": "7dtqxu", "similarity": 0.7281}, {"filename": "76zs8f", "similarity": 0.7179}, {"filename": "891an6", "similarity": 0.7112}, {"filename": "7kn24f", "similarity": 0.711}, {"filename": "3o00ad", "similarity": 0.699}, {"filename": "7nfqjx", "similarity": 0.696}, {"filename": "6fifua", "similarity": 0.694}, {"filename": "6mjkh6", "similarity": 0.6874}, {"filename": "6hzplr", "similarity": 0.6837}, {"filename": "7coair", "similarity": 0.6817}, {"filename": "64k96k", "similarity": 0.6808}, {"filename": "6ag0ao", "similarity": 0.6783}, {"filename": "81h6t0", "similarity": 0.6776}, {"filename": "6fu7xz", "similarity": 0.6753}, {"filename": "5wte5s", "similarity": 0.6716}, {"filename": "64tivo", "similarity": 0.6677}, {"filename": "7m3077", "similarity": 0.6677}, {"filename": "7xr3dv", "similarity": 0.6637}, {"filename": "6v4449", "similarity": 0.6611}, {"filename": "6hwupi", "similarity": 0.6583}, {"filename": "7yghnm", "similarity": 0.6574}, {"filename": "7l8pxp", "similarity": 0.6546}, {"filename": "6htom4", "similarity": 0.6517}, {"filename": "75he00", "similarity": 0.6468}, {"filename": "82hxeo", "similarity": 0.6465}, {"filename": "78so15", "similarity": 0.646}]