[{"filename": "4vn1wc", "similarity": 1.0}, {"filename": "6dgrzh", "similarity": 0.7335}, {"filename": "8aht8g", "similarity": 0.6439}, {"filename": "7n4rku", "similarity": 0.626}, {"filename": "7haijt", "similarity": 0.6179}, {"filename": "6pyc24", "similarity": 0.6152}, {"filename": "77n2kc", "similarity": 0.6078}, {"filename": "8av4gy", "similarity": 0.6078}, {"filename": "7ri0bi", "similarity": 0.6075}, {"filename": "7vjd2n", "similarity": 0.606}, {"filename": "8bwsj2", "similarity": 0.6058}, {"filename": "72amem", "similarity": 0.6045}, {"filename": "7i9499", "similarity": 0.6044}, {"filename": "7f62cg", "similarity": 0.6042}, {"filename": "8aqi20", "similarity": 0.6021}, {"filename": "76p702", "similarity": 0.602}, {"filename": "870san", "similarity": 0.6018}, {"filename": "6mvikj", "similarity": 0.6007}, {"filename": "7uryha", "similarity": 0.5997}, {"filename": "7jy1s0", "similarity": 0.599}, {"filename": "7jti9y", "similarity": 0.5978}, {"filename": "6njmah", "similarity": 0.5977}, {"filename": "6xslte", "similarity": 0.5972}, {"filename": "74ecg8", "similarity": 0.5971}, {"filename": "5ofwqz", "similarity": 0.597}, {"filename": "73cufe", "similarity": 0.5959}, {"filename": "6q2p5y", "similarity": 0.5953}, {"filename": "7p8ztz", "similarity": 0.5947}, {"filename": "6q2pbf", "similarity": 0.5944}, {"filename": "5xzz65", "similarity": 0.5933}]