[{"filename": "4vq7rj", "similarity": 1.0}, {"filename": "7844po", "similarity": 0.7078}, {"filename": "6ohxty", "similarity": 0.7076}, {"filename": "872w7m", "similarity": 0.7076}, {"filename": "80vncl", "similarity": 0.7035}, {"filename": "6ltb44", "similarity": 0.6974}, {"filename": "6l9ieh", "similarity": 0.6938}, {"filename": "7vf4xa", "similarity": 0.6907}, {"filename": "6enpol", "similarity": 0.6829}, {"filename": "7lv9rh", "similarity": 0.6781}, {"filename": "6g7079", "similarity": 0.6736}, {"filename": "7hyr1s", "similarity": 0.6704}, {"filename": "7ajlug", "similarity": 0.6676}, {"filename": "7haijt", "similarity": 0.6671}, {"filename": "5vpore", "similarity": 0.6651}, {"filename": "84su90", "similarity": 0.6649}, {"filename": "7uryha", "similarity": 0.6643}, {"filename": "735p0m", "similarity": 0.6639}, {"filename": "7cn0vu", "similarity": 0.6637}, {"filename": "79o037", "similarity": 0.663}, {"filename": "6xslte", "similarity": 0.663}, {"filename": "72dhsc", "similarity": 0.6621}, {"filename": "7cppoy", "similarity": 0.6618}, {"filename": "7873q9", "similarity": 0.6609}, {"filename": "6yesy7", "similarity": 0.6593}, {"filename": "6k72kv", "similarity": 0.659}, {"filename": "7pbhh9", "similarity": 0.6588}, {"filename": "6y0hku", "similarity": 0.6585}, {"filename": "6889ww", "similarity": 0.6578}, {"filename": "86gxq7", "similarity": 0.6571}]