[{"filename": "4vvxoj", "similarity": 1.0}, {"filename": "6yesy7", "similarity": 0.6923}, {"filename": "7wsm6s", "similarity": 0.6704}, {"filename": "70go50", "similarity": 0.6679}, {"filename": "7wp27w", "similarity": 0.6677}, {"filename": "76xa7f", "similarity": 0.6643}, {"filename": "6njmah", "similarity": 0.6619}, {"filename": "8545a0", "similarity": 0.6596}, {"filename": "7haijt", "similarity": 0.6592}, {"filename": "7fb35k", "similarity": 0.6577}, {"filename": "6u1xb1", "similarity": 0.652}, {"filename": "7tejvm", "similarity": 0.6519}, {"filename": "7szw80", "similarity": 0.6447}, {"filename": "81cuia", "similarity": 0.6423}, {"filename": "7kjxl9", "similarity": 0.6416}, {"filename": "85ksdy", "similarity": 0.6406}, {"filename": "7uryha", "similarity": 0.6404}, {"filename": "7ulthr", "similarity": 0.6403}, {"filename": "6aig8e", "similarity": 0.6402}, {"filename": "6zde3s", "similarity": 0.6401}, {"filename": "7dxpxt", "similarity": 0.6387}, {"filename": "6mvikj", "similarity": 0.6374}, {"filename": "83tato", "similarity": 0.6366}, {"filename": "6uiilj", "similarity": 0.6351}, {"filename": "78wn2r", "similarity": 0.635}, {"filename": "6msu80", "similarity": 0.6342}, {"filename": "8bhizo", "similarity": 0.6332}, {"filename": "6o6f22", "similarity": 0.6323}, {"filename": "7yx9pf", "similarity": 0.6302}, {"filename": "71l0xt", "similarity": 0.6289}]