[{"filename": "4yfw74", "similarity": 1.0}, {"filename": "71l0xt", "similarity": 0.7306}, {"filename": "64qlrf", "similarity": 0.7272}, {"filename": "7wsm6s", "similarity": 0.7252}, {"filename": "7che49", "similarity": 0.7236}, {"filename": "5q9rs5", "similarity": 0.7194}, {"filename": "79ug79", "similarity": 0.7173}, {"filename": "7g18cy", "similarity": 0.7152}, {"filename": "7yx1xc", "similarity": 0.7142}, {"filename": "7p02i4", "similarity": 0.7077}, {"filename": "78wn2r", "similarity": 0.7076}, {"filename": "75bxvi", "similarity": 0.7064}, {"filename": "72tsx3", "similarity": 0.7064}, {"filename": "6vx5pd", "similarity": 0.7029}, {"filename": "73lhor", "similarity": 0.7017}, {"filename": "7pbhh9", "similarity": 0.7013}, {"filename": "74oqfs", "similarity": 0.6997}, {"filename": "6u1xb1", "similarity": 0.6995}, {"filename": "7uieq2", "similarity": 0.6967}, {"filename": "8bp25n", "similarity": 0.6961}, {"filename": "6xslte", "similarity": 0.6948}, {"filename": "7r9zam", "similarity": 0.6947}, {"filename": "88hcjq", "similarity": 0.6944}, {"filename": "5x6660", "similarity": 0.6943}, {"filename": "6e78d6", "similarity": 0.6934}, {"filename": "7yyyje", "similarity": 0.6926}, {"filename": "6ys8ot", "similarity": 0.6921}, {"filename": "7tejvm", "similarity": 0.6914}, {"filename": "6s67yv", "similarity": 0.6899}, {"filename": "8ai500", "similarity": 0.6891}]