[{"filename": "4zpqce", "similarity": 1.0}, {"filename": "891an6", "similarity": 0.7472}, {"filename": "804ft2", "similarity": 0.7175}, {"filename": "7xymra", "similarity": 0.7021}, {"filename": "76ytpe", "similarity": 0.7}, {"filename": "7xr3dv", "similarity": 0.6869}, {"filename": "83yt5e", "similarity": 0.6771}, {"filename": "83d47l", "similarity": 0.6731}, {"filename": "7qst8m", "similarity": 0.6653}, {"filename": "7kuh9z", "similarity": 0.659}, {"filename": "7w3er2", "similarity": 0.6545}, {"filename": "5wte5s", "similarity": 0.6503}, {"filename": "64tivo", "similarity": 0.6468}, {"filename": "83t282", "similarity": 0.6437}, {"filename": "5gf6j8", "similarity": 0.643}, {"filename": "7ksggs", "similarity": 0.6334}, {"filename": "8c1qa5", "similarity": 0.6302}, {"filename": "7tdp5w", "similarity": 0.6297}, {"filename": "7oqoo0", "similarity": 0.6294}, {"filename": "7g5usx", "similarity": 0.6281}, {"filename": "6j8o0r", "similarity": 0.627}, {"filename": "6hwupi", "similarity": 0.6252}, {"filename": "7kn24f", "similarity": 0.6248}, {"filename": "71kcps", "similarity": 0.6233}, {"filename": "81h6t0", "similarity": 0.6231}, {"filename": "7ydfb7", "similarity": 0.6218}, {"filename": "6goraj", "similarity": 0.6199}, {"filename": "7zwb5o", "similarity": 0.6194}, {"filename": "74at2n", "similarity": 0.6192}, {"filename": "6ptndk", "similarity": 0.6185}]