[{"filename": "50bm0e", "similarity": 1.0}, {"filename": "7ehypp", "similarity": 0.714}, {"filename": "661q07", "similarity": 0.7066}, {"filename": "7v624o", "similarity": 0.7008}, {"filename": "6ckjmn", "similarity": 0.6973}, {"filename": "6gisvm", "similarity": 0.6916}, {"filename": "72666v", "similarity": 0.6905}, {"filename": "7n83ln", "similarity": 0.6892}, {"filename": "734ngt", "similarity": 0.6847}, {"filename": "73lhor", "similarity": 0.6826}, {"filename": "7f62cg", "similarity": 0.6797}, {"filename": "7z4vhl", "similarity": 0.6796}, {"filename": "7o7d5t", "similarity": 0.6726}, {"filename": "6qvdgy", "similarity": 0.6703}, {"filename": "77wn7x", "similarity": 0.6697}, {"filename": "7g18cy", "similarity": 0.6668}, {"filename": "805ac2", "similarity": 0.6654}, {"filename": "6o7ubb", "similarity": 0.6651}, {"filename": "7qjbn8", "similarity": 0.6636}, {"filename": "6y0hku", "similarity": 0.6625}, {"filename": "7pngnm", "similarity": 0.6615}, {"filename": "81w9vk", "similarity": 0.6596}, {"filename": "74eutg", "similarity": 0.6592}, {"filename": "813ssk", "similarity": 0.6587}, {"filename": "64wync", "similarity": 0.6564}, {"filename": "7z5lq3", "similarity": 0.6564}, {"filename": "6ldzxu", "similarity": 0.6555}, {"filename": "7iyyyq", "similarity": 0.6555}, {"filename": "7e79v0", "similarity": 0.6536}, {"filename": "6z9rhr", "similarity": 0.6535}]