[{"filename": "51gyvc", "similarity": 1.0}, {"filename": "74at2n", "similarity": 0.723}, {"filename": "6nv85z", "similarity": 0.7048}, {"filename": "7nbmg0", "similarity": 0.6986}, {"filename": "75uzjo", "similarity": 0.6964}, {"filename": "6axb43", "similarity": 0.6945}, {"filename": "7y0uz4", "similarity": 0.6941}, {"filename": "75v1x2", "similarity": 0.6926}, {"filename": "6pyc24", "similarity": 0.6921}, {"filename": "81cgxo", "similarity": 0.6913}, {"filename": "6l6jbv", "similarity": 0.6907}, {"filename": "76m13w", "similarity": 0.6902}, {"filename": "7ajlug", "similarity": 0.6894}, {"filename": "85uqhq", "similarity": 0.6889}, {"filename": "7pbhh9", "similarity": 0.6879}, {"filename": "610uyg", "similarity": 0.687}, {"filename": "80nma3", "similarity": 0.6868}, {"filename": "69n5j9", "similarity": 0.6865}, {"filename": "6wqefx", "similarity": 0.6864}, {"filename": "87ulnx", "similarity": 0.6862}, {"filename": "89nxd5", "similarity": 0.6845}, {"filename": "78b7ee", "similarity": 0.6843}, {"filename": "6l9ieh", "similarity": 0.6841}, {"filename": "6nkdii", "similarity": 0.6829}, {"filename": "6te9fv", "similarity": 0.6824}, {"filename": "7je686", "similarity": 0.6818}, {"filename": "7z3nlc", "similarity": 0.6815}, {"filename": "7qfguq", "similarity": 0.6811}, {"filename": "6n10qg", "similarity": 0.6805}, {"filename": "7evkia", "similarity": 0.679}]