[{"filename": "51xh6y", "similarity": 1.0}, {"filename": "89pmp1", "similarity": 0.6505}, {"filename": "83emg7", "similarity": 0.6386}, {"filename": "86v73h", "similarity": 0.6303}, {"filename": "871ith", "similarity": 0.6189}, {"filename": "7g18cy", "similarity": 0.6131}, {"filename": "7ppvqw", "similarity": 0.605}, {"filename": "6bpm0o", "similarity": 0.5908}, {"filename": "5jy6j5", "similarity": 0.5815}, {"filename": "7x88fk", "similarity": 0.5806}, {"filename": "7i9499", "similarity": 0.5778}, {"filename": "5z4kzq", "similarity": 0.5766}, {"filename": "72yhfh", "similarity": 0.5764}, {"filename": "6s67yv", "similarity": 0.5764}, {"filename": "6v4449", "similarity": 0.5747}, {"filename": "7wp27w", "similarity": 0.5733}, {"filename": "8545a0", "similarity": 0.5731}, {"filename": "7ulthr", "similarity": 0.5727}, {"filename": "6j0vae", "similarity": 0.5725}, {"filename": "67x5wd", "similarity": 0.5715}, {"filename": "7q5gx6", "similarity": 0.5715}, {"filename": "7uryha", "similarity": 0.5714}, {"filename": "6xzxto", "similarity": 0.5711}, {"filename": "6msu80", "similarity": 0.5711}, {"filename": "7uieq2", "similarity": 0.5707}, {"filename": "76ioq2", "similarity": 0.5704}, {"filename": "7qjbn8", "similarity": 0.5704}, {"filename": "88vni9", "similarity": 0.5688}, {"filename": "6zk93p", "similarity": 0.5676}, {"filename": "85zcnv", "similarity": 0.5674}]