[{"filename": "53ckgb", "similarity": 1.0}, {"filename": "61f7gj", "similarity": 1.0}, {"filename": "61fd62", "similarity": 1.0}, {"filename": "6i1vmg", "similarity": 1.0}, {"filename": "6iku7j", "similarity": 1.0}, {"filename": "6o8hil", "similarity": 1.0}, {"filename": "716pyi", "similarity": 1.0}, {"filename": "71yo3j", "similarity": 1.0}, {"filename": "7qitpu", "similarity": 1.0}, {"filename": "7ls5jz", "similarity": 0.8097}, {"filename": "6pbi0f", "similarity": 0.7907}, {"filename": "65spo9", "similarity": 0.7767}, {"filename": "6op5td", "similarity": 0.7688}, {"filename": "7b8ec6", "similarity": 0.7673}, {"filename": "7o2odz", "similarity": 0.7649}, {"filename": "7mkihv", "similarity": 0.7613}, {"filename": "7ksoks", "similarity": 0.755}, {"filename": "82nc00", "similarity": 0.7481}, {"filename": "83ekls", "similarity": 0.7438}, {"filename": "7hgq0j", "similarity": 0.7356}, {"filename": "7ztxmg", "similarity": 0.7337}, {"filename": "626ec6", "similarity": 0.7329}, {"filename": "8070t1", "similarity": 0.7267}, {"filename": "81cfzm", "similarity": 0.7247}, {"filename": "6fywgb", "similarity": 0.7242}, {"filename": "6b3pmb", "similarity": 0.7229}, {"filename": "81sqby", "similarity": 0.7229}, {"filename": "7mefns", "similarity": 0.7227}, {"filename": "7pui3d", "similarity": 0.7147}, {"filename": "76dc4q", "similarity": 0.7141}]