[{"filename": "53szre", "similarity": 1.0}, {"filename": "87agu2", "similarity": 0.6507}, {"filename": "68evxl", "similarity": 0.6477}, {"filename": "5h29b2", "similarity": 0.6472}, {"filename": "7n2ewb", "similarity": 0.6401}, {"filename": "7mxv7b", "similarity": 0.607}, {"filename": "7hbfc3", "similarity": 0.6069}, {"filename": "86k6bi", "similarity": 0.5955}, {"filename": "7yqr9s", "similarity": 0.5883}, {"filename": "659xhm", "similarity": 0.5878}, {"filename": "6glf08", "similarity": 0.5877}, {"filename": "83p89a", "similarity": 0.5837}, {"filename": "7ajlug", "similarity": 0.5771}, {"filename": "2msrcz", "similarity": 0.5756}, {"filename": "7g6u1o", "similarity": 0.5707}, {"filename": "7bp8mm", "similarity": 0.5697}, {"filename": "6h0lq4", "similarity": 0.5686}, {"filename": "67cln3", "similarity": 0.5664}, {"filename": "72aquz", "similarity": 0.5663}, {"filename": "8bjae3", "similarity": 0.5657}, {"filename": "89d3cs", "similarity": 0.5651}, {"filename": "80ee8v", "similarity": 0.5643}, {"filename": "6q7bsq", "similarity": 0.5643}, {"filename": "7n7qnh", "similarity": 0.5635}, {"filename": "5eipxx", "similarity": 0.5622}, {"filename": "6gk6aq", "similarity": 0.5608}, {"filename": "7j5wsn", "similarity": 0.5598}, {"filename": "8bccii", "similarity": 0.5582}, {"filename": "6xnoql", "similarity": 0.5579}, {"filename": "6p5utv", "similarity": 0.5555}]