[{"filename": "5501pr", "similarity": 1.0}, {"filename": "6oypom", "similarity": 0.7695}, {"filename": "65bak5", "similarity": 0.684}, {"filename": "7v4ofv", "similarity": 0.6743}, {"filename": "83h7cr", "similarity": 0.6516}, {"filename": "7kbtkt", "similarity": 0.6389}, {"filename": "76e06a", "similarity": 0.6368}, {"filename": "7j5wsn", "similarity": 0.6358}, {"filename": "64pzpi", "similarity": 0.6315}, {"filename": "7j3gm6", "similarity": 0.6306}, {"filename": "7x88fk", "similarity": 0.6299}, {"filename": "857k07", "similarity": 0.6288}, {"filename": "7vuzzg", "similarity": 0.6264}, {"filename": "6586ox", "similarity": 0.6254}, {"filename": "73cufe", "similarity": 0.6237}, {"filename": "7pox2b", "similarity": 0.6225}, {"filename": "8aqrd3", "similarity": 0.6219}, {"filename": "7t75fl", "similarity": 0.6217}, {"filename": "3x3bqx", "similarity": 0.6171}, {"filename": "6gkhya", "similarity": 0.6161}, {"filename": "7qfguq", "similarity": 0.6153}, {"filename": "6mdhpg", "similarity": 0.6135}, {"filename": "89vbg1", "similarity": 0.6133}, {"filename": "7x6sb2", "similarity": 0.6126}, {"filename": "5zopsf", "similarity": 0.6121}, {"filename": "6jla9o", "similarity": 0.6116}, {"filename": "7n15y3", "similarity": 0.6114}, {"filename": "81cgoc", "similarity": 0.6107}, {"filename": "6njmah", "similarity": 0.6103}, {"filename": "824se7", "similarity": 0.6101}]