[{"filename": "56h87o", "similarity": 1.0}, {"filename": "86a9rb", "similarity": 0.8466}, {"filename": "85r3r8", "similarity": 0.8327}, {"filename": "7wtsxz", "similarity": 0.8213}, {"filename": "8bvet6", "similarity": 0.8193}, {"filename": "7h62yh", "similarity": 0.8155}, {"filename": "742v3o", "similarity": 0.8152}, {"filename": "5cqpm4", "similarity": 0.8142}, {"filename": "7yuxeb", "similarity": 0.8142}, {"filename": "83mewc", "similarity": 0.8098}, {"filename": "85bfny", "similarity": 0.8089}, {"filename": "6zjcpo", "similarity": 0.8088}, {"filename": "6ms6r0", "similarity": 0.8087}, {"filename": "6ca8c2", "similarity": 0.807}, {"filename": "6ajgjc", "similarity": 0.8025}, {"filename": "84nug0", "similarity": 0.8001}, {"filename": "7xiji5", "similarity": 0.8}, {"filename": "71s6g5", "similarity": 0.7997}, {"filename": "5xvu22", "similarity": 0.7971}, {"filename": "6jlf3y", "similarity": 0.7971}, {"filename": "6mzc54", "similarity": 0.7957}, {"filename": "6ef1y9", "similarity": 0.7952}, {"filename": "7uwxmc", "similarity": 0.7947}, {"filename": "7vsye0", "similarity": 0.7933}, {"filename": "7dcoel", "similarity": 0.7928}, {"filename": "6g0b1s", "similarity": 0.7927}, {"filename": "799ynr", "similarity": 0.7901}, {"filename": "824e09", "similarity": 0.7887}, {"filename": "6r46h4", "similarity": 0.7886}, {"filename": "88jf9g", "similarity": 0.7882}]