[{"filename": "56qdez", "similarity": 1.0}, {"filename": "6qtqaj", "similarity": 0.9268}, {"filename": "6r45yj", "similarity": 0.9136}, {"filename": "6prl7d", "similarity": 0.9096}, {"filename": "5xmw8j", "similarity": 0.8829}, {"filename": "6sla0d", "similarity": 0.8452}, {"filename": "6sbhhg", "similarity": 0.8384}, {"filename": "84x373", "similarity": 0.8266}, {"filename": "621plf", "similarity": 0.8254}, {"filename": "79140k", "similarity": 0.8233}, {"filename": "84mn8q", "similarity": 0.8173}, {"filename": "7ivcuz", "similarity": 0.8168}, {"filename": "7pp195", "similarity": 0.8152}, {"filename": "8c4c1n", "similarity": 0.8075}, {"filename": "6rck70", "similarity": 0.8061}, {"filename": "6m6ijv", "similarity": 0.8033}, {"filename": "6r5mz9", "similarity": 0.7937}, {"filename": "7sbbwt", "similarity": 0.7929}, {"filename": "88sauz", "similarity": 0.7924}, {"filename": "70s4nk", "similarity": 0.7923}, {"filename": "88rflu", "similarity": 0.7921}, {"filename": "742hob", "similarity": 0.7881}, {"filename": "65vkr7", "similarity": 0.7872}, {"filename": "6qx24u", "similarity": 0.7862}, {"filename": "636zxe", "similarity": 0.7838}, {"filename": "84z0kc", "similarity": 0.7826}, {"filename": "5ycqw0", "similarity": 0.7792}, {"filename": "6f6rdl", "similarity": 0.7781}, {"filename": "74sbot", "similarity": 0.7772}, {"filename": "7yc681", "similarity": 0.7757}]