[{"filename": "56z1cz", "similarity": 1.0}, {"filename": "7uryha", "similarity": 0.7413}, {"filename": "6zf56f", "similarity": 0.7352}, {"filename": "7rhnd1", "similarity": 0.7328}, {"filename": "871ith", "similarity": 0.7302}, {"filename": "68me7o", "similarity": 0.7253}, {"filename": "74oqfs", "similarity": 0.7214}, {"filename": "75gt6r", "similarity": 0.7195}, {"filename": "70dbd2", "similarity": 0.7189}, {"filename": "85ksdy", "similarity": 0.7181}, {"filename": "813u7o", "similarity": 0.7175}, {"filename": "7oi2bw", "similarity": 0.7171}, {"filename": "7p5r3i", "similarity": 0.7151}, {"filename": "628vmo", "similarity": 0.7146}, {"filename": "7836pp", "similarity": 0.7141}, {"filename": "85rz6p", "similarity": 0.7141}, {"filename": "7053ed", "similarity": 0.7111}, {"filename": "68gtkq", "similarity": 0.7107}, {"filename": "7jy1s0", "similarity": 0.7086}, {"filename": "7t75fl", "similarity": 0.7085}, {"filename": "7zk2o5", "similarity": 0.7082}, {"filename": "7jti9y", "similarity": 0.7079}, {"filename": "7ta3zq", "similarity": 0.7072}, {"filename": "653bdt", "similarity": 0.7064}, {"filename": "8545a0", "similarity": 0.706}, {"filename": "7jbryf", "similarity": 0.7056}, {"filename": "6y0hku", "similarity": 0.7051}, {"filename": "7akjya", "similarity": 0.7049}, {"filename": "6t5y75", "similarity": 0.7043}, {"filename": "6xslte", "similarity": 0.7042}]