[{"filename": "573r2d", "similarity": 1.0}, {"filename": "6y67ml", "similarity": 0.7539}, {"filename": "84su90", "similarity": 0.7339}, {"filename": "81qjgq", "similarity": 0.7332}, {"filename": "85b55s", "similarity": 0.7306}, {"filename": "7uwxmc", "similarity": 0.7274}, {"filename": "76xsjt", "similarity": 0.727}, {"filename": "5zb2yw", "similarity": 0.7268}, {"filename": "7wl1z6", "similarity": 0.7231}, {"filename": "8208vm", "similarity": 0.7198}, {"filename": "6goraj", "similarity": 0.7122}, {"filename": "6ggaih", "similarity": 0.7122}, {"filename": "86gxq7", "similarity": 0.7099}, {"filename": "64xo1a", "similarity": 0.7081}, {"filename": "81h6t0", "similarity": 0.7078}, {"filename": "75wzne", "similarity": 0.7066}, {"filename": "7vsye0", "similarity": 0.7049}, {"filename": "7zmvs5", "similarity": 0.7048}, {"filename": "6jlf3y", "similarity": 0.7046}, {"filename": "66gica", "similarity": 0.7043}, {"filename": "7vf4xa", "similarity": 0.7041}, {"filename": "6so8mf", "similarity": 0.7038}, {"filename": "7vwfdl", "similarity": 0.7029}, {"filename": "847hox", "similarity": 0.7026}, {"filename": "7iifli", "similarity": 0.7015}, {"filename": "8axkz9", "similarity": 0.6995}, {"filename": "88y8vq", "similarity": 0.6985}, {"filename": "6e0har", "similarity": 0.6972}, {"filename": "7lv9rh", "similarity": 0.6969}, {"filename": "701m3b", "similarity": 0.6962}]