[{"filename": "576tfq", "similarity": 1.0}, {"filename": "7wsm6s", "similarity": 0.7219}, {"filename": "7u02wz", "similarity": 0.7213}, {"filename": "6fh6e2", "similarity": 0.7171}, {"filename": "815act", "similarity": 0.717}, {"filename": "77zd6d", "similarity": 0.7155}, {"filename": "7kjxl9", "similarity": 0.7117}, {"filename": "63qpp0", "similarity": 0.7077}, {"filename": "7a831r", "similarity": 0.6987}, {"filename": "8as66c", "similarity": 0.697}, {"filename": "82010j", "similarity": 0.6968}, {"filename": "63k6mh", "similarity": 0.6936}, {"filename": "7vmuz7", "similarity": 0.6917}, {"filename": "845o5g", "similarity": 0.6913}, {"filename": "6lca4i", "similarity": 0.689}, {"filename": "7a326f", "similarity": 0.6888}, {"filename": "6njmah", "similarity": 0.6876}, {"filename": "6dn5rj", "similarity": 0.687}, {"filename": "6tvecu", "similarity": 0.6867}, {"filename": "6t4exa", "similarity": 0.6865}, {"filename": "8c18nd", "similarity": 0.6859}, {"filename": "5xgvo6", "similarity": 0.6859}, {"filename": "85kqsu", "similarity": 0.6855}, {"filename": "7xy33f", "similarity": 0.6842}, {"filename": "7uieq2", "similarity": 0.6829}, {"filename": "6if78k", "similarity": 0.6827}, {"filename": "7x6sb2", "similarity": 0.6822}, {"filename": "7ygauq", "similarity": 0.6814}, {"filename": "7qfguq", "similarity": 0.681}, {"filename": "6pyc24", "similarity": 0.6809}]