[{"filename": "57fz1k", "similarity": 1.0}, {"filename": "7ar2wq", "similarity": 0.7502}, {"filename": "34fi1c", "similarity": 0.7494}, {"filename": "7t75fl", "similarity": 0.7483}, {"filename": "7300vx", "similarity": 0.7474}, {"filename": "7n9j3b", "similarity": 0.7462}, {"filename": "7pox2b", "similarity": 0.7459}, {"filename": "7qfguq", "similarity": 0.7421}, {"filename": "64dh9i", "similarity": 0.7388}, {"filename": "63k6mh", "similarity": 0.7384}, {"filename": "7whlev", "similarity": 0.7368}, {"filename": "6axb43", "similarity": 0.7352}, {"filename": "7r1fwu", "similarity": 0.7309}, {"filename": "6lfnnb", "similarity": 0.7289}, {"filename": "77dcmc", "similarity": 0.7287}, {"filename": "6nmgaw", "similarity": 0.7276}, {"filename": "6yohh7", "similarity": 0.7261}, {"filename": "80ppdt", "similarity": 0.7257}, {"filename": "6urxrm", "similarity": 0.7249}, {"filename": "7gt22g", "similarity": 0.7247}, {"filename": "7jbryf", "similarity": 0.7236}, {"filename": "6wi37k", "similarity": 0.7227}, {"filename": "8881kd", "similarity": 0.7225}, {"filename": "68f2vk", "similarity": 0.7221}, {"filename": "74t4md", "similarity": 0.722}, {"filename": "7a2gdw", "similarity": 0.7213}, {"filename": "6l6jbv", "similarity": 0.7208}, {"filename": "89swch", "similarity": 0.7203}, {"filename": "7oi2bw", "similarity": 0.7197}, {"filename": "85xpmy", "similarity": 0.7185}]