[{"filename": "57llud", "similarity": 1.0}, {"filename": "6ykn7w", "similarity": 0.7865}, {"filename": "75ce2o", "similarity": 0.7844}, {"filename": "653bdt", "similarity": 0.7792}, {"filename": "65vn0c", "similarity": 0.7784}, {"filename": "6wi37k", "similarity": 0.7775}, {"filename": "7urxui", "similarity": 0.7717}, {"filename": "7yhwko", "similarity": 0.7709}, {"filename": "681sxi", "similarity": 0.7688}, {"filename": "7q0yxn", "similarity": 0.7677}, {"filename": "8c1zjk", "similarity": 0.767}, {"filename": "7c6adh", "similarity": 0.7666}, {"filename": "6te9fv", "similarity": 0.7644}, {"filename": "7oesnc", "similarity": 0.7639}, {"filename": "7oyzhj", "similarity": 0.7638}, {"filename": "6zeefg", "similarity": 0.762}, {"filename": "7o7hn8", "similarity": 0.7607}, {"filename": "68bi5k", "similarity": 0.7607}, {"filename": "7b5419", "similarity": 0.7594}, {"filename": "71xtda", "similarity": 0.7593}, {"filename": "6697tp", "similarity": 0.7588}, {"filename": "80ppdt", "similarity": 0.7583}, {"filename": "7qfguq", "similarity": 0.7578}, {"filename": "777dq8", "similarity": 0.7572}, {"filename": "64x971", "similarity": 0.7564}, {"filename": "72eue8", "similarity": 0.7562}, {"filename": "77zd6d", "similarity": 0.7555}, {"filename": "8bm0hc", "similarity": 0.755}, {"filename": "7yc681", "similarity": 0.7542}, {"filename": "34fi1c", "similarity": 0.7534}]