[{"filename": "57y1go", "similarity": 1.0}, {"filename": "6hm1a5", "similarity": 0.7502}, {"filename": "7h5vl2", "similarity": 0.7459}, {"filename": "6h5tlt", "similarity": 0.743}, {"filename": "7akjya", "similarity": 0.7099}, {"filename": "7skvd1", "similarity": 0.7021}, {"filename": "83ogwn", "similarity": 0.7016}, {"filename": "8b1pgt", "similarity": 0.6932}, {"filename": "6tloib", "similarity": 0.693}, {"filename": "7s7ig0", "similarity": 0.6923}, {"filename": "84c77w", "similarity": 0.6921}, {"filename": "7rt3gk", "similarity": 0.6917}, {"filename": "813u7o", "similarity": 0.691}, {"filename": "5ts0u0", "similarity": 0.69}, {"filename": "75cc81", "similarity": 0.6879}, {"filename": "7tcade", "similarity": 0.684}, {"filename": "7wcnzz", "similarity": 0.6821}, {"filename": "5oi9ua", "similarity": 0.6811}, {"filename": "6e25c5", "similarity": 0.68}, {"filename": "7456ky", "similarity": 0.6799}, {"filename": "5oqqyc", "similarity": 0.6785}, {"filename": "6kcy8s", "similarity": 0.6779}, {"filename": "7a326f", "similarity": 0.6778}, {"filename": "7buz0j", "similarity": 0.6777}, {"filename": "80wlnn", "similarity": 0.6772}, {"filename": "7jybso", "similarity": 0.6763}, {"filename": "71nusf", "similarity": 0.6763}, {"filename": "7q8k2d", "similarity": 0.6754}, {"filename": "75pd9h", "similarity": 0.675}, {"filename": "80gc00", "similarity": 0.6746}]