[{"filename": "58bgmf", "similarity": 1.0}, {"filename": "6vcncj", "similarity": 0.7552}, {"filename": "5wvail", "similarity": 0.7082}, {"filename": "7yc681", "similarity": 0.7063}, {"filename": "7d9g0y", "similarity": 0.7051}, {"filename": "88y8vq", "similarity": 0.7014}, {"filename": "748b0k", "similarity": 0.6965}, {"filename": "7xy395", "similarity": 0.6951}, {"filename": "7jb6ra", "similarity": 0.6934}, {"filename": "7a2gdw", "similarity": 0.6933}, {"filename": "7z3nlc", "similarity": 0.692}, {"filename": "75wzne", "similarity": 0.6898}, {"filename": "7w3s0b", "similarity": 0.6889}, {"filename": "87ulnx", "similarity": 0.6886}, {"filename": "74muva", "similarity": 0.687}, {"filename": "777dq8", "similarity": 0.683}, {"filename": "7v8azb", "similarity": 0.6827}, {"filename": "6z7zyr", "similarity": 0.6823}, {"filename": "6zy3rm", "similarity": 0.6796}, {"filename": "73m2dn", "similarity": 0.677}, {"filename": "6znrfs", "similarity": 0.6756}, {"filename": "74at2n", "similarity": 0.6754}, {"filename": "7vz59p", "similarity": 0.6739}, {"filename": "6po1u4", "similarity": 0.6739}, {"filename": "7teiru", "similarity": 0.6738}, {"filename": "5c0v6z", "similarity": 0.6738}, {"filename": "7feyjq", "similarity": 0.6722}, {"filename": "77v094", "similarity": 0.6722}, {"filename": "6wqefx", "similarity": 0.672}, {"filename": "6974vw", "similarity": 0.6718}]