[{"filename": "5a5l42", "similarity": 1.0}, {"filename": "6z90ki", "similarity": 0.8216}, {"filename": "7uw4rk", "similarity": 0.8091}, {"filename": "7rilwk", "similarity": 0.8089}, {"filename": "7pwq7c", "similarity": 0.8083}, {"filename": "6k6dnn", "similarity": 0.8024}, {"filename": "791wn2", "similarity": 0.8019}, {"filename": "6lydhn", "similarity": 0.8011}, {"filename": "7ljjyu", "similarity": 0.8011}, {"filename": "79dda4", "similarity": 0.7981}, {"filename": "7cenf1", "similarity": 0.7941}, {"filename": "6kngvy", "similarity": 0.794}, {"filename": "624dc6", "similarity": 0.7934}, {"filename": "85carr", "similarity": 0.7921}, {"filename": "6p0nwj", "similarity": 0.7893}, {"filename": "7cbh1v", "similarity": 0.7891}, {"filename": "881q6s", "similarity": 0.789}, {"filename": "2jwc52", "similarity": 0.7867}, {"filename": "6oe37l", "similarity": 0.7849}, {"filename": "6u9bh1", "similarity": 0.7838}, {"filename": "5c0v6z", "similarity": 0.7835}, {"filename": "6p5wbm", "similarity": 0.7829}, {"filename": "72ulh4", "similarity": 0.7828}, {"filename": "7vbgih", "similarity": 0.7797}, {"filename": "8abk7r", "similarity": 0.7791}, {"filename": "6ofdt6", "similarity": 0.7791}, {"filename": "6bbvrv", "similarity": 0.7783}, {"filename": "6u4fiw", "similarity": 0.778}, {"filename": "678jwd", "similarity": 0.778}, {"filename": "89nf29", "similarity": 0.7775}]