[{"filename": "5a6lbd", "similarity": 1.0}, {"filename": "7uryha", "similarity": 0.7055}, {"filename": "7glldk", "similarity": 0.7016}, {"filename": "7p7rv5", "similarity": 0.6984}, {"filename": "5z4kzq", "similarity": 0.697}, {"filename": "7cgigc", "similarity": 0.6891}, {"filename": "7jy1s0", "similarity": 0.6833}, {"filename": "7zwb5o", "similarity": 0.6831}, {"filename": "7j70po", "similarity": 0.6823}, {"filename": "7jti9y", "similarity": 0.68}, {"filename": "84u0td", "similarity": 0.6787}, {"filename": "6y0hku", "similarity": 0.6759}, {"filename": "7vmwtj", "similarity": 0.6744}, {"filename": "7836pp", "similarity": 0.6723}, {"filename": "7v3v40", "similarity": 0.6706}, {"filename": "85ksdy", "similarity": 0.6688}, {"filename": "7ajlug", "similarity": 0.6662}, {"filename": "7iyyyq", "similarity": 0.6661}, {"filename": "7rnod5", "similarity": 0.6657}, {"filename": "6e78d6", "similarity": 0.6644}, {"filename": "4n03j2", "similarity": 0.6642}, {"filename": "7iele7", "similarity": 0.6639}, {"filename": "74ecg8", "similarity": 0.6639}, {"filename": "7yv9xi", "similarity": 0.6627}, {"filename": "824se7", "similarity": 0.6618}, {"filename": "7vt5yg", "similarity": 0.6607}, {"filename": "6t8d97", "similarity": 0.6602}, {"filename": "6v4449", "similarity": 0.6601}, {"filename": "753ya6", "similarity": 0.6594}, {"filename": "7q8v7d", "similarity": 0.6592}]