[{"filename": "5arvnc", "similarity": 1.0}, {"filename": "2g54cq", "similarity": 0.8644}, {"filename": "7bno60", "similarity": 0.8613}, {"filename": "6ejh59", "similarity": 0.8577}, {"filename": "7yvhnn", "similarity": 0.848}, {"filename": "6ednbc", "similarity": 0.8463}, {"filename": "7jembg", "similarity": 0.8443}, {"filename": "6w4yg1", "similarity": 0.8405}, {"filename": "2wod3h", "similarity": 0.8395}, {"filename": "7ljjyu", "similarity": 0.8375}, {"filename": "83ekzr", "similarity": 0.8371}, {"filename": "6hsdnb", "similarity": 0.8324}, {"filename": "2jwc52", "similarity": 0.8322}, {"filename": "86k7d8", "similarity": 0.8319}, {"filename": "7qz0zf", "similarity": 0.8301}, {"filename": "6ya7q0", "similarity": 0.8298}, {"filename": "4c12i4", "similarity": 0.8288}, {"filename": "8bfn44", "similarity": 0.8273}, {"filename": "5mhmjs", "similarity": 0.8272}, {"filename": "5mjv7o", "similarity": 0.8272}, {"filename": "7cptyb", "similarity": 0.8269}, {"filename": "865b08", "similarity": 0.8264}, {"filename": "72k64m", "similarity": 0.8261}, {"filename": "6kh3ds", "similarity": 0.8253}, {"filename": "694o6h", "similarity": 0.8244}, {"filename": "80suna", "similarity": 0.8242}, {"filename": "6uaaig", "similarity": 0.8214}, {"filename": "65utsz", "similarity": 0.8209}, {"filename": "7qbcqw", "similarity": 0.8168}, {"filename": "60s18n", "similarity": 0.8168}]