[{"filename": "5blhtv", "similarity": 1.0}, {"filename": "7ev9nh", "similarity": 0.7124}, {"filename": "7vvroe", "similarity": 0.7074}, {"filename": "7qst8m", "similarity": 0.6821}, {"filename": "64xo1a", "similarity": 0.6786}, {"filename": "6kjfxc", "similarity": 0.6786}, {"filename": "7aykwe", "similarity": 0.6687}, {"filename": "6n8afl", "similarity": 0.6645}, {"filename": "74fa93", "similarity": 0.664}, {"filename": "6efw3m", "similarity": 0.6617}, {"filename": "7g31hl", "similarity": 0.6608}, {"filename": "6bo414", "similarity": 0.6603}, {"filename": "7pxhf0", "similarity": 0.6602}, {"filename": "7oqoo0", "similarity": 0.6598}, {"filename": "5x3tz6", "similarity": 0.6544}, {"filename": "7tubvl", "similarity": 0.6513}, {"filename": "7qc66j", "similarity": 0.648}, {"filename": "7g5usx", "similarity": 0.6472}, {"filename": "6axb43", "similarity": 0.6446}, {"filename": "7gznqx", "similarity": 0.6406}, {"filename": "7td6mg", "similarity": 0.6403}, {"filename": "636s4m", "similarity": 0.6397}, {"filename": "6l6jbv", "similarity": 0.6369}, {"filename": "7xymra", "similarity": 0.6366}, {"filename": "7ja0du", "similarity": 0.6357}, {"filename": "6ghzlr", "similarity": 0.635}, {"filename": "7ac0k9", "similarity": 0.635}, {"filename": "6r9vcu", "similarity": 0.6337}, {"filename": "8ailel", "similarity": 0.6325}, {"filename": "7v8azb", "similarity": 0.6312}]