[{"filename": "5bnbyl", "similarity": 1.0}, {"filename": "7m1ec3", "similarity": 0.7393}, {"filename": "6m4on7", "similarity": 0.7313}, {"filename": "6vqf9g", "similarity": 0.7238}, {"filename": "7pbhh9", "similarity": 0.7224}, {"filename": "7iyyyq", "similarity": 0.7157}, {"filename": "7vwhyi", "similarity": 0.7152}, {"filename": "7yyyje", "similarity": 0.7142}, {"filename": "6jrqvz", "similarity": 0.7129}, {"filename": "6zswhs", "similarity": 0.7102}, {"filename": "6h81f0", "similarity": 0.7085}, {"filename": "5mnly2", "similarity": 0.7067}, {"filename": "84bclj", "similarity": 0.7059}, {"filename": "6ht583", "similarity": 0.7047}, {"filename": "7kvxa0", "similarity": 0.7021}, {"filename": "5wczbq", "similarity": 0.7017}, {"filename": "5jy6j5", "similarity": 0.7009}, {"filename": "74xhev", "similarity": 0.7002}, {"filename": "7pflwy", "similarity": 0.6999}, {"filename": "87talx", "similarity": 0.6959}, {"filename": "62gv9z", "similarity": 0.6945}, {"filename": "6njmah", "similarity": 0.6913}, {"filename": "7p5r3i", "similarity": 0.6908}, {"filename": "6s67yv", "similarity": 0.6895}, {"filename": "6msu80", "similarity": 0.6894}, {"filename": "871ith", "similarity": 0.6889}, {"filename": "7tcade", "similarity": 0.688}, {"filename": "63xbhs", "similarity": 0.6878}, {"filename": "758iwv", "similarity": 0.6877}, {"filename": "6b8643", "similarity": 0.6865}]