[{"filename": "5btgto", "similarity": 1.0}, {"filename": "6l6jbv", "similarity": 0.7799}, {"filename": "6n10qg", "similarity": 0.7717}, {"filename": "70s4nk", "similarity": 0.7715}, {"filename": "8bou97", "similarity": 0.7686}, {"filename": "7msepc", "similarity": 0.7659}, {"filename": "6xnoql", "similarity": 0.7645}, {"filename": "6uw4h3", "similarity": 0.7635}, {"filename": "6jfvj2", "similarity": 0.7621}, {"filename": "701qav", "similarity": 0.7613}, {"filename": "84z0kc", "similarity": 0.7611}, {"filename": "7ia8ck", "similarity": 0.76}, {"filename": "6l5imf", "similarity": 0.7596}, {"filename": "822zm2", "similarity": 0.756}, {"filename": "7iuczt", "similarity": 0.7554}, {"filename": "6u152p", "similarity": 0.7548}, {"filename": "7os1jc", "similarity": 0.7547}, {"filename": "7btrhb", "similarity": 0.7544}, {"filename": "84ibm0", "similarity": 0.7526}, {"filename": "7ivcuz", "similarity": 0.7521}, {"filename": "6jjs76", "similarity": 0.7519}, {"filename": "81uqyz", "similarity": 0.7517}, {"filename": "7nc30x", "similarity": 0.7516}, {"filename": "780cr3", "similarity": 0.7515}, {"filename": "7vjh7h", "similarity": 0.7512}, {"filename": "87iewf", "similarity": 0.7508}, {"filename": "7xy33f", "similarity": 0.7507}, {"filename": "7ostjp", "similarity": 0.7499}, {"filename": "6o854h", "similarity": 0.7484}, {"filename": "86q5nw", "similarity": 0.7482}]