[{"filename": "5bycmm", "similarity": 1.0}, {"filename": "7e9npb", "similarity": 0.7429}, {"filename": "8bwsnl", "similarity": 0.7425}, {"filename": "8a4dza", "similarity": 0.7332}, {"filename": "57llud", "similarity": 0.7332}, {"filename": "7uwxmc", "similarity": 0.7323}, {"filename": "7nrv7c", "similarity": 0.7294}, {"filename": "81d0sz", "similarity": 0.7294}, {"filename": "7v29nx", "similarity": 0.7291}, {"filename": "7mqf0a", "similarity": 0.7282}, {"filename": "7vsye0", "similarity": 0.7274}, {"filename": "56h87o", "similarity": 0.7244}, {"filename": "74zxfk", "similarity": 0.7231}, {"filename": "82nosn", "similarity": 0.7203}, {"filename": "6we7gp", "similarity": 0.7201}, {"filename": "858xap", "similarity": 0.7178}, {"filename": "7wtsxz", "similarity": 0.7173}, {"filename": "6zuxuq", "similarity": 0.7168}, {"filename": "71rd4g", "similarity": 0.7168}, {"filename": "7o7hn8", "similarity": 0.7156}, {"filename": "6mdhpg", "similarity": 0.7149}, {"filename": "76xsjt", "similarity": 0.7145}, {"filename": "7zxl6j", "similarity": 0.7136}, {"filename": "74l85v", "similarity": 0.7131}, {"filename": "7wyl25", "similarity": 0.7131}, {"filename": "7q0yxn", "similarity": 0.7123}, {"filename": "5xvu22", "similarity": 0.7122}, {"filename": "85bfny", "similarity": 0.7121}, {"filename": "6r46h4", "similarity": 0.7116}, {"filename": "7oesnc", "similarity": 0.7106}]