[{"filename": "5c0v6z", "similarity": 1.0}, {"filename": "84y4hd", "similarity": 0.8539}, {"filename": "72ilwd", "similarity": 0.8505}, {"filename": "7ukwg1", "similarity": 0.8461}, {"filename": "5x7lxv", "similarity": 0.8446}, {"filename": "81g42s", "similarity": 0.8409}, {"filename": "6oe37l", "similarity": 0.8407}, {"filename": "78gun7", "similarity": 0.8349}, {"filename": "7ccobp", "similarity": 0.8341}, {"filename": "7uw4rk", "similarity": 0.8265}, {"filename": "6xqxa0", "similarity": 0.8246}, {"filename": "6y1k4f", "similarity": 0.8243}, {"filename": "7jpzfc", "similarity": 0.824}, {"filename": "72bdli", "similarity": 0.8239}, {"filename": "6p0nwj", "similarity": 0.8188}, {"filename": "79dda4", "similarity": 0.8165}, {"filename": "85carr", "similarity": 0.8153}, {"filename": "7mvaxw", "similarity": 0.8143}, {"filename": "6lydhn", "similarity": 0.8139}, {"filename": "7cbh1v", "similarity": 0.8135}, {"filename": "881q6s", "similarity": 0.8119}, {"filename": "7cptyb", "similarity": 0.8103}, {"filename": "7ox2av", "similarity": 0.8103}, {"filename": "77blnq", "similarity": 0.8094}, {"filename": "83p8gj", "similarity": 0.8083}, {"filename": "7vbgih", "similarity": 0.808}, {"filename": "6k6dnn", "similarity": 0.8075}, {"filename": "5yl3ig", "similarity": 0.8062}, {"filename": "6z90ki", "similarity": 0.8056}, {"filename": "6ic2ro", "similarity": 0.805}]