[{"filename": "5cqpm4", "similarity": 1.0}, {"filename": "6ef1y9", "similarity": 0.8559}, {"filename": "6ca8c2", "similarity": 0.8395}, {"filename": "5nczuh", "similarity": 0.8352}, {"filename": "85r3r8", "similarity": 0.8326}, {"filename": "7va71s", "similarity": 0.8311}, {"filename": "7phtqm", "similarity": 0.8193}, {"filename": "86a9rb", "similarity": 0.8185}, {"filename": "7wtsxz", "similarity": 0.8168}, {"filename": "56h87o", "similarity": 0.8142}, {"filename": "7bdel6", "similarity": 0.8103}, {"filename": "85bfny", "similarity": 0.8093}, {"filename": "6so8mf", "similarity": 0.808}, {"filename": "87alnc", "similarity": 0.808}, {"filename": "7q0yxn", "similarity": 0.8046}, {"filename": "7ri7l1", "similarity": 0.8041}, {"filename": "81gw8w", "similarity": 0.8029}, {"filename": "7aykgj", "similarity": 0.8026}, {"filename": "81z6d9", "similarity": 0.8018}, {"filename": "7u0oss", "similarity": 0.8011}, {"filename": "6zjcpo", "similarity": 0.799}, {"filename": "742v3o", "similarity": 0.7988}, {"filename": "7v29nx", "similarity": 0.7978}, {"filename": "6jlf3y", "similarity": 0.7961}, {"filename": "71s6g5", "similarity": 0.7951}, {"filename": "86tb44", "similarity": 0.7948}, {"filename": "6ajgjc", "similarity": 0.7942}, {"filename": "8bvet6", "similarity": 0.7928}, {"filename": "7uopnv", "similarity": 0.7919}, {"filename": "7yuxeb", "similarity": 0.7903}]