[{"filename": "5cvoe1", "similarity": 1.0}, {"filename": "864qpz", "similarity": 0.8607}, {"filename": "7wrw6t", "similarity": 0.8516}, {"filename": "7wp608", "similarity": 0.8473}, {"filename": "7g10xb", "similarity": 0.8471}, {"filename": "7h0598", "similarity": 0.8459}, {"filename": "7yozse", "similarity": 0.8441}, {"filename": "654uru", "similarity": 0.8433}, {"filename": "8c3oy0", "similarity": 0.841}, {"filename": "83rsj6", "similarity": 0.8403}, {"filename": "7oobdy", "similarity": 0.8373}, {"filename": "7ksk62", "similarity": 0.8349}, {"filename": "72ritv", "similarity": 0.8306}, {"filename": "7hqv1z", "similarity": 0.8298}, {"filename": "6x8f2e", "similarity": 0.8279}, {"filename": "85je13", "similarity": 0.8261}, {"filename": "8bnhu4", "similarity": 0.8249}, {"filename": "6feflv", "similarity": 0.8245}, {"filename": "6hlgbr", "similarity": 0.8242}, {"filename": "5ziik0", "similarity": 0.8241}, {"filename": "7zm6u8", "similarity": 0.824}, {"filename": "7suu6t", "similarity": 0.8233}, {"filename": "70iv5x", "similarity": 0.8228}, {"filename": "78586f", "similarity": 0.8226}, {"filename": "7j5jnr", "similarity": 0.822}, {"filename": "7ojqjm", "similarity": 0.8185}, {"filename": "7c6x9d", "similarity": 0.8176}, {"filename": "7uqq3i", "similarity": 0.8176}, {"filename": "88zu29", "similarity": 0.8173}, {"filename": "8bfhyy", "similarity": 0.8162}]