[{"filename": "5eipxx", "similarity": 1.0}, {"filename": "71l0xt", "similarity": 0.7127}, {"filename": "7pbhh9", "similarity": 0.6838}, {"filename": "6ugry3", "similarity": 0.6814}, {"filename": "7pflwy", "similarity": 0.6788}, {"filename": "659xhm", "similarity": 0.6788}, {"filename": "7p5r3i", "similarity": 0.6722}, {"filename": "7z3rzi", "similarity": 0.6684}, {"filename": "7uieq2", "similarity": 0.6679}, {"filename": "79zju3", "similarity": 0.6678}, {"filename": "5bnbyl", "similarity": 0.6665}, {"filename": "7yv9xi", "similarity": 0.6655}, {"filename": "753ya6", "similarity": 0.6637}, {"filename": "85q168", "similarity": 0.6634}, {"filename": "7rpqda", "similarity": 0.6604}, {"filename": "7g6u1o", "similarity": 0.6599}, {"filename": "8axkz9", "similarity": 0.6578}, {"filename": "85azfl", "similarity": 0.6573}, {"filename": "6prl7d", "similarity": 0.6573}, {"filename": "7iyyyq", "similarity": 0.6569}, {"filename": "76bgtf", "similarity": 0.6567}, {"filename": "6hyns7", "similarity": 0.6554}, {"filename": "814x99", "similarity": 0.6551}, {"filename": "5wczbq", "similarity": 0.6545}, {"filename": "7wp27w", "similarity": 0.653}, {"filename": "85d2q1", "similarity": 0.6527}, {"filename": "8b6kbp", "similarity": 0.6526}, {"filename": "6s67yv", "similarity": 0.6524}, {"filename": "76p702", "similarity": 0.6518}, {"filename": "5h29b2", "similarity": 0.6507}]