[{"filename": "5en86y", "similarity": 1.0}, {"filename": "7by162", "similarity": 0.8157}, {"filename": "66gica", "similarity": 0.8059}, {"filename": "84nug0", "similarity": 0.7997}, {"filename": "6zjcpo", "similarity": 0.799}, {"filename": "6k72kv", "similarity": 0.794}, {"filename": "7zaftt", "similarity": 0.7936}, {"filename": "71s6g5", "similarity": 0.7874}, {"filename": "7zgveh", "similarity": 0.7846}, {"filename": "81qjgq", "similarity": 0.7829}, {"filename": "85r3r8", "similarity": 0.7822}, {"filename": "86a9rb", "similarity": 0.7818}, {"filename": "7duoem", "similarity": 0.7816}, {"filename": "6ms6r0", "similarity": 0.7801}, {"filename": "56h87o", "similarity": 0.779}, {"filename": "7wtsxz", "similarity": 0.7784}, {"filename": "5xvu22", "similarity": 0.7751}, {"filename": "6jlf3y", "similarity": 0.7751}, {"filename": "6y67ml", "similarity": 0.7741}, {"filename": "7uwxmc", "similarity": 0.7736}, {"filename": "876z6t", "similarity": 0.7708}, {"filename": "81ozi4", "similarity": 0.7703}, {"filename": "7t5vnh", "similarity": 0.7665}, {"filename": "7xiji5", "similarity": 0.7663}, {"filename": "7vsye0", "similarity": 0.7643}, {"filename": "77zsna", "similarity": 0.7621}, {"filename": "62sqm9", "similarity": 0.7604}, {"filename": "8bgoej", "similarity": 0.7603}, {"filename": "8bvet6", "similarity": 0.7601}, {"filename": "6ajgjc", "similarity": 0.7599}]