[{"filename": "5etltn", "similarity": 1.0}, {"filename": "7qjbn8", "similarity": 0.7348}, {"filename": "5k32be", "similarity": 0.7082}, {"filename": "5ts0u0", "similarity": 0.7081}, {"filename": "6dtouw", "similarity": 0.7056}, {"filename": "82928s", "similarity": 0.7006}, {"filename": "7cid5a", "similarity": 0.6937}, {"filename": "61beyg", "similarity": 0.6915}, {"filename": "7rt3gk", "similarity": 0.6894}, {"filename": "85kqsu", "similarity": 0.6864}, {"filename": "7x88fk", "similarity": 0.6863}, {"filename": "7bv17w", "similarity": 0.6862}, {"filename": "777dq8", "similarity": 0.6862}, {"filename": "7kvxa0", "similarity": 0.6853}, {"filename": "8545a0", "similarity": 0.6829}, {"filename": "830atr", "similarity": 0.6827}, {"filename": "7sl3bo", "similarity": 0.6819}, {"filename": "89zfnu", "similarity": 0.6813}, {"filename": "84u0b9", "similarity": 0.6813}, {"filename": "8c6k50", "similarity": 0.6803}, {"filename": "7bllvq", "similarity": 0.6802}, {"filename": "7wodlf", "similarity": 0.68}, {"filename": "6axb43", "similarity": 0.6796}, {"filename": "6z2jdl", "similarity": 0.6794}, {"filename": "813u7o", "similarity": 0.6794}, {"filename": "7zmkyb", "similarity": 0.679}, {"filename": "6g7079", "similarity": 0.6789}, {"filename": "66o9x9", "similarity": 0.6784}, {"filename": "70u2w1", "similarity": 0.6782}, {"filename": "6sy786", "similarity": 0.678}]