[{"filename": "5fwtfc", "similarity": 1.0}, {"filename": "7uq2ac", "similarity": 0.7504}, {"filename": "7vxydo", "similarity": 0.7137}, {"filename": "79msix", "similarity": 0.7129}, {"filename": "799vyr", "similarity": 0.7124}, {"filename": "76uwb3", "similarity": 0.7114}, {"filename": "8545a0", "similarity": 0.7106}, {"filename": "7pbhh9", "similarity": 0.7105}, {"filename": "6lcnf5", "similarity": 0.7088}, {"filename": "5z4kzq", "similarity": 0.7063}, {"filename": "5ts0u0", "similarity": 0.706}, {"filename": "7a326f", "similarity": 0.7059}, {"filename": "6uw4h3", "similarity": 0.7054}, {"filename": "6naz23", "similarity": 0.7053}, {"filename": "6hgevb", "similarity": 0.7052}, {"filename": "74uj30", "similarity": 0.7019}, {"filename": "7p7ghy", "similarity": 0.7018}, {"filename": "64bvdp", "similarity": 0.7011}, {"filename": "7x6imp", "similarity": 0.7007}, {"filename": "66hudv", "similarity": 0.7002}, {"filename": "63qpp0", "similarity": 0.7}, {"filename": "7wdi8n", "similarity": 0.6999}, {"filename": "7x6sb2", "similarity": 0.6996}, {"filename": "7wyl25", "similarity": 0.6994}, {"filename": "7teiru", "similarity": 0.6989}, {"filename": "7836pp", "similarity": 0.6984}, {"filename": "6lca4i", "similarity": 0.6973}, {"filename": "6e78d6", "similarity": 0.696}, {"filename": "724s3l", "similarity": 0.6958}, {"filename": "74muva", "similarity": 0.6955}]