[{"filename": "5fxef2", "similarity": 1.0}, {"filename": "7e1ei4", "similarity": 0.7668}, {"filename": "76m13w", "similarity": 0.7662}, {"filename": "74muva", "similarity": 0.763}, {"filename": "7teiru", "similarity": 0.7587}, {"filename": "85xpmy", "similarity": 0.7578}, {"filename": "7wyl25", "similarity": 0.7491}, {"filename": "7tf1qc", "similarity": 0.744}, {"filename": "70r8o8", "similarity": 0.7435}, {"filename": "7vys0s", "similarity": 0.742}, {"filename": "6s8enf", "similarity": 0.7418}, {"filename": "878quf", "similarity": 0.7404}, {"filename": "822zm2", "similarity": 0.74}, {"filename": "82xmua", "similarity": 0.7394}, {"filename": "7nfq8j", "similarity": 0.7388}, {"filename": "71xtda", "similarity": 0.7369}, {"filename": "8c1zjk", "similarity": 0.7359}, {"filename": "87pxlg", "similarity": 0.7349}, {"filename": "81tsp4", "similarity": 0.7343}, {"filename": "62koca", "similarity": 0.7321}, {"filename": "7urxui", "similarity": 0.732}, {"filename": "6t7pak", "similarity": 0.729}, {"filename": "6kq4ct", "similarity": 0.7281}, {"filename": "66ghjz", "similarity": 0.7274}, {"filename": "6lmfot", "similarity": 0.7274}, {"filename": "6697tp", "similarity": 0.727}, {"filename": "8bp25n", "similarity": 0.7263}, {"filename": "7l872g", "similarity": 0.7262}, {"filename": "7tpjg5", "similarity": 0.7249}, {"filename": "6v0ttt", "similarity": 0.7247}]