[{"filename": "5gf6j8", "similarity": 1.0}, {"filename": "6wlot2", "similarity": 0.7821}, {"filename": "6vakeh", "similarity": 0.7815}, {"filename": "6rzcjl", "similarity": 0.7719}, {"filename": "6c3hgz", "similarity": 0.7678}, {"filename": "65odgr", "similarity": 0.7653}, {"filename": "6sslva", "similarity": 0.7622}, {"filename": "7mgslw", "similarity": 0.7584}, {"filename": "602zf4", "similarity": 0.7577}, {"filename": "7ycugd", "similarity": 0.7543}, {"filename": "7h9whe", "similarity": 0.7515}, {"filename": "7e86rk", "similarity": 0.7491}, {"filename": "7kl6ng", "similarity": 0.7488}, {"filename": "80yxbc", "similarity": 0.7466}, {"filename": "6pbrwn", "similarity": 0.7461}, {"filename": "804ft2", "similarity": 0.746}, {"filename": "6skna5", "similarity": 0.745}, {"filename": "6t31n1", "similarity": 0.7435}, {"filename": "77efel", "similarity": 0.74}, {"filename": "5zdcxz", "similarity": 0.7392}, {"filename": "7mid49", "similarity": 0.7386}, {"filename": "82w2py", "similarity": 0.7381}, {"filename": "81vgv7", "similarity": 0.7368}, {"filename": "7l7e3a", "similarity": 0.7367}, {"filename": "6pdpsq", "similarity": 0.7367}, {"filename": "72ewmx", "similarity": 0.7338}, {"filename": "6ss6j4", "similarity": 0.7336}, {"filename": "7v13wq", "similarity": 0.7336}, {"filename": "7x9fnv", "similarity": 0.7336}, {"filename": "888odi", "similarity": 0.7334}]