[{"filename": "5gz7xq", "similarity": 1.0}, {"filename": "7m3ou9", "similarity": 0.7862}, {"filename": "7pambg", "similarity": 0.78}, {"filename": "7b1uzr", "similarity": 0.7775}, {"filename": "87ulnx", "similarity": 0.7716}, {"filename": "6z2jdl", "similarity": 0.7634}, {"filename": "799vyr", "similarity": 0.7618}, {"filename": "80gc00", "similarity": 0.7583}, {"filename": "6974vw", "similarity": 0.7581}, {"filename": "7phnmp", "similarity": 0.7569}, {"filename": "80u0v8", "similarity": 0.7562}, {"filename": "80vtqz", "similarity": 0.7533}, {"filename": "6te9fv", "similarity": 0.7488}, {"filename": "71xtda", "similarity": 0.7482}, {"filename": "7iq8a9", "similarity": 0.7479}, {"filename": "777dq8", "similarity": 0.7469}, {"filename": "74u3dj", "similarity": 0.7466}, {"filename": "60em7d", "similarity": 0.7464}, {"filename": "83ogwn", "similarity": 0.7459}, {"filename": "7a2gdw", "similarity": 0.7459}, {"filename": "71nusf", "similarity": 0.7454}, {"filename": "858xap", "similarity": 0.7452}, {"filename": "7yc681", "similarity": 0.7451}, {"filename": "6m0uwa", "similarity": 0.7448}, {"filename": "7msepc", "similarity": 0.7441}, {"filename": "74sbot", "similarity": 0.7441}, {"filename": "7oesnc", "similarity": 0.7435}, {"filename": "7o7hn8", "similarity": 0.7434}, {"filename": "6heyir", "similarity": 0.7433}, {"filename": "85o7z6", "similarity": 0.7431}]