[{"filename": "5h29b2", "similarity": 1.0}, {"filename": "7j5wsn", "similarity": 0.7552}, {"filename": "8aaqdw", "similarity": 0.746}, {"filename": "85ksdy", "similarity": 0.7421}, {"filename": "86dthn", "similarity": 0.7393}, {"filename": "7hbfc3", "similarity": 0.7298}, {"filename": "85igm2", "similarity": 0.7255}, {"filename": "7ajlug", "similarity": 0.7239}, {"filename": "67cln3", "similarity": 0.7205}, {"filename": "7p5r3i", "similarity": 0.7204}, {"filename": "6glf08", "similarity": 0.7202}, {"filename": "7o78xa", "similarity": 0.7166}, {"filename": "7bp8mm", "similarity": 0.7154}, {"filename": "6if78k", "similarity": 0.7151}, {"filename": "2msrcz", "similarity": 0.7143}, {"filename": "7v3v40", "similarity": 0.7132}, {"filename": "7yyyje", "similarity": 0.7112}, {"filename": "6h0lq4", "similarity": 0.7111}, {"filename": "7khts3", "similarity": 0.7109}, {"filename": "7pbhh9", "similarity": 0.7067}, {"filename": "6mvikj", "similarity": 0.7065}, {"filename": "86k6bi", "similarity": 0.7059}, {"filename": "68evxl", "similarity": 0.7051}, {"filename": "8bwsj2", "similarity": 0.704}, {"filename": "8axkz9", "similarity": 0.7023}, {"filename": "7836pp", "similarity": 0.7022}, {"filename": "7rhnd1", "similarity": 0.7012}, {"filename": "7g6u1o", "similarity": 0.7009}, {"filename": "7pox2b", "similarity": 0.7003}, {"filename": "822auv", "similarity": 0.6984}]