[{"filename": "5hhbgx", "similarity": 1.0}, {"filename": "753ya6", "similarity": 0.6028}, {"filename": "5ofwqz", "similarity": 0.5981}, {"filename": "6mvikj", "similarity": 0.5878}, {"filename": "5jz83w", "similarity": 0.5832}, {"filename": "7836pp", "similarity": 0.5803}, {"filename": "6aqzdk", "similarity": 0.5798}, {"filename": "6mjkh6", "similarity": 0.5763}, {"filename": "6sfus9", "similarity": 0.5741}, {"filename": "80nma3", "similarity": 0.5741}, {"filename": "7haijt", "similarity": 0.5714}, {"filename": "72jsri", "similarity": 0.5696}, {"filename": "822auv", "similarity": 0.5686}, {"filename": "3x3bqx", "similarity": 0.5677}, {"filename": "7n84r8", "similarity": 0.5657}, {"filename": "6nmku9", "similarity": 0.5654}, {"filename": "6m2t39", "similarity": 0.5651}, {"filename": "6v4449", "similarity": 0.5642}, {"filename": "77n2kc", "similarity": 0.563}, {"filename": "7ve2pk", "similarity": 0.562}, {"filename": "85415v", "similarity": 0.5612}, {"filename": "74ecg8", "similarity": 0.5611}, {"filename": "7whlev", "similarity": 0.5605}, {"filename": "8b1lp5", "similarity": 0.56}, {"filename": "7pmqwx", "similarity": 0.5594}, {"filename": "89nxd5", "similarity": 0.559}, {"filename": "87op4x", "similarity": 0.5582}, {"filename": "70go50", "similarity": 0.5577}, {"filename": "6wq5cz", "similarity": 0.5562}, {"filename": "6mdewc", "similarity": 0.5561}]