[{"filename": "5hpyd4", "similarity": 1.0}, {"filename": "6zuxuq", "similarity": 0.7872}, {"filename": "81ozi4", "similarity": 0.785}, {"filename": "8bgoej", "similarity": 0.7847}, {"filename": "81qjgq", "similarity": 0.7824}, {"filename": "71s6g5", "similarity": 0.7721}, {"filename": "7zaftt", "similarity": 0.7718}, {"filename": "80u0v8", "similarity": 0.7708}, {"filename": "7lll3r", "similarity": 0.7702}, {"filename": "6jlf3y", "similarity": 0.7687}, {"filename": "7v29nx", "similarity": 0.7637}, {"filename": "7idjk6", "similarity": 0.7628}, {"filename": "6y67ml", "similarity": 0.7614}, {"filename": "6n5cob", "similarity": 0.758}, {"filename": "7wtsxz", "similarity": 0.7572}, {"filename": "6r46h4", "similarity": 0.7563}, {"filename": "7idy33", "similarity": 0.7562}, {"filename": "6nv85z", "similarity": 0.7559}, {"filename": "6frw6o", "similarity": 0.7558}, {"filename": "7zmvs5", "similarity": 0.7556}, {"filename": "858xap", "similarity": 0.755}, {"filename": "701m3b", "similarity": 0.7543}, {"filename": "86a9rb", "similarity": 0.7538}, {"filename": "6e0har", "similarity": 0.7526}, {"filename": "6zjcpo", "similarity": 0.7523}, {"filename": "76xsjt", "similarity": 0.7521}, {"filename": "6mzc54", "similarity": 0.7516}, {"filename": "881lvb", "similarity": 0.7508}, {"filename": "85r3r8", "similarity": 0.7502}, {"filename": "7h62yh", "similarity": 0.7499}]