[{"filename": "5j6mld", "similarity": 1.0}, {"filename": "77n2kc", "similarity": 0.7405}, {"filename": "62gv9z", "similarity": 0.723}, {"filename": "724s3l", "similarity": 0.7202}, {"filename": "6xr0lb", "similarity": 0.7193}, {"filename": "815act", "similarity": 0.7135}, {"filename": "7x6sb2", "similarity": 0.7115}, {"filename": "7a0mxs", "similarity": 0.7086}, {"filename": "6c6uaz", "similarity": 0.7086}, {"filename": "7p02i4", "similarity": 0.7078}, {"filename": "82010j", "similarity": 0.707}, {"filename": "62dcv9", "similarity": 0.7051}, {"filename": "6u1xb1", "similarity": 0.7048}, {"filename": "7f62cg", "similarity": 0.7039}, {"filename": "88hcjq", "similarity": 0.7022}, {"filename": "6y0hku", "similarity": 0.7012}, {"filename": "7iyyyq", "similarity": 0.6947}, {"filename": "6njmah", "similarity": 0.6942}, {"filename": "7dn9hj", "similarity": 0.6929}, {"filename": "3x3bqx", "similarity": 0.6919}, {"filename": "89nxd5", "similarity": 0.6918}, {"filename": "7r9zam", "similarity": 0.6904}, {"filename": "6aqzdk", "similarity": 0.6894}, {"filename": "6xslte", "similarity": 0.6892}, {"filename": "70go50", "similarity": 0.6887}, {"filename": "7uieq2", "similarity": 0.6876}, {"filename": "6lca4i", "similarity": 0.6875}, {"filename": "7pbhh9", "similarity": 0.6869}, {"filename": "6pyc24", "similarity": 0.6857}, {"filename": "7vmuz7", "similarity": 0.6857}]