[{"filename": "5j8gyh", "similarity": 1.0}, {"filename": "6ym28s", "similarity": 0.9087}, {"filename": "6hqdv7", "similarity": 0.889}, {"filename": "8b4vul", "similarity": 0.8776}, {"filename": "7uzqxc", "similarity": 0.8739}, {"filename": "7gautq", "similarity": 0.8707}, {"filename": "80echz", "similarity": 0.8705}, {"filename": "5mhmjs", "similarity": 0.8683}, {"filename": "5mjv7o", "similarity": 0.8683}, {"filename": "80yxbc", "similarity": 0.8683}, {"filename": "7x0kju", "similarity": 0.867}, {"filename": "7x2ktx", "similarity": 0.8627}, {"filename": "6tbfhi", "similarity": 0.8611}, {"filename": "805q79", "similarity": 0.8588}, {"filename": "7yvhnn", "similarity": 0.8571}, {"filename": "6kh3ds", "similarity": 0.8557}, {"filename": "80suna", "similarity": 0.8548}, {"filename": "81cg2m", "similarity": 0.8536}, {"filename": "6z1fsd", "similarity": 0.8529}, {"filename": "6uotwz", "similarity": 0.8522}, {"filename": "6rcqoy", "similarity": 0.8517}, {"filename": "6xzk1w", "similarity": 0.8498}, {"filename": "88ha85", "similarity": 0.8492}, {"filename": "5tn9h2", "similarity": 0.8491}, {"filename": "6pbrwn", "similarity": 0.8484}, {"filename": "82w2py", "similarity": 0.848}, {"filename": "7vn1cp", "similarity": 0.847}, {"filename": "6uaaig", "similarity": 0.8468}, {"filename": "6y4c5u", "similarity": 0.8461}, {"filename": "6ro7q2", "similarity": 0.8461}]