[{"filename": "5jaxz2", "similarity": 1.0}, {"filename": "7ngkcn", "similarity": 0.742}, {"filename": "7r9zam", "similarity": 0.7315}, {"filename": "71arqv", "similarity": 0.7223}, {"filename": "6ha3wj", "similarity": 0.7146}, {"filename": "7bp8mm", "similarity": 0.7112}, {"filename": "6vyd0q", "similarity": 0.7075}, {"filename": "6sy786", "similarity": 0.7052}, {"filename": "7msepc", "similarity": 0.705}, {"filename": "7che49", "similarity": 0.7049}, {"filename": "6xr0lb", "similarity": 0.7047}, {"filename": "6i331m", "similarity": 0.7031}, {"filename": "80zngm", "similarity": 0.703}, {"filename": "8as66c", "similarity": 0.7028}, {"filename": "6s67yv", "similarity": 0.7024}, {"filename": "7va9or", "similarity": 0.7023}, {"filename": "8c7t55", "similarity": 0.699}, {"filename": "7efpd1", "similarity": 0.6988}, {"filename": "6hyns7", "similarity": 0.698}, {"filename": "6t4exa", "similarity": 0.6977}, {"filename": "6y0hku", "similarity": 0.6956}, {"filename": "87talx", "similarity": 0.6953}, {"filename": "77zd6d", "similarity": 0.6952}, {"filename": "78586f", "similarity": 0.6951}, {"filename": "77rcod", "similarity": 0.6938}, {"filename": "822auv", "similarity": 0.6935}, {"filename": "7f62cg", "similarity": 0.6934}, {"filename": "5qgr23", "similarity": 0.6934}, {"filename": "62dcv9", "similarity": 0.6926}, {"filename": "6xslte", "similarity": 0.6917}]