[{"filename": "5jlwgs", "similarity": 1.0}, {"filename": "880mkn", "similarity": 0.9038}, {"filename": "7xbob9", "similarity": 0.8965}, {"filename": "6ar6jp", "similarity": 0.8955}, {"filename": "6x626v", "similarity": 0.894}, {"filename": "8bqnpi", "similarity": 0.8917}, {"filename": "6g7zy4", "similarity": 0.8883}, {"filename": "6d52ri", "similarity": 0.8873}, {"filename": "63d1n0", "similarity": 0.8863}, {"filename": "7aee7l", "similarity": 0.8854}, {"filename": "5y7fcn", "similarity": 0.8842}, {"filename": "7ds19z", "similarity": 0.8821}, {"filename": "7v7iwe", "similarity": 0.8811}, {"filename": "6j9pi4", "similarity": 0.8788}, {"filename": "7kgp7b", "similarity": 0.8772}, {"filename": "701ec1", "similarity": 0.8771}, {"filename": "81q1jc", "similarity": 0.8721}, {"filename": "845gft", "similarity": 0.8712}, {"filename": "7lxm6a", "similarity": 0.871}, {"filename": "71ag2y", "similarity": 0.8694}, {"filename": "7fzk5p", "similarity": 0.8694}, {"filename": "7r0rgu", "similarity": 0.8683}, {"filename": "6tpk84", "similarity": 0.8663}, {"filename": "65utsz", "similarity": 0.8658}, {"filename": "74oi6k", "similarity": 0.8651}, {"filename": "7fcsdj", "similarity": 0.8642}, {"filename": "8au6w5", "similarity": 0.8641}, {"filename": "6jep8t", "similarity": 0.8625}, {"filename": "7hzxyp", "similarity": 0.8617}, {"filename": "6ijnh3", "similarity": 0.8604}]