[{"filename": "5ju0by", "similarity": 1.0}, {"filename": "7g8rvt", "similarity": 0.8549}, {"filename": "7gl3uw", "similarity": 0.8352}, {"filename": "6j7482", "similarity": 0.827}, {"filename": "5tn9h2", "similarity": 0.8223}, {"filename": "82rf0h", "similarity": 0.8069}, {"filename": "7rgyvn", "similarity": 0.8051}, {"filename": "6tpk84", "similarity": 0.8017}, {"filename": "6qraiw", "similarity": 0.7984}, {"filename": "7o154m", "similarity": 0.7942}, {"filename": "7rwp97", "similarity": 0.7907}, {"filename": "708wf7", "similarity": 0.7907}, {"filename": "7qs2j1", "similarity": 0.7899}, {"filename": "6xe38e", "similarity": 0.7875}, {"filename": "2jwc52", "similarity": 0.7867}, {"filename": "6g7zy4", "similarity": 0.7856}, {"filename": "7uzqxc", "similarity": 0.7812}, {"filename": "80echz", "similarity": 0.7809}, {"filename": "7h9whe", "similarity": 0.78}, {"filename": "7qbcqw", "similarity": 0.7797}, {"filename": "66v42v", "similarity": 0.7786}, {"filename": "7ds19z", "similarity": 0.7782}, {"filename": "7mmnmw", "similarity": 0.7777}, {"filename": "6vijkj", "similarity": 0.7771}, {"filename": "7heqcp", "similarity": 0.7763}, {"filename": "7mjcis", "similarity": 0.7738}, {"filename": "7tj8p4", "similarity": 0.7737}, {"filename": "8bqnpi", "similarity": 0.7729}, {"filename": "7zxjo1", "similarity": 0.7725}, {"filename": "81cg2m", "similarity": 0.7721}]