[{"filename": "5jy6j5", "similarity": 1.0}, {"filename": "7pflwy", "similarity": 0.7608}, {"filename": "7yyyje", "similarity": 0.7253}, {"filename": "7yv9xi", "similarity": 0.7231}, {"filename": "7wp27w", "similarity": 0.7184}, {"filename": "5ycqw0", "similarity": 0.7136}, {"filename": "5nlru8", "similarity": 0.713}, {"filename": "824se7", "similarity": 0.7129}, {"filename": "7v0chz", "similarity": 0.7128}, {"filename": "6if78k", "similarity": 0.7126}, {"filename": "6zk93p", "similarity": 0.7072}, {"filename": "871ith", "similarity": 0.707}, {"filename": "897bu8", "similarity": 0.7048}, {"filename": "7ay0mc", "similarity": 0.7038}, {"filename": "6vqf9g", "similarity": 0.7037}, {"filename": "80m4yj", "similarity": 0.7022}, {"filename": "886g8g", "similarity": 0.7018}, {"filename": "5bnbyl", "similarity": 0.7009}, {"filename": "5mnly2", "similarity": 0.7004}, {"filename": "5u9icj", "similarity": 0.6986}, {"filename": "7300vx", "similarity": 0.698}, {"filename": "6mj84n", "similarity": 0.6977}, {"filename": "60em7d", "similarity": 0.6972}, {"filename": "62gv9z", "similarity": 0.6954}, {"filename": "67b4nk", "similarity": 0.6953}, {"filename": "5ulmc4", "similarity": 0.6931}, {"filename": "6zswhs", "similarity": 0.6927}, {"filename": "7j26zc", "similarity": 0.6915}, {"filename": "6v4449", "similarity": 0.6914}, {"filename": "7rhnd1", "similarity": 0.691}]