[{"filename": "5jz83w", "similarity": 1.0}, {"filename": "753ya6", "similarity": 0.7084}, {"filename": "7p5r3i", "similarity": 0.7008}, {"filename": "7iyyyq", "similarity": 0.6985}, {"filename": "7ajlug", "similarity": 0.6924}, {"filename": "7pox2b", "similarity": 0.6884}, {"filename": "6b8643", "similarity": 0.6876}, {"filename": "6jde19", "similarity": 0.6864}, {"filename": "77p1g3", "similarity": 0.6864}, {"filename": "6goraj", "similarity": 0.6845}, {"filename": "7q8v7d", "similarity": 0.6828}, {"filename": "813ssk", "similarity": 0.6822}, {"filename": "67b4nk", "similarity": 0.6817}, {"filename": "74ecg8", "similarity": 0.6815}, {"filename": "822auv", "similarity": 0.6799}, {"filename": "7wp27w", "similarity": 0.6797}, {"filename": "74l85v", "similarity": 0.6789}, {"filename": "6y8tln", "similarity": 0.6784}, {"filename": "5lutf4", "similarity": 0.6772}, {"filename": "7pbhh9", "similarity": 0.6769}, {"filename": "80m4yj", "similarity": 0.6766}, {"filename": "89fvkn", "similarity": 0.676}, {"filename": "6mvikj", "similarity": 0.6758}, {"filename": "824se7", "similarity": 0.6731}, {"filename": "6mj84n", "similarity": 0.6724}, {"filename": "7uryha", "similarity": 0.6723}, {"filename": "7haijt", "similarity": 0.6722}, {"filename": "7msepc", "similarity": 0.672}, {"filename": "6xr0lb", "similarity": 0.6715}, {"filename": "6586ox", "similarity": 0.6692}]