[{"filename": "5k2poz", "similarity": 1.0}, {"filename": "852pfn", "similarity": 0.7635}, {"filename": "6697tp", "similarity": 0.7607}, {"filename": "7ajlug", "similarity": 0.7509}, {"filename": "7rhnd1", "similarity": 0.748}, {"filename": "79msix", "similarity": 0.7428}, {"filename": "7nsswo", "similarity": 0.7425}, {"filename": "7xxs1t", "similarity": 0.7396}, {"filename": "69dg7c", "similarity": 0.7373}, {"filename": "6mdhpg", "similarity": 0.7367}, {"filename": "799vyr", "similarity": 0.7342}, {"filename": "7072l2", "similarity": 0.7338}, {"filename": "6sy786", "similarity": 0.7337}, {"filename": "71qgl8", "similarity": 0.7335}, {"filename": "6emb3n", "similarity": 0.7331}, {"filename": "7teiru", "similarity": 0.7327}, {"filename": "7qfguq", "similarity": 0.732}, {"filename": "5ts0u0", "similarity": 0.7305}, {"filename": "87ulnx", "similarity": 0.7302}, {"filename": "896rq3", "similarity": 0.7301}, {"filename": "80vtqz", "similarity": 0.7289}, {"filename": "6g7079", "similarity": 0.7278}, {"filename": "7pbhh9", "similarity": 0.727}, {"filename": "83kau8", "similarity": 0.7267}, {"filename": "7bg6no", "similarity": 0.7267}, {"filename": "7qjbn8", "similarity": 0.7264}, {"filename": "7836pp", "similarity": 0.7262}, {"filename": "80m4yj", "similarity": 0.726}, {"filename": "8545a0", "similarity": 0.7254}, {"filename": "76xsjt", "similarity": 0.7252}]