[{"filename": "5k32be", "similarity": 1.0}, {"filename": "6zk93p", "similarity": 0.7385}, {"filename": "6xslte", "similarity": 0.7373}, {"filename": "7qjbn8", "similarity": 0.7305}, {"filename": "6y0hku", "similarity": 0.7275}, {"filename": "6dtouw", "similarity": 0.7238}, {"filename": "6xr0lb", "similarity": 0.7227}, {"filename": "7goylm", "similarity": 0.7214}, {"filename": "6bbk1f", "similarity": 0.7205}, {"filename": "61beyg", "similarity": 0.719}, {"filename": "7fb35k", "similarity": 0.7165}, {"filename": "7x6sb2", "similarity": 0.7151}, {"filename": "7uryha", "similarity": 0.7142}, {"filename": "8545a0", "similarity": 0.7134}, {"filename": "6q7bsq", "similarity": 0.7132}, {"filename": "6yesy7", "similarity": 0.7127}, {"filename": "74at2n", "similarity": 0.7122}, {"filename": "68me7o", "similarity": 0.712}, {"filename": "6knenp", "similarity": 0.7114}, {"filename": "852pfn", "similarity": 0.7104}, {"filename": "6v4449", "similarity": 0.7093}, {"filename": "7szw80", "similarity": 0.7093}, {"filename": "7zk2o5", "similarity": 0.7092}, {"filename": "7ajlug", "similarity": 0.709}, {"filename": "7pbhh9", "similarity": 0.7086}, {"filename": "5etltn", "similarity": 0.7082}, {"filename": "7leo29", "similarity": 0.708}, {"filename": "6fldhu", "similarity": 0.7079}, {"filename": "7tejvm", "similarity": 0.7071}, {"filename": "7zgimh", "similarity": 0.7068}]