[{"filename": "5k9b95", "similarity": 1.0}, {"filename": "61s4cx", "similarity": 0.7418}, {"filename": "7haijt", "similarity": 0.7164}, {"filename": "6mvikj", "similarity": 0.6996}, {"filename": "71l0xt", "similarity": 0.6924}, {"filename": "6xr0lb", "similarity": 0.6922}, {"filename": "7j70po", "similarity": 0.6919}, {"filename": "74ecg8", "similarity": 0.6894}, {"filename": "6xslte", "similarity": 0.6855}, {"filename": "7iyyyq", "similarity": 0.6851}, {"filename": "7pbhh9", "similarity": 0.6845}, {"filename": "84nkg1", "similarity": 0.6829}, {"filename": "7uryha", "similarity": 0.6817}, {"filename": "822auv", "similarity": 0.6805}, {"filename": "7gcw56", "similarity": 0.6797}, {"filename": "7yhaey", "similarity": 0.6781}, {"filename": "85rdbi", "similarity": 0.6773}, {"filename": "7836pp", "similarity": 0.6772}, {"filename": "6u1xb1", "similarity": 0.6756}, {"filename": "77n2kc", "similarity": 0.6753}, {"filename": "7yzpuj", "similarity": 0.675}, {"filename": "8bwsj2", "similarity": 0.6742}, {"filename": "7jy1s0", "similarity": 0.6713}, {"filename": "5k32be", "similarity": 0.6702}, {"filename": "7jti9y", "similarity": 0.67}, {"filename": "7z2iak", "similarity": 0.6674}, {"filename": "7tejvm", "similarity": 0.6672}, {"filename": "64nsa1", "similarity": 0.6671}, {"filename": "3x3bqx", "similarity": 0.667}, {"filename": "5tabon", "similarity": 0.6656}]