[{"filename": "5kd1cs", "similarity": 1.0}, {"filename": "7awy3m", "similarity": 0.8104}, {"filename": "7yc681", "similarity": 0.8017}, {"filename": "7vscl8", "similarity": 0.7963}, {"filename": "8brqcq", "similarity": 0.7894}, {"filename": "78v78c", "similarity": 0.7887}, {"filename": "6cnxlz", "similarity": 0.7851}, {"filename": "7tkc9n", "similarity": 0.7846}, {"filename": "83rsj6", "similarity": 0.7846}, {"filename": "654uru", "similarity": 0.7834}, {"filename": "5cvoe1", "similarity": 0.7805}, {"filename": "74uj30", "similarity": 0.7804}, {"filename": "6znrfs", "similarity": 0.7797}, {"filename": "7g4g6f", "similarity": 0.7796}, {"filename": "87ez2n", "similarity": 0.7795}, {"filename": "5nlru8", "similarity": 0.7777}, {"filename": "7fjkmu", "similarity": 0.7748}, {"filename": "7ksk62", "similarity": 0.7746}, {"filename": "6ts65s", "similarity": 0.7743}, {"filename": "7j26zc", "similarity": 0.7735}, {"filename": "71nusf", "similarity": 0.7728}, {"filename": "6xtm2u", "similarity": 0.7716}, {"filename": "7ia8ck", "similarity": 0.7702}, {"filename": "7dd698", "similarity": 0.7702}, {"filename": "6zk93p", "similarity": 0.77}, {"filename": "80q27b", "similarity": 0.7697}, {"filename": "7n3ucg", "similarity": 0.7691}, {"filename": "6l5imf", "similarity": 0.7689}, {"filename": "77uuur", "similarity": 0.7686}, {"filename": "7f16s9", "similarity": 0.768}]