[{"filename": "5kk40e", "similarity": 1.0}, {"filename": "7r1fwu", "similarity": 0.7226}, {"filename": "6xr0lb", "similarity": 0.7187}, {"filename": "7300vx", "similarity": 0.7089}, {"filename": "34fi1c", "similarity": 0.7085}, {"filename": "74t4md", "similarity": 0.7084}, {"filename": "68f2vk", "similarity": 0.7081}, {"filename": "7y2t5y", "similarity": 0.7067}, {"filename": "7y0uz4", "similarity": 0.704}, {"filename": "6ohxty", "similarity": 0.702}, {"filename": "872w7m", "similarity": 0.702}, {"filename": "6tvecu", "similarity": 0.7015}, {"filename": "84yt2z", "similarity": 0.7014}, {"filename": "6nh3he", "similarity": 0.7012}, {"filename": "63k6mh", "similarity": 0.6995}, {"filename": "62dcv9", "similarity": 0.6993}, {"filename": "7qd9yt", "similarity": 0.6963}, {"filename": "6sy786", "similarity": 0.6962}, {"filename": "63qpp0", "similarity": 0.6957}, {"filename": "65qlm7", "similarity": 0.695}, {"filename": "6xzxto", "similarity": 0.6941}, {"filename": "7n9j3b", "similarity": 0.6941}, {"filename": "80d015", "similarity": 0.6934}, {"filename": "6xslte", "similarity": 0.6929}, {"filename": "6useh0", "similarity": 0.6926}, {"filename": "6orcub", "similarity": 0.6921}, {"filename": "8as66c", "similarity": 0.6918}, {"filename": "7t75fl", "similarity": 0.6906}, {"filename": "7hnx4g", "similarity": 0.6904}, {"filename": "6y0hku", "similarity": 0.6902}]