[{"filename": "5lcf3v", "similarity": 1.0}, {"filename": "88hjja", "similarity": 0.6636}, {"filename": "7rk58e", "similarity": 0.6618}, {"filename": "79zju3", "similarity": 0.6616}, {"filename": "7p8rr7", "similarity": 0.6486}, {"filename": "7j1f7j", "similarity": 0.6335}, {"filename": "6ihqvf", "similarity": 0.6294}, {"filename": "89fvkn", "similarity": 0.6293}, {"filename": "7oxqg1", "similarity": 0.6217}, {"filename": "86gxq7", "similarity": 0.6188}, {"filename": "87k0gf", "similarity": 0.6156}, {"filename": "6nmku9", "similarity": 0.6153}, {"filename": "7zn10d", "similarity": 0.6144}, {"filename": "6xr0lb", "similarity": 0.614}, {"filename": "6sme0p", "similarity": 0.6135}, {"filename": "76bgtf", "similarity": 0.6128}, {"filename": "73h5fy", "similarity": 0.6127}, {"filename": "7o78xa", "similarity": 0.6114}, {"filename": "86dthn", "similarity": 0.6112}, {"filename": "7vu58i", "similarity": 0.611}, {"filename": "6xslte", "similarity": 0.6063}, {"filename": "87u89b", "similarity": 0.6058}, {"filename": "8aaqdw", "similarity": 0.6039}, {"filename": "6upnmr", "similarity": 0.6038}, {"filename": "7or4qw", "similarity": 0.6033}, {"filename": "7fa9am", "similarity": 0.602}, {"filename": "6fzxsd", "similarity": 0.5998}, {"filename": "7m1ec3", "similarity": 0.5997}, {"filename": "7p5r3i", "similarity": 0.5994}, {"filename": "85igm2", "similarity": 0.5989}]