[{"filename": "5ldq4t", "similarity": 1.0}, {"filename": "7jixqm", "similarity": 0.705}, {"filename": "7roc9a", "similarity": 0.6784}, {"filename": "61l9ti", "similarity": 0.6618}, {"filename": "63rabg", "similarity": 0.6581}, {"filename": "81cuia", "similarity": 0.6497}, {"filename": "89jhg9", "similarity": 0.645}, {"filename": "7z2iak", "similarity": 0.6386}, {"filename": "8bfhdc", "similarity": 0.6325}, {"filename": "5tsg7a", "similarity": 0.6322}, {"filename": "62j8yk", "similarity": 0.6318}, {"filename": "653bdt", "similarity": 0.631}, {"filename": "681sxi", "similarity": 0.6306}, {"filename": "6uw4h3", "similarity": 0.6289}, {"filename": "76c7tg", "similarity": 0.6289}, {"filename": "5xlmey", "similarity": 0.6269}, {"filename": "7hpv6n", "similarity": 0.6267}, {"filename": "89hp2e", "similarity": 0.6262}, {"filename": "6cnxlz", "similarity": 0.6251}, {"filename": "71nusf", "similarity": 0.622}, {"filename": "71xtda", "similarity": 0.6215}, {"filename": "7v7kq5", "similarity": 0.6212}, {"filename": "7djh2n", "similarity": 0.6209}, {"filename": "76p702", "similarity": 0.6206}, {"filename": "6rrmd3", "similarity": 0.6205}, {"filename": "7ytmr6", "similarity": 0.6197}, {"filename": "6t5y75", "similarity": 0.6192}, {"filename": "6wi37k", "similarity": 0.6192}, {"filename": "644p29", "similarity": 0.6187}, {"filename": "6wiy6z", "similarity": 0.6187}]