[{"filename": "5leyhf", "similarity": 1.0}, {"filename": "7aq9wi", "similarity": 0.806}, {"filename": "626ec6", "similarity": 0.7345}, {"filename": "71oug6", "similarity": 0.727}, {"filename": "65spo9", "similarity": 0.7246}, {"filename": "6pbi0f", "similarity": 0.7199}, {"filename": "7mkihv", "similarity": 0.7189}, {"filename": "8c0hms", "similarity": 0.712}, {"filename": "8b1zf2", "similarity": 0.7098}, {"filename": "7ksoks", "similarity": 0.709}, {"filename": "7pui3d", "similarity": 0.7057}, {"filename": "7bllvq", "similarity": 0.7041}, {"filename": "7b8ec6", "similarity": 0.7041}, {"filename": "83ekls", "similarity": 0.7035}, {"filename": "7jt60o", "similarity": 0.6974}, {"filename": "8070t1", "similarity": 0.6974}, {"filename": "79581u", "similarity": 0.697}, {"filename": "7kkyh7", "similarity": 0.697}, {"filename": "7mefns", "similarity": 0.6967}, {"filename": "7g31hl", "similarity": 0.6932}, {"filename": "76dc4q", "similarity": 0.6926}, {"filename": "6s4ukh", "similarity": 0.6917}, {"filename": "6plpr3", "similarity": 0.6906}, {"filename": "7q7qxv", "similarity": 0.6856}, {"filename": "7v8n73", "similarity": 0.6853}, {"filename": "7ekia2", "similarity": 0.6848}, {"filename": "84yba5", "similarity": 0.6846}, {"filename": "838k8s", "similarity": 0.6841}, {"filename": "7h4t8r", "similarity": 0.6841}, {"filename": "63e94t", "similarity": 0.684}]