[{"filename": "5lutf4", "similarity": 1.0}, {"filename": "6mvikj", "similarity": 0.7243}, {"filename": "69dg7c", "similarity": 0.7214}, {"filename": "7bp8mm", "similarity": 0.716}, {"filename": "6xr0lb", "similarity": 0.7155}, {"filename": "81cgoc", "similarity": 0.7111}, {"filename": "8ag558", "similarity": 0.7096}, {"filename": "7yhaey", "similarity": 0.7093}, {"filename": "7072l2", "similarity": 0.7085}, {"filename": "88qqdr", "similarity": 0.7072}, {"filename": "74ecg8", "similarity": 0.7066}, {"filename": "81rl7c", "similarity": 0.7053}, {"filename": "6y0hku", "similarity": 0.7018}, {"filename": "824se7", "similarity": 0.7011}, {"filename": "77n2kc", "similarity": 0.6998}, {"filename": "6emb3n", "similarity": 0.6995}, {"filename": "7n83ln", "similarity": 0.6986}, {"filename": "6pyc24", "similarity": 0.6962}, {"filename": "7a326f", "similarity": 0.6949}, {"filename": "5zopsf", "similarity": 0.6947}, {"filename": "6lca4i", "similarity": 0.6943}, {"filename": "7wp27w", "similarity": 0.6933}, {"filename": "74xhev", "similarity": 0.6909}, {"filename": "6xslte", "similarity": 0.6908}, {"filename": "72666v", "similarity": 0.6902}, {"filename": "7ajlug", "similarity": 0.6892}, {"filename": "5k2poz", "similarity": 0.6878}, {"filename": "6njmah", "similarity": 0.6878}, {"filename": "5z4kzq", "similarity": 0.6876}, {"filename": "7yyyje", "similarity": 0.6871}]