[{"filename": "5mhmjs", "similarity": 1.0}, {"filename": "5mjv7o", "similarity": 1.0}, {"filename": "7yvhnn", "similarity": 0.907}, {"filename": "6uaaig", "similarity": 0.8939}, {"filename": "6kh3ds", "similarity": 0.8906}, {"filename": "80suna", "similarity": 0.8902}, {"filename": "7jembg", "similarity": 0.8896}, {"filename": "7bno60", "similarity": 0.8788}, {"filename": "7hyyka", "similarity": 0.8778}, {"filename": "6rcqoy", "similarity": 0.8756}, {"filename": "8bqnpi", "similarity": 0.8725}, {"filename": "708wf7", "similarity": 0.872}, {"filename": "7zxjo1", "similarity": 0.8713}, {"filename": "6uotwz", "similarity": 0.8703}, {"filename": "6hqdv7", "similarity": 0.8699}, {"filename": "7xbob9", "similarity": 0.8693}, {"filename": "5j8gyh", "similarity": 0.8683}, {"filename": "7rdv95", "similarity": 0.8683}, {"filename": "6ednbc", "similarity": 0.8653}, {"filename": "7rwp97", "similarity": 0.8645}, {"filename": "7hguc9", "similarity": 0.8638}, {"filename": "694o6h", "similarity": 0.8634}, {"filename": "7xxv3g", "similarity": 0.863}, {"filename": "72k64m", "similarity": 0.8618}, {"filename": "7uzqxc", "similarity": 0.86}, {"filename": "80echz", "similarity": 0.8597}, {"filename": "5tn9h2", "similarity": 0.8596}, {"filename": "7ds19z", "similarity": 0.8595}, {"filename": "7gautq", "similarity": 0.8585}, {"filename": "6tpk84", "similarity": 0.8555}]