[{"filename": "5mnly2", "similarity": 1.0}, {"filename": "7wrw6t", "similarity": 0.7901}, {"filename": "7wp608", "similarity": 0.7844}, {"filename": "5cvoe1", "similarity": 0.7805}, {"filename": "6m4on7", "similarity": 0.7737}, {"filename": "654uru", "similarity": 0.7698}, {"filename": "5ziik0", "similarity": 0.7653}, {"filename": "6vhecf", "similarity": 0.7634}, {"filename": "71xtda", "similarity": 0.7632}, {"filename": "71nusf", "similarity": 0.7632}, {"filename": "7zm6u8", "similarity": 0.7629}, {"filename": "66h8cq", "similarity": 0.7603}, {"filename": "8039cx", "similarity": 0.7599}, {"filename": "7hqv1z", "similarity": 0.7592}, {"filename": "8b1u7r", "similarity": 0.7563}, {"filename": "864qpz", "similarity": 0.7545}, {"filename": "6ht583", "similarity": 0.7541}, {"filename": "5rn537", "similarity": 0.7506}, {"filename": "8aiynr", "similarity": 0.7486}, {"filename": "7g10xb", "similarity": 0.7484}, {"filename": "7ar2wq", "similarity": 0.748}, {"filename": "6h81f0", "similarity": 0.7468}, {"filename": "696yfo", "similarity": 0.7466}, {"filename": "79bv3h", "similarity": 0.746}, {"filename": "6feflv", "similarity": 0.7447}, {"filename": "6wxhek", "similarity": 0.7445}, {"filename": "6x8f2e", "similarity": 0.744}, {"filename": "69qsw7", "similarity": 0.7432}, {"filename": "7uqq3i", "similarity": 0.7428}, {"filename": "758iwv", "similarity": 0.7424}]