[{"filename": "5mt4q8", "similarity": 1.0}, {"filename": "6mmsjb", "similarity": 0.7288}, {"filename": "80vtqz", "similarity": 0.7277}, {"filename": "849ghr", "similarity": 0.7269}, {"filename": "7zi4p8", "similarity": 0.7242}, {"filename": "71j0qj", "similarity": 0.7177}, {"filename": "791wef", "similarity": 0.7173}, {"filename": "7phnmp", "similarity": 0.717}, {"filename": "57llud", "similarity": 0.7147}, {"filename": "77zsna", "similarity": 0.7119}, {"filename": "75pd9h", "similarity": 0.7112}, {"filename": "79seiu", "similarity": 0.711}, {"filename": "71qgl8", "similarity": 0.7108}, {"filename": "63doy2", "similarity": 0.71}, {"filename": "5xc1bu", "similarity": 0.7071}, {"filename": "5x3tz6", "similarity": 0.7071}, {"filename": "6jlf3y", "similarity": 0.7045}, {"filename": "82pqn9", "similarity": 0.7039}, {"filename": "6heyir", "similarity": 0.703}, {"filename": "7urxui", "similarity": 0.7007}, {"filename": "8aq7b2", "similarity": 0.7007}, {"filename": "799vyr", "similarity": 0.7006}, {"filename": "74hnzc", "similarity": 0.7002}, {"filename": "71kcps", "similarity": 0.7001}, {"filename": "83h7cr", "similarity": 0.7}, {"filename": "80gc00", "similarity": 0.6995}, {"filename": "5xmf1w", "similarity": 0.6993}, {"filename": "80u0v8", "similarity": 0.699}, {"filename": "6z2jdl", "similarity": 0.699}, {"filename": "7t5vnh", "similarity": 0.6989}]