[{"filename": "5mwqbb", "similarity": 1.0}, {"filename": "6fqkkg", "similarity": 0.8462}, {"filename": "7wrw6t", "similarity": 0.8222}, {"filename": "71pwjj", "similarity": 0.8045}, {"filename": "6a3b74", "similarity": 0.804}, {"filename": "7ibwz7", "similarity": 0.8013}, {"filename": "7hqv1z", "similarity": 0.7923}, {"filename": "88rflu", "similarity": 0.792}, {"filename": "80c1tb", "similarity": 0.7903}, {"filename": "8a0ppz", "similarity": 0.7872}, {"filename": "6m6ijv", "similarity": 0.7838}, {"filename": "6apqws", "similarity": 0.7835}, {"filename": "7ksk62", "similarity": 0.781}, {"filename": "730jb8", "similarity": 0.7787}, {"filename": "86qzd9", "similarity": 0.776}, {"filename": "6vhecf", "similarity": 0.7746}, {"filename": "621plf", "similarity": 0.7738}, {"filename": "8bfhyy", "similarity": 0.7736}, {"filename": "7yd50c", "similarity": 0.7733}, {"filename": "636zxe", "similarity": 0.7728}, {"filename": "7iydag", "similarity": 0.7701}, {"filename": "8c30hr", "similarity": 0.7697}, {"filename": "7an4ev", "similarity": 0.7696}, {"filename": "6x8f2e", "similarity": 0.7678}, {"filename": "780cr3", "similarity": 0.7672}, {"filename": "64pf0c", "similarity": 0.7647}, {"filename": "654uru", "similarity": 0.7646}, {"filename": "8c6f3b", "similarity": 0.764}, {"filename": "69qsw7", "similarity": 0.7635}, {"filename": "75goge", "similarity": 0.7632}]