[{"filename": "5mwyzo", "similarity": 1.0}, {"filename": "7qjbn8", "similarity": 0.7196}, {"filename": "71i805", "similarity": 0.7114}, {"filename": "76j5vk", "similarity": 0.6928}, {"filename": "6dfmm4", "similarity": 0.687}, {"filename": "7hxpge", "similarity": 0.6863}, {"filename": "70u2w1", "similarity": 0.6768}, {"filename": "6g9mbh", "similarity": 0.6724}, {"filename": "82hu1q", "similarity": 0.6661}, {"filename": "89jhg9", "similarity": 0.664}, {"filename": "5t6d83", "similarity": 0.6637}, {"filename": "7x88fk", "similarity": 0.6596}, {"filename": "63ko9o", "similarity": 0.6593}, {"filename": "79osnv", "similarity": 0.6574}, {"filename": "6697tp", "similarity": 0.6532}, {"filename": "859fxx", "similarity": 0.6529}, {"filename": "7bkx79", "similarity": 0.6511}, {"filename": "6mdhpg", "similarity": 0.6503}, {"filename": "7b4968", "similarity": 0.6493}, {"filename": "74muva", "similarity": 0.6488}, {"filename": "852pfn", "similarity": 0.6479}, {"filename": "6o6f22", "similarity": 0.6475}, {"filename": "7xxs1t", "similarity": 0.6459}, {"filename": "6rrmd3", "similarity": 0.6456}, {"filename": "83tato", "similarity": 0.6454}, {"filename": "6abve7", "similarity": 0.6437}, {"filename": "84cmm7", "similarity": 0.6433}, {"filename": "7ncmkx", "similarity": 0.6432}, {"filename": "68jbop", "similarity": 0.6428}, {"filename": "871ith", "similarity": 0.6423}]