[{"filename": "5mzupy", "similarity": 1.0}, {"filename": "7rhnd1", "similarity": 0.7178}, {"filename": "79msix", "similarity": 0.7137}, {"filename": "7ta3zq", "similarity": 0.7071}, {"filename": "871ith", "similarity": 0.7057}, {"filename": "7zi4p8", "similarity": 0.7056}, {"filename": "8545a0", "similarity": 0.7051}, {"filename": "70dbd2", "similarity": 0.7037}, {"filename": "7053ed", "similarity": 0.7035}, {"filename": "7pbhh9", "similarity": 0.7033}, {"filename": "5z4kzq", "similarity": 0.6998}, {"filename": "6g7079", "similarity": 0.6988}, {"filename": "6cfms2", "similarity": 0.6985}, {"filename": "5k2poz", "similarity": 0.697}, {"filename": "6m5k0o", "similarity": 0.6968}, {"filename": "7qm4v2", "similarity": 0.6967}, {"filename": "7qf51x", "similarity": 0.6959}, {"filename": "7tpjg5", "similarity": 0.6951}, {"filename": "799vyr", "similarity": 0.692}, {"filename": "6jb6yp", "similarity": 0.6915}, {"filename": "71qgl8", "similarity": 0.6908}, {"filename": "85rz6p", "similarity": 0.6907}, {"filename": "7phgo0", "similarity": 0.6906}, {"filename": "74eutg", "similarity": 0.6888}, {"filename": "80vtqz", "similarity": 0.6886}, {"filename": "7qjbn8", "similarity": 0.6886}, {"filename": "76e06a", "similarity": 0.686}, {"filename": "6knenp", "similarity": 0.6859}, {"filename": "7lfdip", "similarity": 0.6857}, {"filename": "7uhliv", "similarity": 0.6856}]