[{"filename": "5nczuh", "similarity": 1.0}, {"filename": "6ef1y9", "similarity": 0.849}, {"filename": "5cqpm4", "similarity": 0.8352}, {"filename": "7bdel6", "similarity": 0.8349}, {"filename": "6ca8c2", "similarity": 0.8254}, {"filename": "6mmhgs", "similarity": 0.8141}, {"filename": "81gw8w", "similarity": 0.8105}, {"filename": "7q0yxn", "similarity": 0.8031}, {"filename": "86a9rb", "similarity": 0.7944}, {"filename": "77kuyq", "similarity": 0.7926}, {"filename": "85r3r8", "similarity": 0.7925}, {"filename": "7pmqwx", "similarity": 0.7923}, {"filename": "7uopnv", "similarity": 0.7919}, {"filename": "7ri7l1", "similarity": 0.7897}, {"filename": "6mzc54", "similarity": 0.7893}, {"filename": "87alnc", "similarity": 0.7845}, {"filename": "85bfny", "similarity": 0.7839}, {"filename": "86tb44", "similarity": 0.7824}, {"filename": "56h87o", "similarity": 0.7814}, {"filename": "7phtqm", "similarity": 0.7811}, {"filename": "7wtsxz", "similarity": 0.7774}, {"filename": "709zox", "similarity": 0.7764}, {"filename": "6ttv7t", "similarity": 0.7759}, {"filename": "776dz9", "similarity": 0.7747}, {"filename": "8bvet6", "similarity": 0.774}, {"filename": "7e9ts7", "similarity": 0.7733}, {"filename": "7oesnc", "similarity": 0.7724}, {"filename": "7yuxeb", "similarity": 0.7714}, {"filename": "82nosn", "similarity": 0.7714}, {"filename": "858xap", "similarity": 0.7708}]