[{"filename": "5nlru8", "similarity": 1.0}, {"filename": "7awy3m", "similarity": 0.7946}, {"filename": "88ypdx", "similarity": 0.7932}, {"filename": "74uj30", "similarity": 0.7902}, {"filename": "6901p4", "similarity": 0.7897}, {"filename": "34fi1c", "similarity": 0.7836}, {"filename": "6uw4h3", "similarity": 0.7787}, {"filename": "5kd1cs", "similarity": 0.7777}, {"filename": "6s5de8", "similarity": 0.7726}, {"filename": "6zk93p", "similarity": 0.7723}, {"filename": "7yc681", "similarity": 0.7715}, {"filename": "7bllvq", "similarity": 0.7711}, {"filename": "7j26zc", "similarity": 0.7701}, {"filename": "6n10qg", "similarity": 0.7682}, {"filename": "71xtda", "similarity": 0.7676}, {"filename": "7ia8ck", "similarity": 0.765}, {"filename": "71nusf", "similarity": 0.7644}, {"filename": "6cnxlz", "similarity": 0.7641}, {"filename": "7msepc", "similarity": 0.7621}, {"filename": "7nqmqn", "similarity": 0.7593}, {"filename": "76p702", "similarity": 0.7588}, {"filename": "6b4khu", "similarity": 0.7588}, {"filename": "7wq7q4", "similarity": 0.758}, {"filename": "6u152p", "similarity": 0.7568}, {"filename": "5wnmld", "similarity": 0.7567}, {"filename": "777dq8", "similarity": 0.7566}, {"filename": "8b1u7r", "similarity": 0.7563}, {"filename": "7f23mo", "similarity": 0.755}, {"filename": "7f16s9", "similarity": 0.7542}, {"filename": "758iwv", "similarity": 0.754}]