[{"filename": "5nn64d", "similarity": 1.0}, {"filename": "7ri7l1", "similarity": 0.8034}, {"filename": "6ca8c2", "similarity": 0.8015}, {"filename": "6mmhgs", "similarity": 0.8003}, {"filename": "6ef1y9", "similarity": 0.7911}, {"filename": "6r46h4", "similarity": 0.7908}, {"filename": "74u3dj", "similarity": 0.7901}, {"filename": "7pmqwx", "similarity": 0.79}, {"filename": "70pfc9", "similarity": 0.7883}, {"filename": "7q0yxn", "similarity": 0.7883}, {"filename": "7u0oss", "similarity": 0.788}, {"filename": "87alnc", "similarity": 0.7868}, {"filename": "77kuyq", "similarity": 0.7851}, {"filename": "88y8vq", "similarity": 0.785}, {"filename": "6f7fqc", "similarity": 0.783}, {"filename": "74n3el", "similarity": 0.7828}, {"filename": "858xap", "similarity": 0.7814}, {"filename": "7nrv7c", "similarity": 0.7813}, {"filename": "878c85", "similarity": 0.7809}, {"filename": "7uopnv", "similarity": 0.7768}, {"filename": "6mzc54", "similarity": 0.775}, {"filename": "85ubqc", "similarity": 0.7735}, {"filename": "6sfus9", "similarity": 0.773}, {"filename": "881lvb", "similarity": 0.7722}, {"filename": "7o7hn8", "similarity": 0.7721}, {"filename": "7smdxf", "similarity": 0.7715}, {"filename": "82nosn", "similarity": 0.771}, {"filename": "7oesnc", "similarity": 0.771}, {"filename": "7pf9v8", "similarity": 0.768}, {"filename": "86a9rb", "similarity": 0.7671}]