[{"filename": "5nt46a", "similarity": 1.0}, {"filename": "72666v", "similarity": 0.7369}, {"filename": "7tzxbu", "similarity": 0.7133}, {"filename": "81y6a9", "similarity": 0.7128}, {"filename": "7i9499", "similarity": 0.7116}, {"filename": "7nrv7c", "similarity": 0.7113}, {"filename": "809iqy", "similarity": 0.7088}, {"filename": "7wyl25", "similarity": 0.7088}, {"filename": "7zhi8k", "similarity": 0.7085}, {"filename": "70dtv1", "similarity": 0.708}, {"filename": "6ohxty", "similarity": 0.707}, {"filename": "872w7m", "similarity": 0.707}, {"filename": "76m13w", "similarity": 0.7068}, {"filename": "7teiru", "similarity": 0.7052}, {"filename": "70pfc9", "similarity": 0.705}, {"filename": "7y0uz4", "similarity": 0.7021}, {"filename": "6dtouw", "similarity": 0.701}, {"filename": "5nn64d", "similarity": 0.7004}, {"filename": "7wsmdd", "similarity": 0.6997}, {"filename": "88y8vq", "similarity": 0.6992}, {"filename": "5z4kzq", "similarity": 0.698}, {"filename": "6u1xb1", "similarity": 0.6942}, {"filename": "88e9xj", "similarity": 0.6942}, {"filename": "69dg7c", "similarity": 0.6939}, {"filename": "877i5c", "similarity": 0.6938}, {"filename": "7836pp", "similarity": 0.6936}, {"filename": "813ssk", "similarity": 0.6933}, {"filename": "7rhnd1", "similarity": 0.6909}, {"filename": "7y29xx", "similarity": 0.6906}, {"filename": "62s484", "similarity": 0.6904}]