[{"filename": "5ofwqz", "similarity": 1.0}, {"filename": "7qfguq", "similarity": 0.7256}, {"filename": "8aht8g", "similarity": 0.7201}, {"filename": "8av4gy", "similarity": 0.7097}, {"filename": "8aqi20", "similarity": 0.7088}, {"filename": "6q2p5y", "similarity": 0.7081}, {"filename": "7whlev", "similarity": 0.7003}, {"filename": "6aqzdk", "similarity": 0.6916}, {"filename": "8bwsj2", "similarity": 0.6829}, {"filename": "7f62cg", "similarity": 0.6812}, {"filename": "6hyns7", "similarity": 0.6792}, {"filename": "6v4449", "similarity": 0.679}, {"filename": "84x7td", "similarity": 0.6779}, {"filename": "89z0mi", "similarity": 0.6778}, {"filename": "81y6a9", "similarity": 0.6777}, {"filename": "80nma3", "similarity": 0.6771}, {"filename": "8alael", "similarity": 0.6768}, {"filename": "6ujfx7", "similarity": 0.676}, {"filename": "8b1ova", "similarity": 0.6754}, {"filename": "76zs8f", "similarity": 0.6715}, {"filename": "805hum", "similarity": 0.6712}, {"filename": "6pyc24", "similarity": 0.6706}, {"filename": "7yyyje", "similarity": 0.6692}, {"filename": "85b7hx", "similarity": 0.6691}, {"filename": "7n84r8", "similarity": 0.6675}, {"filename": "6h74g8", "similarity": 0.6674}, {"filename": "7kuh9z", "similarity": 0.6673}, {"filename": "6uiwov", "similarity": 0.6672}, {"filename": "7nbmg0", "similarity": 0.6671}, {"filename": "6586ox", "similarity": 0.6669}]