[{"filename": "5ohhca", "similarity": 1.0}, {"filename": "7efpd1", "similarity": 0.678}, {"filename": "8bwsj2", "similarity": 0.6646}, {"filename": "6lca4i", "similarity": 0.6549}, {"filename": "7vn2yz", "similarity": 0.653}, {"filename": "8538zz", "similarity": 0.6505}, {"filename": "6zde3s", "similarity": 0.6433}, {"filename": "6njmah", "similarity": 0.6417}, {"filename": "6mvikj", "similarity": 0.6379}, {"filename": "858ywp", "similarity": 0.6366}, {"filename": "7xy33f", "similarity": 0.6359}, {"filename": "89z0mi", "similarity": 0.6353}, {"filename": "7haijt", "similarity": 0.631}, {"filename": "63rabg", "similarity": 0.6302}, {"filename": "6orcub", "similarity": 0.6286}, {"filename": "7iyyyq", "similarity": 0.6274}, {"filename": "6jde19", "similarity": 0.6269}, {"filename": "610uyg", "similarity": 0.6268}, {"filename": "6kdsps", "similarity": 0.6266}, {"filename": "7x88fk", "similarity": 0.6264}, {"filename": "6xkfxw", "similarity": 0.6254}, {"filename": "75bxvi", "similarity": 0.6252}, {"filename": "7yzpuj", "similarity": 0.6229}, {"filename": "6vyd0q", "similarity": 0.6213}, {"filename": "5j6mld", "similarity": 0.6212}, {"filename": "6xnoql", "similarity": 0.6207}, {"filename": "7uhliv", "similarity": 0.6205}, {"filename": "6pyc24", "similarity": 0.6204}, {"filename": "76p702", "similarity": 0.6194}, {"filename": "76xa7f", "similarity": 0.6191}]