[{"filename": "5oi9ua", "similarity": 1.0}, {"filename": "62xfyd", "similarity": 0.852}, {"filename": "80qdkj", "similarity": 0.8462}, {"filename": "7zo3g7", "similarity": 0.8435}, {"filename": "5xlmey", "similarity": 0.8099}, {"filename": "7ytmr6", "similarity": 0.8035}, {"filename": "649ejf", "similarity": 0.8019}, {"filename": "81g42s", "similarity": 0.7985}, {"filename": "75cc81", "similarity": 0.798}, {"filename": "7wcnzz", "similarity": 0.7947}, {"filename": "71xtda", "similarity": 0.7938}, {"filename": "8bm0hc", "similarity": 0.7937}, {"filename": "6wy4j9", "similarity": 0.7929}, {"filename": "843g9l", "similarity": 0.7926}, {"filename": "71nusf", "similarity": 0.7917}, {"filename": "7yd52h", "similarity": 0.7906}, {"filename": "7ber0v", "similarity": 0.7887}, {"filename": "84y4hd", "similarity": 0.7881}, {"filename": "71qpl2", "similarity": 0.7874}, {"filename": "73mbq6", "similarity": 0.7849}, {"filename": "7kjhc5", "similarity": 0.7846}, {"filename": "78gun7", "similarity": 0.7832}, {"filename": "6e25c5", "similarity": 0.779}, {"filename": "681sxi", "similarity": 0.7787}, {"filename": "7ukwg1", "similarity": 0.778}, {"filename": "7urxui", "similarity": 0.7779}, {"filename": "80q5kn", "similarity": 0.7769}, {"filename": "83p8gj", "similarity": 0.7768}, {"filename": "5x7lxv", "similarity": 0.7742}, {"filename": "72ilwd", "similarity": 0.7725}]