[{"filename": "5opvb9", "similarity": 1.0}, {"filename": "6m5k0o", "similarity": 0.6656}, {"filename": "7z3rzi", "similarity": 0.6576}, {"filename": "5z4kzq", "similarity": 0.6517}, {"filename": "7pbhh9", "similarity": 0.6439}, {"filename": "7vkiph", "similarity": 0.6428}, {"filename": "7mav5u", "similarity": 0.6386}, {"filename": "6t8d97", "similarity": 0.6385}, {"filename": "81cgoc", "similarity": 0.6384}, {"filename": "7axuk7", "similarity": 0.6361}, {"filename": "6g7079", "similarity": 0.6346}, {"filename": "6s67yv", "similarity": 0.6329}, {"filename": "7vdxgj", "similarity": 0.6297}, {"filename": "82p1tu", "similarity": 0.6286}, {"filename": "7ajlug", "similarity": 0.6284}, {"filename": "7djh2n", "similarity": 0.6282}, {"filename": "6rywed", "similarity": 0.6274}, {"filename": "7yhaey", "similarity": 0.6273}, {"filename": "8ag558", "similarity": 0.6265}, {"filename": "7vmwtj", "similarity": 0.6258}, {"filename": "7q8v7d", "similarity": 0.6256}, {"filename": "7nlq1z", "similarity": 0.6239}, {"filename": "7836pp", "similarity": 0.6238}, {"filename": "7uryha", "similarity": 0.6232}, {"filename": "6z2jdl", "similarity": 0.6231}, {"filename": "87bui9", "similarity": 0.6218}, {"filename": "5zyeln", "similarity": 0.6204}, {"filename": "6mvikj", "similarity": 0.6204}, {"filename": "6buq1s", "similarity": 0.6203}, {"filename": "7p5r3i", "similarity": 0.6203}]