[{"filename": "5oqqyc", "similarity": 1.0}, {"filename": "8b1u7r", "similarity": 0.8127}, {"filename": "71nusf", "similarity": 0.8098}, {"filename": "71xtda", "similarity": 0.8012}, {"filename": "6wy4j9", "similarity": 0.7999}, {"filename": "7wcnzz", "similarity": 0.7952}, {"filename": "8bm0hc", "similarity": 0.7951}, {"filename": "7jk01u", "similarity": 0.7939}, {"filename": "7kysl9", "similarity": 0.792}, {"filename": "64x971", "similarity": 0.7916}, {"filename": "681sxi", "similarity": 0.7913}, {"filename": "7ytmnz", "similarity": 0.7884}, {"filename": "6f1n9w", "similarity": 0.788}, {"filename": "7xavc0", "similarity": 0.7865}, {"filename": "7urxui", "similarity": 0.786}, {"filename": "84c77w", "similarity": 0.7852}, {"filename": "83rsj6", "similarity": 0.7832}, {"filename": "636ufe", "similarity": 0.7816}, {"filename": "843g9l", "similarity": 0.7814}, {"filename": "7kjhc5", "similarity": 0.7813}, {"filename": "724e44", "similarity": 0.7807}, {"filename": "6heyir", "similarity": 0.7799}, {"filename": "72eue8", "similarity": 0.7798}, {"filename": "81g42s", "similarity": 0.7793}, {"filename": "83ebnr", "similarity": 0.7791}, {"filename": "706pop", "similarity": 0.7784}, {"filename": "813u7o", "similarity": 0.7776}, {"filename": "82pqn9", "similarity": 0.7771}, {"filename": "73vfo2", "similarity": 0.7753}, {"filename": "87hxtr", "similarity": 0.7745}]