[{"filename": "5p2s2w", "similarity": 1.0}, {"filename": "7sgbjp", "similarity": 0.9724}, {"filename": "7wyl25", "similarity": 0.7536}, {"filename": "6jfvj2", "similarity": 0.7477}, {"filename": "7oxw23", "similarity": 0.7442}, {"filename": "6naz23", "similarity": 0.7407}, {"filename": "7wdi8n", "similarity": 0.7407}, {"filename": "7p7ghy", "similarity": 0.7374}, {"filename": "76bgtf", "similarity": 0.737}, {"filename": "7u02wz", "similarity": 0.7361}, {"filename": "724s3l", "similarity": 0.7352}, {"filename": "6vx5pd", "similarity": 0.7348}, {"filename": "6t7pak", "similarity": 0.7341}, {"filename": "6lmfot", "similarity": 0.7327}, {"filename": "7g18cy", "similarity": 0.7294}, {"filename": "73lhor", "similarity": 0.7281}, {"filename": "74sbot", "similarity": 0.7281}, {"filename": "661q07", "similarity": 0.7266}, {"filename": "8bp25n", "similarity": 0.7261}, {"filename": "7e1ei4", "similarity": 0.7257}, {"filename": "7uhliv", "similarity": 0.7243}, {"filename": "7eh5w0", "similarity": 0.7243}, {"filename": "76m13w", "similarity": 0.7237}, {"filename": "6lf3u6", "similarity": 0.7236}, {"filename": "7nsaqa", "similarity": 0.7229}, {"filename": "6gzkgy", "similarity": 0.7222}, {"filename": "7rm17f", "similarity": 0.7218}, {"filename": "7p02i4", "similarity": 0.7217}, {"filename": "7rhnd1", "similarity": 0.7203}, {"filename": "6gsgbt", "similarity": 0.7199}]