[{"filename": "5p861p", "similarity": 1.0}, {"filename": "76m13w", "similarity": 0.7006}, {"filename": "7pbhh9", "similarity": 0.6921}, {"filename": "68me7o", "similarity": 0.6906}, {"filename": "7wsm6s", "similarity": 0.6856}, {"filename": "7d0kbf", "similarity": 0.6855}, {"filename": "7uhliv", "similarity": 0.6852}, {"filename": "74uj30", "similarity": 0.6845}, {"filename": "6v4449", "similarity": 0.6843}, {"filename": "5zcjpc", "similarity": 0.6843}, {"filename": "7mqf0a", "similarity": 0.6839}, {"filename": "813u7o", "similarity": 0.6834}, {"filename": "8as66c", "similarity": 0.6831}, {"filename": "7s5vtd", "similarity": 0.6825}, {"filename": "6fdgy9", "similarity": 0.6812}, {"filename": "5zpmx8", "similarity": 0.6809}, {"filename": "7u02wz", "similarity": 0.6797}, {"filename": "7wdi8n", "similarity": 0.6792}, {"filename": "7dkni2", "similarity": 0.6773}, {"filename": "701qav", "similarity": 0.6772}, {"filename": "87pxlg", "similarity": 0.6771}, {"filename": "87talx", "similarity": 0.6764}, {"filename": "6uiwov", "similarity": 0.6762}, {"filename": "84ibm0", "similarity": 0.6752}, {"filename": "6qxqao", "similarity": 0.6738}, {"filename": "7wyl25", "similarity": 0.6738}, {"filename": "7y2t5y", "similarity": 0.6734}, {"filename": "72fvsq", "similarity": 0.673}, {"filename": "63k6mh", "similarity": 0.6721}, {"filename": "6orcub", "similarity": 0.6712}]