[{"filename": "5p8buj", "similarity": 1.0}, {"filename": "6ypo89", "similarity": 0.6473}, {"filename": "6cfms2", "similarity": 0.6375}, {"filename": "85415v", "similarity": 0.6372}, {"filename": "777dq8", "similarity": 0.6358}, {"filename": "75uzjo", "similarity": 0.6339}, {"filename": "7x88fk", "similarity": 0.6313}, {"filename": "7m3ou9", "similarity": 0.6305}, {"filename": "75v1x2", "similarity": 0.6297}, {"filename": "8545a0", "similarity": 0.6291}, {"filename": "7ymtgl", "similarity": 0.6276}, {"filename": "7pambg", "similarity": 0.6264}, {"filename": "7colnv", "similarity": 0.6237}, {"filename": "81rej8", "similarity": 0.6235}, {"filename": "79msix", "similarity": 0.6232}, {"filename": "6v4449", "similarity": 0.6224}, {"filename": "7skvd1", "similarity": 0.6221}, {"filename": "7wq7q4", "similarity": 0.6194}, {"filename": "7kvxa0", "similarity": 0.6184}, {"filename": "6uw4h3", "similarity": 0.6167}, {"filename": "7qzz1u", "similarity": 0.6159}, {"filename": "7nlq1z", "similarity": 0.6154}, {"filename": "6pfrsw", "similarity": 0.6151}, {"filename": "6n10qg", "similarity": 0.615}, {"filename": "7374sc", "similarity": 0.6149}, {"filename": "7qjbn8", "similarity": 0.6148}, {"filename": "7dd698", "similarity": 0.6139}, {"filename": "7l8d84", "similarity": 0.6138}, {"filename": "799vyr", "similarity": 0.6135}, {"filename": "6llkli", "similarity": 0.6134}]