[{"filename": "5pm1ag", "similarity": 1.0}, {"filename": "5rlcs1", "similarity": 0.6772}, {"filename": "83mfpv", "similarity": 0.6751}, {"filename": "80wlnn", "similarity": 0.6743}, {"filename": "6useh0", "similarity": 0.6735}, {"filename": "7l8d84", "similarity": 0.6726}, {"filename": "7rt3gk", "similarity": 0.6717}, {"filename": "6nkdii", "similarity": 0.671}, {"filename": "6qgh3m", "similarity": 0.6669}, {"filename": "34fi1c", "similarity": 0.6636}, {"filename": "6wtj4n", "similarity": 0.6634}, {"filename": "7qfguq", "similarity": 0.6625}, {"filename": "7zmm0h", "similarity": 0.6617}, {"filename": "7z1rjy", "similarity": 0.6606}, {"filename": "7zlhwh", "similarity": 0.6566}, {"filename": "6pyc24", "similarity": 0.6564}, {"filename": "6xlhtv", "similarity": 0.6538}, {"filename": "89swch", "similarity": 0.6534}, {"filename": "6akyca", "similarity": 0.6533}, {"filename": "64767b", "similarity": 0.6531}, {"filename": "6b9r4t", "similarity": 0.6515}, {"filename": "86189j", "similarity": 0.651}, {"filename": "7c6adh", "similarity": 0.6498}, {"filename": "7jd8nw", "similarity": 0.6496}, {"filename": "6nevka", "similarity": 0.6496}, {"filename": "5ts0u0", "similarity": 0.6478}, {"filename": "85azfl", "similarity": 0.6477}, {"filename": "7sddow", "similarity": 0.6465}, {"filename": "7yyyje", "similarity": 0.6451}, {"filename": "81s3n5", "similarity": 0.6446}]