[{"filename": "5ptqdf", "similarity": 1.0}, {"filename": "8800wt", "similarity": 0.7586}, {"filename": "7wrw6t", "similarity": 0.7471}, {"filename": "8bjwxl", "similarity": 0.7452}, {"filename": "5cvoe1", "similarity": 0.7402}, {"filename": "66913o", "similarity": 0.7393}, {"filename": "7k66ah", "similarity": 0.7379}, {"filename": "654uru", "similarity": 0.7294}, {"filename": "6v9raf", "similarity": 0.7252}, {"filename": "6mwl6h", "similarity": 0.7249}, {"filename": "78586f", "similarity": 0.7248}, {"filename": "886g8g", "similarity": 0.7247}, {"filename": "7g10xb", "similarity": 0.723}, {"filename": "7xymri", "similarity": 0.7223}, {"filename": "6hlgbr", "similarity": 0.7215}, {"filename": "859ryk", "similarity": 0.7196}, {"filename": "7169op", "similarity": 0.7181}, {"filename": "6jdp8f", "similarity": 0.7174}, {"filename": "7f23mo", "similarity": 0.7153}, {"filename": "8039cx", "similarity": 0.7146}, {"filename": "8bnhu4", "similarity": 0.7142}, {"filename": "7hqv1z", "similarity": 0.7132}, {"filename": "7xs3ce", "similarity": 0.7125}, {"filename": "748j9v", "similarity": 0.7119}, {"filename": "6x8f2e", "similarity": 0.71}, {"filename": "7ksk62", "similarity": 0.71}, {"filename": "746ua4", "similarity": 0.7086}, {"filename": "5rn537", "similarity": 0.7052}, {"filename": "7d5rie", "similarity": 0.7043}, {"filename": "70iv5x", "similarity": 0.7039}]