[{"filename": "5pw7mi", "similarity": 1.0}, {"filename": "7nobgm", "similarity": 0.7417}, {"filename": "8bm0hc", "similarity": 0.7398}, {"filename": "7ckfcc", "similarity": 0.7291}, {"filename": "71nusf", "similarity": 0.728}, {"filename": "653bdt", "similarity": 0.7276}, {"filename": "7ukwg1", "similarity": 0.7267}, {"filename": "6wiy6z", "similarity": 0.7256}, {"filename": "6cnxlz", "similarity": 0.7238}, {"filename": "7ia8ck", "similarity": 0.7232}, {"filename": "5x7lxv", "similarity": 0.7227}, {"filename": "7hqv1z", "similarity": 0.7226}, {"filename": "87txrx", "similarity": 0.7193}, {"filename": "7ksk62", "similarity": 0.7192}, {"filename": "696yfo", "similarity": 0.719}, {"filename": "7v8n73", "similarity": 0.7171}, {"filename": "7v765s", "similarity": 0.7154}, {"filename": "7vscl8", "similarity": 0.7149}, {"filename": "6w3zoq", "similarity": 0.7145}, {"filename": "5kd1cs", "similarity": 0.7142}, {"filename": "7ber0v", "similarity": 0.714}, {"filename": "7vbgih", "similarity": 0.7138}, {"filename": "78v78c", "similarity": 0.7129}, {"filename": "776kat", "similarity": 0.7128}, {"filename": "5mnly2", "similarity": 0.7117}, {"filename": "71xtda", "similarity": 0.711}, {"filename": "7uypxt", "similarity": 0.7109}, {"filename": "7o5ctm", "similarity": 0.7104}, {"filename": "7tj8p4", "similarity": 0.7103}, {"filename": "6dqjle", "similarity": 0.7101}]