[{"filename": "5pzeu9", "similarity": 1.0}, {"filename": "7vv1ca", "similarity": 0.8088}, {"filename": "5ts0u0", "similarity": 0.7895}, {"filename": "716ius", "similarity": 0.7883}, {"filename": "798vdy", "similarity": 0.7855}, {"filename": "74n3el", "similarity": 0.7829}, {"filename": "87ulnx", "similarity": 0.7817}, {"filename": "88y8vq", "similarity": 0.7811}, {"filename": "7jb6ra", "similarity": 0.78}, {"filename": "7uq2ac", "similarity": 0.7771}, {"filename": "6g7079", "similarity": 0.7764}, {"filename": "88wdk1", "similarity": 0.7752}, {"filename": "7ljjyu", "similarity": 0.7715}, {"filename": "7h8t8p", "similarity": 0.7708}, {"filename": "6n5cob", "similarity": 0.7702}, {"filename": "881lvb", "similarity": 0.7681}, {"filename": "85o7z6", "similarity": 0.7677}, {"filename": "7o5ctm", "similarity": 0.7658}, {"filename": "6974vw", "similarity": 0.7646}, {"filename": "74u3dj", "similarity": 0.7618}, {"filename": "7vgx6l", "similarity": 0.7616}, {"filename": "66yyve", "similarity": 0.7614}, {"filename": "7uw4rk", "similarity": 0.7612}, {"filename": "7teiru", "similarity": 0.761}, {"filename": "7jt60o", "similarity": 0.7609}, {"filename": "763jwv", "similarity": 0.7607}, {"filename": "6e0har", "similarity": 0.7599}, {"filename": "7p7ghy", "similarity": 0.7583}, {"filename": "6mzc54", "similarity": 0.7556}, {"filename": "721q6q", "similarity": 0.7553}]