[{"filename": "5q9rs5", "similarity": 1.0}, {"filename": "6e78d6", "similarity": 0.748}, {"filename": "5ulmc4", "similarity": 0.7438}, {"filename": "87pxlg", "similarity": 0.7407}, {"filename": "7g4g6f", "similarity": 0.7392}, {"filename": "7zk2o5", "similarity": 0.7382}, {"filename": "7pbhh9", "similarity": 0.7375}, {"filename": "871ith", "similarity": 0.7373}, {"filename": "7on3ac", "similarity": 0.7357}, {"filename": "7kjxl9", "similarity": 0.7331}, {"filename": "73lhor", "similarity": 0.7319}, {"filename": "74uj30", "similarity": 0.73}, {"filename": "6uw4h3", "similarity": 0.7291}, {"filename": "833ihe", "similarity": 0.7282}, {"filename": "6zk93p", "similarity": 0.7274}, {"filename": "7nlq1z", "similarity": 0.727}, {"filename": "6zekf3", "similarity": 0.7266}, {"filename": "5gz7xq", "similarity": 0.7246}, {"filename": "6rdyst", "similarity": 0.7242}, {"filename": "662rju", "similarity": 0.7238}, {"filename": "7tzxbu", "similarity": 0.7229}, {"filename": "7x6sb2", "similarity": 0.7224}, {"filename": "6msu80", "similarity": 0.722}, {"filename": "7qm4v2", "similarity": 0.7218}, {"filename": "7wsm6s", "similarity": 0.7207}, {"filename": "77n2kc", "similarity": 0.7203}, {"filename": "7y0uz4", "similarity": 0.72}, {"filename": "74muva", "similarity": 0.7198}, {"filename": "4yfw74", "similarity": 0.7194}, {"filename": "7msepc", "similarity": 0.719}]