[{"filename": "5qgr23", "similarity": 1.0}, {"filename": "8by5s6", "similarity": 0.7584}, {"filename": "780cr3", "similarity": 0.7558}, {"filename": "7rsey5", "similarity": 0.7487}, {"filename": "6c13dg", "similarity": 0.7486}, {"filename": "73f0u2", "similarity": 0.7428}, {"filename": "814x99", "similarity": 0.7363}, {"filename": "7ivcuz", "similarity": 0.7306}, {"filename": "7tuynj", "similarity": 0.7251}, {"filename": "881v1w", "similarity": 0.723}, {"filename": "7nc30x", "similarity": 0.7229}, {"filename": "88aixz", "similarity": 0.7227}, {"filename": "6tubo2", "similarity": 0.7224}, {"filename": "7pp195", "similarity": 0.721}, {"filename": "7wlsay", "similarity": 0.721}, {"filename": "84m2zj", "similarity": 0.7208}, {"filename": "7d0kbf", "similarity": 0.7201}, {"filename": "879n66", "similarity": 0.7198}, {"filename": "7vg0gc", "similarity": 0.7178}, {"filename": "7erm8n", "similarity": 0.716}, {"filename": "88rflu", "similarity": 0.7156}, {"filename": "7jd8nw", "similarity": 0.7153}, {"filename": "7msepc", "similarity": 0.7151}, {"filename": "88fpmv", "similarity": 0.7136}, {"filename": "75goge", "similarity": 0.7119}, {"filename": "7ksk62", "similarity": 0.7111}, {"filename": "7y0uz4", "similarity": 0.7111}, {"filename": "6cnog5", "similarity": 0.7108}, {"filename": "6m9zpb", "similarity": 0.71}, {"filename": "6e78d6", "similarity": 0.7099}]