[{"filename": "5qguxu", "similarity": 1.0}, {"filename": "6z90ki", "similarity": 0.8505}, {"filename": "6sla0d", "similarity": 0.8292}, {"filename": "624dc6", "similarity": 0.829}, {"filename": "79dda4", "similarity": 0.8277}, {"filename": "6gzee7", "similarity": 0.8243}, {"filename": "7ivcuz", "similarity": 0.8239}, {"filename": "636ufe", "similarity": 0.8239}, {"filename": "8c4c1n", "similarity": 0.8185}, {"filename": "72bdli", "similarity": 0.8125}, {"filename": "6oe37l", "similarity": 0.8125}, {"filename": "84x373", "similarity": 0.8112}, {"filename": "6sbhhg", "similarity": 0.8052}, {"filename": "6rck70", "similarity": 0.8047}, {"filename": "6m9zpb", "similarity": 0.7951}, {"filename": "6lydhn", "similarity": 0.7922}, {"filename": "7pp195", "similarity": 0.791}, {"filename": "85carr", "similarity": 0.7902}, {"filename": "7ed39f", "similarity": 0.7894}, {"filename": "7zxag1", "similarity": 0.7894}, {"filename": "7uw4rk", "similarity": 0.7893}, {"filename": "6vz1ie", "similarity": 0.7892}, {"filename": "70s4nk", "similarity": 0.7881}, {"filename": "6xjqil", "similarity": 0.7837}, {"filename": "7ukwg1", "similarity": 0.7833}, {"filename": "5x7lxv", "similarity": 0.7832}, {"filename": "822zm2", "similarity": 0.7823}, {"filename": "7z6hsi", "similarity": 0.782}, {"filename": "6kq4ct", "similarity": 0.7803}, {"filename": "7mvaxw", "similarity": 0.7802}]