[{"filename": "5qmz6x", "similarity": 1.0}, {"filename": "6agrw7", "similarity": 0.8861}, {"filename": "7oobdy", "similarity": 0.8507}, {"filename": "8aiynr", "similarity": 0.8466}, {"filename": "8bhgy4", "similarity": 0.8403}, {"filename": "7zm6u8", "similarity": 0.8381}, {"filename": "72ritv", "similarity": 0.838}, {"filename": "7yozse", "similarity": 0.8378}, {"filename": "85je13", "similarity": 0.8283}, {"filename": "7h0598", "similarity": 0.8223}, {"filename": "6feflv", "similarity": 0.8222}, {"filename": "766tm6", "similarity": 0.8203}, {"filename": "60sn7y", "similarity": 0.819}, {"filename": "6ywan1", "similarity": 0.8185}, {"filename": "8bqxxu", "similarity": 0.8166}, {"filename": "7bgtxg", "similarity": 0.8133}, {"filename": "859ryk", "similarity": 0.8129}, {"filename": "7suu6t", "similarity": 0.8126}, {"filename": "7uqq3i", "similarity": 0.8104}, {"filename": "864qpz", "similarity": 0.8095}, {"filename": "86ra8o", "similarity": 0.808}, {"filename": "5cvoe1", "similarity": 0.8078}, {"filename": "8bfhyy", "similarity": 0.8076}, {"filename": "6v9raf", "similarity": 0.8075}, {"filename": "5y977j", "similarity": 0.8068}, {"filename": "5wyv29", "similarity": 0.8039}, {"filename": "669lzy", "similarity": 0.8015}, {"filename": "7wrw6t", "similarity": 0.801}, {"filename": "7sht0r", "similarity": 0.7992}, {"filename": "8bjwxl", "similarity": 0.7956}]