[{"filename": "5qt70v", "similarity": 1.0}, {"filename": "73ryqw", "similarity": 0.7461}, {"filename": "7lfdip", "similarity": 0.7259}, {"filename": "7che49", "similarity": 0.7239}, {"filename": "82xmua", "similarity": 0.7235}, {"filename": "6qarbe", "similarity": 0.718}, {"filename": "6tvecu", "similarity": 0.716}, {"filename": "6ie00b", "similarity": 0.7122}, {"filename": "7018c6", "similarity": 0.7104}, {"filename": "63k6mh", "similarity": 0.702}, {"filename": "7ehd4y", "similarity": 0.7003}, {"filename": "848v7f", "similarity": 0.6966}, {"filename": "7vu58i", "similarity": 0.6958}, {"filename": "7p7ghy", "similarity": 0.695}, {"filename": "88dca0", "similarity": 0.6944}, {"filename": "6rwm41", "similarity": 0.6942}, {"filename": "6vdalk", "similarity": 0.6938}, {"filename": "7nbkvy", "similarity": 0.6921}, {"filename": "6msu80", "similarity": 0.6913}, {"filename": "7o58ke", "similarity": 0.6905}, {"filename": "6l5imf", "similarity": 0.6881}, {"filename": "6dtouw", "similarity": 0.6858}, {"filename": "7nlq1z", "similarity": 0.6856}, {"filename": "86zqdp", "similarity": 0.6852}, {"filename": "836ank", "similarity": 0.6849}, {"filename": "6zk93p", "similarity": 0.6839}, {"filename": "8b1pgt", "similarity": 0.6837}, {"filename": "76bgtf", "similarity": 0.6827}, {"filename": "84u0b9", "similarity": 0.6819}, {"filename": "6w2q6e", "similarity": 0.6818}]