[{"filename": "5qzkz4", "similarity": 1.0}, {"filename": "2niehv", "similarity": 0.7309}, {"filename": "6nspy2", "similarity": 0.7152}, {"filename": "7yyyje", "similarity": 0.7137}, {"filename": "6uiwov", "similarity": 0.7124}, {"filename": "7g18cy", "similarity": 0.7046}, {"filename": "6fdrv3", "similarity": 0.7039}, {"filename": "79zju3", "similarity": 0.7034}, {"filename": "86g7ce", "similarity": 0.702}, {"filename": "7yx9pf", "similarity": 0.7001}, {"filename": "74fxft", "similarity": 0.6996}, {"filename": "6aqzdk", "similarity": 0.6987}, {"filename": "7qd9yt", "similarity": 0.6967}, {"filename": "62gv9z", "similarity": 0.6946}, {"filename": "6b45sk", "similarity": 0.6939}, {"filename": "7uieq2", "similarity": 0.6931}, {"filename": "816an7", "similarity": 0.6926}, {"filename": "76p702", "similarity": 0.6918}, {"filename": "6s67yv", "similarity": 0.6899}, {"filename": "7qnqxc", "similarity": 0.6899}, {"filename": "64pzpi", "similarity": 0.6873}, {"filename": "85hluq", "similarity": 0.6854}, {"filename": "81yiw4", "similarity": 0.6851}, {"filename": "5yv736", "similarity": 0.685}, {"filename": "85w05m", "similarity": 0.6845}, {"filename": "7e1ei4", "similarity": 0.6844}, {"filename": "7836pp", "similarity": 0.684}, {"filename": "652al9", "similarity": 0.684}, {"filename": "85ksdy", "similarity": 0.6839}, {"filename": "64n0r5", "similarity": 0.6835}]