[{"filename": "5r5lmf", "similarity": 1.0}, {"filename": "64767b", "similarity": 0.7186}, {"filename": "5vpore", "similarity": 0.718}, {"filename": "7ia8ck", "similarity": 0.7158}, {"filename": "735p0m", "similarity": 0.7138}, {"filename": "7873q9", "similarity": 0.7138}, {"filename": "7smdxf", "similarity": 0.7121}, {"filename": "7zmljv", "similarity": 0.7115}, {"filename": "796l3m", "similarity": 0.7103}, {"filename": "7o5ctm", "similarity": 0.7095}, {"filename": "764zhg", "similarity": 0.7086}, {"filename": "6n10qg", "similarity": 0.7077}, {"filename": "66yyve", "similarity": 0.7071}, {"filename": "7yd801", "similarity": 0.7068}, {"filename": "6ltb44", "similarity": 0.7059}, {"filename": "7jt60o", "similarity": 0.7022}, {"filename": "7ckfcc", "similarity": 0.702}, {"filename": "7urxui", "similarity": 0.7009}, {"filename": "610uyg", "similarity": 0.7009}, {"filename": "87ulnx", "similarity": 0.7007}, {"filename": "7844po", "similarity": 0.7005}, {"filename": "7kvxa0", "similarity": 0.6993}, {"filename": "89zfnu", "similarity": 0.6985}, {"filename": "777dq8", "similarity": 0.6982}, {"filename": "7hpdi9", "similarity": 0.6977}, {"filename": "7zhi8k", "similarity": 0.697}, {"filename": "80nma3", "similarity": 0.6969}, {"filename": "6vyd0q", "similarity": 0.6967}, {"filename": "6ohxty", "similarity": 0.6964}, {"filename": "872w7m", "similarity": 0.6964}]