[{"filename": "5r7vmo", "similarity": 1.0}, {"filename": "7lgpay", "similarity": 0.9982}, {"filename": "756t50", "similarity": 0.7258}, {"filename": "82gpvb", "similarity": 0.7061}, {"filename": "7dxpxt", "similarity": 0.6971}, {"filename": "7wyl25", "similarity": 0.6932}, {"filename": "7rx9jn", "similarity": 0.688}, {"filename": "61l9ti", "similarity": 0.6848}, {"filename": "7itok4", "similarity": 0.6831}, {"filename": "7qcx81", "similarity": 0.6819}, {"filename": "852pfn", "similarity": 0.6806}, {"filename": "74k64t", "similarity": 0.6784}, {"filename": "7v7jte", "similarity": 0.6766}, {"filename": "6o6f22", "similarity": 0.6759}, {"filename": "610uyg", "similarity": 0.671}, {"filename": "6asfm0", "similarity": 0.6703}, {"filename": "6lcnf5", "similarity": 0.6679}, {"filename": "7haijt", "similarity": 0.6675}, {"filename": "73vt5m", "similarity": 0.6672}, {"filename": "85rdbi", "similarity": 0.6671}, {"filename": "7xvc6j", "similarity": 0.6665}, {"filename": "8545a0", "similarity": 0.6648}, {"filename": "7uryha", "similarity": 0.6648}, {"filename": "70go50", "similarity": 0.6641}, {"filename": "7836pp", "similarity": 0.6638}, {"filename": "7jsbag", "similarity": 0.6633}, {"filename": "7cv1s3", "similarity": 0.6629}, {"filename": "7roc9a", "similarity": 0.6626}, {"filename": "87zt2n", "similarity": 0.6614}, {"filename": "80c6i0", "similarity": 0.6607}]