[{"filename": "5rlcs1", "similarity": 1.0}, {"filename": "6nkdii", "similarity": 0.7458}, {"filename": "7m8sof", "similarity": 0.7084}, {"filename": "7l8d84", "similarity": 0.7081}, {"filename": "7bdw6h", "similarity": 0.7012}, {"filename": "7z71yd", "similarity": 0.6964}, {"filename": "7zlhwh", "similarity": 0.6914}, {"filename": "6wxcsj", "similarity": 0.6896}, {"filename": "5waw8f", "similarity": 0.6893}, {"filename": "7yuvie", "similarity": 0.6887}, {"filename": "5ts0u0", "similarity": 0.6863}, {"filename": "6k0tuw", "similarity": 0.684}, {"filename": "851dx4", "similarity": 0.683}, {"filename": "7t3zcv", "similarity": 0.6819}, {"filename": "6qarbe", "similarity": 0.6805}, {"filename": "6axb43", "similarity": 0.6796}, {"filename": "5pm1ag", "similarity": 0.6772}, {"filename": "79seiu", "similarity": 0.6751}, {"filename": "7rt3gk", "similarity": 0.6748}, {"filename": "66o9x9", "similarity": 0.6729}, {"filename": "89swch", "similarity": 0.6727}, {"filename": "6v4449", "similarity": 0.6727}, {"filename": "7rwt9s", "similarity": 0.6711}, {"filename": "6yk1z7", "similarity": 0.6704}, {"filename": "84wwcx", "similarity": 0.6697}, {"filename": "7sycrm", "similarity": 0.6693}, {"filename": "5w4fil", "similarity": 0.6691}, {"filename": "7wz83i", "similarity": 0.6672}, {"filename": "6ss9a5", "similarity": 0.6663}, {"filename": "7uvii8", "similarity": 0.6662}]