[{"filename": "5rn537", "similarity": 1.0}, {"filename": "8bhizo", "similarity": 0.8312}, {"filename": "669lzy", "similarity": 0.828}, {"filename": "7h2egc", "similarity": 0.8277}, {"filename": "86ra8o", "similarity": 0.8244}, {"filename": "8bfhyy", "similarity": 0.8176}, {"filename": "7bgtxg", "similarity": 0.8146}, {"filename": "8bqxxu", "similarity": 0.8135}, {"filename": "7jj3am", "similarity": 0.813}, {"filename": "7zm6u8", "similarity": 0.8111}, {"filename": "7sht0r", "similarity": 0.8074}, {"filename": "7ay0mc", "similarity": 0.805}, {"filename": "8aiynr", "similarity": 0.8044}, {"filename": "5wyv29", "similarity": 0.8026}, {"filename": "7uqq3i", "similarity": 0.8015}, {"filename": "6feflv", "similarity": 0.7983}, {"filename": "5y977j", "similarity": 0.7964}, {"filename": "7hwup6", "similarity": 0.7959}, {"filename": "6x8f2e", "similarity": 0.7957}, {"filename": "5cvoe1", "similarity": 0.795}, {"filename": "7bllvq", "similarity": 0.7946}, {"filename": "8c3oy0", "similarity": 0.7943}, {"filename": "7d5rie", "similarity": 0.7941}, {"filename": "5qmz6x", "similarity": 0.7928}, {"filename": "7oobdy", "similarity": 0.7922}, {"filename": "77zi1c", "similarity": 0.7916}, {"filename": "6ok7mv", "similarity": 0.7912}, {"filename": "60sn7y", "similarity": 0.7891}, {"filename": "864qpz", "similarity": 0.788}, {"filename": "7wp608", "similarity": 0.7878}]