[{"filename": "5rn6c0", "similarity": 1.0}, {"filename": "7ilgg3", "similarity": 0.8431}, {"filename": "7td6mg", "similarity": 0.8216}, {"filename": "64xo1a", "similarity": 0.7402}, {"filename": "88wdk1", "similarity": 0.7368}, {"filename": "5xmf1w", "similarity": 0.724}, {"filename": "6y67ml", "similarity": 0.7116}, {"filename": "617lqz", "similarity": 0.7082}, {"filename": "80u0v8", "similarity": 0.7071}, {"filename": "7tlc4i", "similarity": 0.7032}, {"filename": "6frw6o", "similarity": 0.7013}, {"filename": "79o037", "similarity": 0.6994}, {"filename": "7iifli", "similarity": 0.6921}, {"filename": "6teyix", "similarity": 0.6902}, {"filename": "6qj1t2", "similarity": 0.6887}, {"filename": "849ghr", "similarity": 0.6882}, {"filename": "6hleny", "similarity": 0.6834}, {"filename": "847hox", "similarity": 0.6822}, {"filename": "76xsjt", "similarity": 0.682}, {"filename": "7s4utp", "similarity": 0.6816}, {"filename": "78b7ee", "similarity": 0.6803}, {"filename": "872jv6", "similarity": 0.6799}, {"filename": "7nbmg0", "similarity": 0.6799}, {"filename": "8bhjkp", "similarity": 0.6797}, {"filename": "6ybalg", "similarity": 0.6796}, {"filename": "88y8vq", "similarity": 0.6788}, {"filename": "7zmvs5", "similarity": 0.6766}, {"filename": "7vsye0", "similarity": 0.6755}, {"filename": "73yp8c", "similarity": 0.6751}, {"filename": "7ghicf", "similarity": 0.6743}]