[{"filename": "5rxd0s", "similarity": 1.0}, {"filename": "7qnqxc", "similarity": 0.7305}, {"filename": "6kdsps", "similarity": 0.7304}, {"filename": "7p5r3i", "similarity": 0.7279}, {"filename": "7qd9yt", "similarity": 0.7256}, {"filename": "74oqfs", "similarity": 0.7222}, {"filename": "7rpqda", "similarity": 0.7148}, {"filename": "6qxqao", "similarity": 0.7044}, {"filename": "6vvisv", "similarity": 0.7039}, {"filename": "82010j", "similarity": 0.7021}, {"filename": "65ohp4", "similarity": 0.7016}, {"filename": "6njmah", "similarity": 0.6955}, {"filename": "7d5ms2", "similarity": 0.6922}, {"filename": "5wczbq", "similarity": 0.6901}, {"filename": "79zju3", "similarity": 0.6866}, {"filename": "6fzxsd", "similarity": 0.6846}, {"filename": "76p702", "similarity": 0.6828}, {"filename": "815act", "similarity": 0.6824}, {"filename": "6xg16q", "similarity": 0.6817}, {"filename": "6mvikj", "similarity": 0.6816}, {"filename": "6nh3he", "similarity": 0.6787}, {"filename": "6hyns7", "similarity": 0.6787}, {"filename": "7whlev", "similarity": 0.6783}, {"filename": "6maf6w", "similarity": 0.6782}, {"filename": "7wnz50", "similarity": 0.6775}, {"filename": "8bwsj2", "similarity": 0.6775}, {"filename": "853uun", "similarity": 0.677}, {"filename": "8b1ova", "similarity": 0.6752}, {"filename": "8a7wqo", "similarity": 0.6749}, {"filename": "6ht583", "similarity": 0.6739}]