[{"filename": "5s0jin", "similarity": 1.0}, {"filename": "89hp2e", "similarity": 0.7957}, {"filename": "5tsg7a", "similarity": 0.7509}, {"filename": "7hpv6n", "similarity": 0.7496}, {"filename": "7kdqb8", "similarity": 0.7477}, {"filename": "7wa1kp", "similarity": 0.7431}, {"filename": "8bhizo", "similarity": 0.7423}, {"filename": "8bfhdc", "similarity": 0.7364}, {"filename": "5rn537", "similarity": 0.736}, {"filename": "7nqmqn", "similarity": 0.7283}, {"filename": "76c7tg", "similarity": 0.7277}, {"filename": "871ith", "similarity": 0.7275}, {"filename": "6rrmd3", "similarity": 0.7252}, {"filename": "7wyl25", "similarity": 0.7232}, {"filename": "681zzn", "similarity": 0.7212}, {"filename": "8bfhyy", "similarity": 0.7189}, {"filename": "86ftdk", "similarity": 0.7174}, {"filename": "7xh5sk", "similarity": 0.7164}, {"filename": "7jrau9", "similarity": 0.7163}, {"filename": "7szw80", "similarity": 0.7136}, {"filename": "8bqxxu", "similarity": 0.7108}, {"filename": "7nlq1z", "similarity": 0.7099}, {"filename": "74muva", "similarity": 0.7099}, {"filename": "6dqjle", "similarity": 0.7097}, {"filename": "7x61cu", "similarity": 0.7094}, {"filename": "7trwdg", "similarity": 0.7079}, {"filename": "7roky9", "similarity": 0.7068}, {"filename": "63rabg", "similarity": 0.7068}, {"filename": "7kdmjj", "similarity": 0.706}, {"filename": "7o6dzg", "similarity": 0.7059}]