[{"filename": "5sduvp", "similarity": 1.0}, {"filename": "6efw3m", "similarity": 0.7922}, {"filename": "7pxhf0", "similarity": 0.7919}, {"filename": "74n3el", "similarity": 0.7759}, {"filename": "838k8s", "similarity": 0.7757}, {"filename": "6ljzir", "similarity": 0.762}, {"filename": "76dc4q", "similarity": 0.759}, {"filename": "6wi37k", "similarity": 0.7581}, {"filename": "7qc66j", "similarity": 0.7573}, {"filename": "7bllvq", "similarity": 0.7569}, {"filename": "6lln8d", "similarity": 0.7553}, {"filename": "7v8azb", "similarity": 0.7545}, {"filename": "746ldz", "similarity": 0.7541}, {"filename": "7r9vd5", "similarity": 0.7532}, {"filename": "85o7z6", "similarity": 0.7503}, {"filename": "74u3dj", "similarity": 0.7494}, {"filename": "6hk078", "similarity": 0.7476}, {"filename": "61beyg", "similarity": 0.7475}, {"filename": "6g7079", "similarity": 0.7472}, {"filename": "777dq8", "similarity": 0.7468}, {"filename": "6l6jbv", "similarity": 0.7467}, {"filename": "82o73g", "similarity": 0.7464}, {"filename": "881lvb", "similarity": 0.7461}, {"filename": "7h8t8p", "similarity": 0.7459}, {"filename": "87ulnx", "similarity": 0.7457}, {"filename": "88m8ed", "similarity": 0.7438}, {"filename": "7q0yxn", "similarity": 0.7436}, {"filename": "6lagsf", "similarity": 0.7431}, {"filename": "7frppz", "similarity": 0.742}, {"filename": "5nn64d", "similarity": 0.7416}]