[{"filename": "5soyis", "similarity": 1.0}, {"filename": "6tf4id", "similarity": 0.7895}, {"filename": "6tfkzr", "similarity": 0.7895}, {"filename": "777dq8", "similarity": 0.7694}, {"filename": "7h4t8r", "similarity": 0.7616}, {"filename": "7jt60o", "similarity": 0.7589}, {"filename": "706pop", "similarity": 0.7581}, {"filename": "7xy395", "similarity": 0.7572}, {"filename": "88f6ci", "similarity": 0.7567}, {"filename": "6p5wbm", "similarity": 0.7512}, {"filename": "7roc9a", "similarity": 0.7511}, {"filename": "861fhz", "similarity": 0.7499}, {"filename": "7cid5a", "similarity": 0.7499}, {"filename": "7c151f", "similarity": 0.7497}, {"filename": "7hndap", "similarity": 0.749}, {"filename": "80lxqe", "similarity": 0.7488}, {"filename": "89nf29", "similarity": 0.7485}, {"filename": "7qj737", "similarity": 0.7475}, {"filename": "846dgt", "similarity": 0.7464}, {"filename": "7300ji", "similarity": 0.7457}, {"filename": "69cvux", "similarity": 0.745}, {"filename": "709zox", "similarity": 0.7443}, {"filename": "7xvc6j", "similarity": 0.7442}, {"filename": "6zet3p", "similarity": 0.7438}, {"filename": "6z7zyr", "similarity": 0.7427}, {"filename": "74n3el", "similarity": 0.7425}, {"filename": "753vo2", "similarity": 0.7424}, {"filename": "7kjhc5", "similarity": 0.7424}, {"filename": "720uni", "similarity": 0.7421}, {"filename": "71nusf", "similarity": 0.7411}]