[{"filename": "5srumc", "similarity": 1.0}, {"filename": "5tsg7a", "similarity": 0.7287}, {"filename": "70dbd2", "similarity": 0.7248}, {"filename": "768s8p", "similarity": 0.7227}, {"filename": "7hpv6n", "similarity": 0.7148}, {"filename": "8ana5p", "similarity": 0.7022}, {"filename": "7trwdg", "similarity": 0.7008}, {"filename": "76ioq2", "similarity": 0.7004}, {"filename": "813u7o", "similarity": 0.6985}, {"filename": "64j9j3", "similarity": 0.6854}, {"filename": "56z1cz", "similarity": 0.6836}, {"filename": "7wofms", "similarity": 0.683}, {"filename": "89hp2e", "similarity": 0.6808}, {"filename": "7vxydo", "similarity": 0.6786}, {"filename": "85ndga", "similarity": 0.6781}, {"filename": "628vmo", "similarity": 0.6754}, {"filename": "85rz6p", "similarity": 0.6746}, {"filename": "7zmkyb", "similarity": 0.6746}, {"filename": "7y8slj", "similarity": 0.6712}, {"filename": "76ehfk", "similarity": 0.6705}, {"filename": "76c7tg", "similarity": 0.6686}, {"filename": "799vyr", "similarity": 0.6667}, {"filename": "6iidou", "similarity": 0.6643}, {"filename": "824or0", "similarity": 0.6642}, {"filename": "7xxs1t", "similarity": 0.664}, {"filename": "74eutg", "similarity": 0.6623}, {"filename": "7imuah", "similarity": 0.6615}, {"filename": "7akjya", "similarity": 0.6576}, {"filename": "7ek4z2", "similarity": 0.6566}, {"filename": "7uryha", "similarity": 0.6561}]