[{"filename": "5szv0l", "similarity": 1.0}, {"filename": "7ia8ck", "similarity": 0.8089}, {"filename": "7uw4rk", "similarity": 0.804}, {"filename": "636ufe", "similarity": 0.8029}, {"filename": "753vo2", "similarity": 0.797}, {"filename": "87ulnx", "similarity": 0.7938}, {"filename": "7urxui", "similarity": 0.7909}, {"filename": "7cptyb", "similarity": 0.7896}, {"filename": "6xtm2u", "similarity": 0.789}, {"filename": "6110zu", "similarity": 0.7883}, {"filename": "716ius", "similarity": 0.7874}, {"filename": "7jt60o", "similarity": 0.7874}, {"filename": "744o0r", "similarity": 0.7871}, {"filename": "7ljjyu", "similarity": 0.7868}, {"filename": "6es5y1", "similarity": 0.7864}, {"filename": "6kq4ct", "similarity": 0.7863}, {"filename": "7f16s9", "similarity": 0.7861}, {"filename": "7ed39f", "similarity": 0.7857}, {"filename": "5ts0u0", "similarity": 0.7848}, {"filename": "6ieyne", "similarity": 0.7847}, {"filename": "6n10qg", "similarity": 0.7838}, {"filename": "7cenf1", "similarity": 0.7837}, {"filename": "7300ji", "similarity": 0.7828}, {"filename": "751g7p", "similarity": 0.7812}, {"filename": "7vscl8", "similarity": 0.7812}, {"filename": "798vdy", "similarity": 0.7808}, {"filename": "66yyve", "similarity": 0.7808}, {"filename": "861fhz", "similarity": 0.7803}, {"filename": "678jwd", "similarity": 0.7801}, {"filename": "7hndap", "similarity": 0.7799}]