[{"filename": "5t53rb", "similarity": 1.0}, {"filename": "74sbot", "similarity": 0.7774}, {"filename": "6dqjle", "similarity": 0.7534}, {"filename": "34fi1c", "similarity": 0.7522}, {"filename": "7sl3bo", "similarity": 0.7475}, {"filename": "82xmua", "similarity": 0.7471}, {"filename": "7iq8a9", "similarity": 0.7461}, {"filename": "87hf1m", "similarity": 0.7454}, {"filename": "85xpmy", "similarity": 0.7429}, {"filename": "6l6jbv", "similarity": 0.7402}, {"filename": "7ia8ck", "similarity": 0.7399}, {"filename": "71xtda", "similarity": 0.738}, {"filename": "70s4nk", "similarity": 0.7374}, {"filename": "84z0kc", "similarity": 0.7356}, {"filename": "6wi37k", "similarity": 0.7355}, {"filename": "80ppdt", "similarity": 0.7353}, {"filename": "6uw4h3", "similarity": 0.7348}, {"filename": "7vp1nc", "similarity": 0.7333}, {"filename": "75l8k4", "similarity": 0.7318}, {"filename": "87hxtr", "similarity": 0.7305}, {"filename": "80nma3", "similarity": 0.7292}, {"filename": "6f6rdl", "similarity": 0.7283}, {"filename": "71nusf", "similarity": 0.7274}, {"filename": "777dq8", "similarity": 0.7265}, {"filename": "6b4khu", "similarity": 0.7253}, {"filename": "61beyg", "similarity": 0.7252}, {"filename": "6zk93p", "similarity": 0.7248}, {"filename": "7qnyh1", "similarity": 0.7248}, {"filename": "6axb43", "similarity": 0.7243}, {"filename": "77dcmc", "similarity": 0.724}]