[{"filename": "5t6d83", "similarity": 1.0}, {"filename": "86189j", "similarity": 0.752}, {"filename": "84cmm7", "similarity": 0.7475}, {"filename": "6es5y1", "similarity": 0.7434}, {"filename": "6n10qg", "similarity": 0.7422}, {"filename": "7msepc", "similarity": 0.741}, {"filename": "85xpmy", "similarity": 0.7406}, {"filename": "6x42j9", "similarity": 0.7379}, {"filename": "8c1zjk", "similarity": 0.7343}, {"filename": "662rju", "similarity": 0.7323}, {"filename": "84v18j", "similarity": 0.7321}, {"filename": "7oq2xz", "similarity": 0.731}, {"filename": "7acwif", "similarity": 0.7304}, {"filename": "6wi37k", "similarity": 0.7301}, {"filename": "73cufe", "similarity": 0.7278}, {"filename": "83tato", "similarity": 0.7269}, {"filename": "6t5y75", "similarity": 0.7268}, {"filename": "7l8d84", "similarity": 0.7261}, {"filename": "7ia8ck", "similarity": 0.7259}, {"filename": "71xtda", "similarity": 0.7259}, {"filename": "7qnyh1", "similarity": 0.7252}, {"filename": "80ppdt", "similarity": 0.7249}, {"filename": "6697tp", "similarity": 0.7245}, {"filename": "7urxui", "similarity": 0.7238}, {"filename": "87hxtr", "similarity": 0.7234}, {"filename": "860mv0", "similarity": 0.7233}, {"filename": "6l5imf", "similarity": 0.723}, {"filename": "85415v", "similarity": 0.7212}, {"filename": "79osnv", "similarity": 0.7201}, {"filename": "6uw4h3", "similarity": 0.7194}]