[{"filename": "5tabon", "similarity": 1.0}, {"filename": "7j70po", "similarity": 0.703}, {"filename": "6xslte", "similarity": 0.692}, {"filename": "6m2t39", "similarity": 0.6874}, {"filename": "7m8ojm", "similarity": 0.685}, {"filename": "89fvkn", "similarity": 0.6835}, {"filename": "659xhm", "similarity": 0.6829}, {"filename": "73hejk", "similarity": 0.6807}, {"filename": "6wq5cz", "similarity": 0.6799}, {"filename": "6y0hku", "similarity": 0.6797}, {"filename": "4n03j2", "similarity": 0.6792}, {"filename": "739j8j", "similarity": 0.6775}, {"filename": "73cufe", "similarity": 0.6749}, {"filename": "7z7qby", "similarity": 0.6747}, {"filename": "6xr0lb", "similarity": 0.6737}, {"filename": "8bwsj2", "similarity": 0.6726}, {"filename": "7uryha", "similarity": 0.6724}, {"filename": "7llg05", "similarity": 0.6724}, {"filename": "7o0v92", "similarity": 0.6715}, {"filename": "7uip8j", "similarity": 0.6714}, {"filename": "5zesak", "similarity": 0.6711}, {"filename": "7hrfkb", "similarity": 0.6696}, {"filename": "85g1v6", "similarity": 0.6682}, {"filename": "7jhulr", "similarity": 0.6681}, {"filename": "3x3bqx", "similarity": 0.6681}, {"filename": "6o8hwf", "similarity": 0.6677}, {"filename": "7m1mi2", "similarity": 0.6672}, {"filename": "7fsvqj", "similarity": 0.6668}, {"filename": "61s4cx", "similarity": 0.6659}, {"filename": "5k9b95", "similarity": 0.6656}]