[{"filename": "5tn9h2", "similarity": 1.0}, {"filename": "7g8rvt", "similarity": 0.9205}, {"filename": "7gl3uw", "similarity": 0.8996}, {"filename": "6rcqoy", "similarity": 0.8957}, {"filename": "7uzqxc", "similarity": 0.8927}, {"filename": "7xxv3g", "similarity": 0.8848}, {"filename": "708wf7", "similarity": 0.8787}, {"filename": "7gzgbv", "similarity": 0.8782}, {"filename": "80suna", "similarity": 0.8754}, {"filename": "6j7482", "similarity": 0.8735}, {"filename": "7rwp97", "similarity": 0.8646}, {"filename": "6hqdv7", "similarity": 0.8605}, {"filename": "5mhmjs", "similarity": 0.8596}, {"filename": "5mjv7o", "similarity": 0.8596}, {"filename": "7bno60", "similarity": 0.8594}, {"filename": "7jembg", "similarity": 0.8572}, {"filename": "6kh3ds", "similarity": 0.8538}, {"filename": "6xzk1w", "similarity": 0.8527}, {"filename": "5j8gyh", "similarity": 0.8491}, {"filename": "6rbzav", "similarity": 0.8472}, {"filename": "6tpk84", "similarity": 0.847}, {"filename": "7zxxkq", "similarity": 0.8466}, {"filename": "84qm0d", "similarity": 0.8459}, {"filename": "72ewmx", "similarity": 0.8441}, {"filename": "7cfedi", "similarity": 0.8381}, {"filename": "7yvhnn", "similarity": 0.8373}, {"filename": "83c20w", "similarity": 0.835}, {"filename": "5zdcxz", "similarity": 0.834}, {"filename": "7h9whe", "similarity": 0.8339}, {"filename": "6ym28s", "similarity": 0.8331}]