[{"filename": "5ts0u0", "similarity": 1.0}, {"filename": "7jt60o", "similarity": 0.8192}, {"filename": "777dq8", "similarity": 0.8127}, {"filename": "6z7zyr", "similarity": 0.8093}, {"filename": "74n3el", "similarity": 0.8048}, {"filename": "71nusf", "similarity": 0.7976}, {"filename": "6tf4id", "similarity": 0.7971}, {"filename": "6tfkzr", "similarity": 0.7971}, {"filename": "7urxui", "similarity": 0.7967}, {"filename": "89zfnu", "similarity": 0.796}, {"filename": "5pzeu9", "similarity": 0.7895}, {"filename": "6ymik2", "similarity": 0.7881}, {"filename": "7qnyh1", "similarity": 0.7875}, {"filename": "7ia8ck", "similarity": 0.7874}, {"filename": "7wsmdd", "similarity": 0.7874}, {"filename": "7o5ctm", "similarity": 0.787}, {"filename": "7teiru", "similarity": 0.786}, {"filename": "74hnzc", "similarity": 0.7855}, {"filename": "66yyve", "similarity": 0.7855}, {"filename": "5szv0l", "similarity": 0.7848}, {"filename": "71xtda", "similarity": 0.7832}, {"filename": "7jybso", "similarity": 0.7831}, {"filename": "67uw7a", "similarity": 0.7825}, {"filename": "6zr2d1", "similarity": 0.7825}, {"filename": "7l8d84", "similarity": 0.782}, {"filename": "7cid5a", "similarity": 0.7818}, {"filename": "8537j5", "similarity": 0.7818}, {"filename": "86189j", "similarity": 0.7817}, {"filename": "7ostjp", "similarity": 0.7817}, {"filename": "6n10qg", "similarity": 0.7814}]