[{"filename": "5tsg7a", "similarity": 1.0}, {"filename": "7hpv6n", "similarity": 0.9419}, {"filename": "89hp2e", "similarity": 0.8213}, {"filename": "5s0jin", "similarity": 0.7509}, {"filename": "76c7tg", "similarity": 0.7476}, {"filename": "7ytmr6", "similarity": 0.7466}, {"filename": "84c77w", "similarity": 0.7456}, {"filename": "63rabg", "similarity": 0.7362}, {"filename": "649ejf", "similarity": 0.7324}, {"filename": "7oi2bw", "similarity": 0.7295}, {"filename": "5srumc", "similarity": 0.7287}, {"filename": "5oi9ua", "similarity": 0.728}, {"filename": "681sxi", "similarity": 0.7272}, {"filename": "71xtda", "similarity": 0.7208}, {"filename": "5xlmey", "similarity": 0.7206}, {"filename": "5rn537", "similarity": 0.7184}, {"filename": "8bhizo", "similarity": 0.714}, {"filename": "792q03", "similarity": 0.7124}, {"filename": "8bfhdc", "similarity": 0.7116}, {"filename": "813u7o", "similarity": 0.7107}, {"filename": "7zo3g7", "similarity": 0.7105}, {"filename": "871ith", "similarity": 0.7105}, {"filename": "89swch", "similarity": 0.7083}, {"filename": "87hxtr", "similarity": 0.7064}, {"filename": "7uryha", "similarity": 0.7049}, {"filename": "6axb43", "similarity": 0.7045}, {"filename": "62xfyd", "similarity": 0.7044}, {"filename": "6v0ttt", "similarity": 0.7036}, {"filename": "848v7f", "similarity": 0.7036}, {"filename": "6wtj4n", "similarity": 0.7022}]