[{"filename": "5u09ds", "similarity": 1.0}, {"filename": "6zlxbe", "similarity": 0.719}, {"filename": "7pwq7c", "similarity": 0.6623}, {"filename": "88wdk1", "similarity": 0.6518}, {"filename": "6p0nwj", "similarity": 0.6507}, {"filename": "6l6jbv", "similarity": 0.6465}, {"filename": "624dc6", "similarity": 0.6462}, {"filename": "7ncmkx", "similarity": 0.6383}, {"filename": "7cfedi", "similarity": 0.6375}, {"filename": "85o7z6", "similarity": 0.6356}, {"filename": "7je686", "similarity": 0.634}, {"filename": "6xtm2u", "similarity": 0.6319}, {"filename": "74n6q8", "similarity": 0.6307}, {"filename": "8aztiw", "similarity": 0.63}, {"filename": "6es5y1", "similarity": 0.628}, {"filename": "84v0p6", "similarity": 0.6271}, {"filename": "796l3m", "similarity": 0.624}, {"filename": "6rxz8n", "similarity": 0.6236}, {"filename": "7f8car", "similarity": 0.6223}, {"filename": "6oe37l", "similarity": 0.6217}, {"filename": "89e9j0", "similarity": 0.6216}, {"filename": "83mewc", "similarity": 0.6199}, {"filename": "79dda4", "similarity": 0.6198}, {"filename": "6nmy28", "similarity": 0.6184}, {"filename": "861fhz", "similarity": 0.6184}, {"filename": "716ius", "similarity": 0.6181}, {"filename": "7eqpoq", "similarity": 0.6175}, {"filename": "87ez2n", "similarity": 0.6173}, {"filename": "7i10gv", "similarity": 0.6163}, {"filename": "71kt9k", "similarity": 0.6161}]