[{"filename": "5u9icj", "similarity": 1.0}, {"filename": "6m4on7", "similarity": 0.7835}, {"filename": "7an4ev", "similarity": 0.7718}, {"filename": "88rflu", "similarity": 0.7677}, {"filename": "69qsw7", "similarity": 0.7654}, {"filename": "6vhecf", "similarity": 0.7565}, {"filename": "696yfo", "similarity": 0.7565}, {"filename": "7pflwy", "similarity": 0.7549}, {"filename": "886g8g", "similarity": 0.7492}, {"filename": "7ckfcc", "similarity": 0.7482}, {"filename": "7wt8ej", "similarity": 0.7463}, {"filename": "5ycqw0", "similarity": 0.743}, {"filename": "6fqkkg", "similarity": 0.7424}, {"filename": "7wp27w", "similarity": 0.742}, {"filename": "74muva", "similarity": 0.7404}, {"filename": "877uio", "similarity": 0.7403}, {"filename": "7d0kbf", "similarity": 0.74}, {"filename": "62mivr", "similarity": 0.7394}, {"filename": "70r8o8", "similarity": 0.7384}, {"filename": "89jhg9", "similarity": 0.737}, {"filename": "7v0chz", "similarity": 0.7367}, {"filename": "5mnly2", "similarity": 0.7358}, {"filename": "71xtda", "similarity": 0.7336}, {"filename": "77dcmc", "similarity": 0.7333}, {"filename": "7hqv1z", "similarity": 0.7315}, {"filename": "6nspy2", "similarity": 0.7311}, {"filename": "6e6exe", "similarity": 0.7307}, {"filename": "7leo29", "similarity": 0.7285}, {"filename": "7aa1mf", "similarity": 0.7278}, {"filename": "649ejf", "similarity": 0.727}]