[{"filename": "5ue0ff", "similarity": 1.0}, {"filename": "87ulnx", "similarity": 0.7574}, {"filename": "74muva", "similarity": 0.7564}, {"filename": "7teiru", "similarity": 0.7558}, {"filename": "74n3el", "similarity": 0.7512}, {"filename": "6e78d6", "similarity": 0.7415}, {"filename": "6wi37k", "similarity": 0.7399}, {"filename": "6g7079", "similarity": 0.7395}, {"filename": "798vdy", "similarity": 0.7366}, {"filename": "6kq4ct", "similarity": 0.7364}, {"filename": "724s3l", "similarity": 0.7363}, {"filename": "7o5ctm", "similarity": 0.7359}, {"filename": "7ia8ck", "similarity": 0.7355}, {"filename": "7wdi8n", "similarity": 0.7353}, {"filename": "6ymik2", "similarity": 0.7352}, {"filename": "7erm8n", "similarity": 0.7335}, {"filename": "6z2jdl", "similarity": 0.731}, {"filename": "822zm2", "similarity": 0.7308}, {"filename": "88y8vq", "similarity": 0.7308}, {"filename": "71xtda", "similarity": 0.7294}, {"filename": "7wsmdd", "similarity": 0.7283}, {"filename": "7wyl25", "similarity": 0.7275}, {"filename": "6mdhpg", "similarity": 0.7263}, {"filename": "7wodlf", "similarity": 0.726}, {"filename": "7053ed", "similarity": 0.7256}, {"filename": "71nusf", "similarity": 0.7246}, {"filename": "7ncmkx", "similarity": 0.7243}, {"filename": "6o6f22", "similarity": 0.7239}, {"filename": "7y0uz4", "similarity": 0.7238}, {"filename": "6tf4id", "similarity": 0.7229}]