[{"filename": "5uekip", "similarity": 1.0}, {"filename": "6pdpsq", "similarity": 0.8889}, {"filename": "6z1fsd", "similarity": 0.8795}, {"filename": "77efel", "similarity": 0.8751}, {"filename": "7zwdgp", "similarity": 0.8731}, {"filename": "6ym28s", "similarity": 0.8705}, {"filename": "87ws66", "similarity": 0.8669}, {"filename": "80yxbc", "similarity": 0.8623}, {"filename": "6t31n1", "similarity": 0.8572}, {"filename": "7l7e3a", "similarity": 0.856}, {"filename": "6443jo", "similarity": 0.8492}, {"filename": "7aizp1", "similarity": 0.8491}, {"filename": "8b4vul", "similarity": 0.8475}, {"filename": "7x9fnv", "similarity": 0.8471}, {"filename": "6gv6iq", "similarity": 0.8436}, {"filename": "7xo5vs", "similarity": 0.8428}, {"filename": "62c346", "similarity": 0.8413}, {"filename": "6wlot2", "similarity": 0.841}, {"filename": "85xyng", "similarity": 0.8388}, {"filename": "6pbrwn", "similarity": 0.8368}, {"filename": "602zf4", "similarity": 0.8368}, {"filename": "81vgv7", "similarity": 0.8366}, {"filename": "7xqv7g", "similarity": 0.8347}, {"filename": "6isox5", "similarity": 0.834}, {"filename": "6qb7el", "similarity": 0.8339}, {"filename": "884jb9", "similarity": 0.8328}, {"filename": "82rde5", "similarity": 0.8315}, {"filename": "7u5qcz", "similarity": 0.8315}, {"filename": "6ro7q2", "similarity": 0.8313}, {"filename": "83blya", "similarity": 0.8311}]