[{"filename": "5ulg0p", "similarity": 1.0}, {"filename": "5c0v6z", "similarity": 0.7742}, {"filename": "7uw4rk", "similarity": 0.7696}, {"filename": "7nobgm", "similarity": 0.7641}, {"filename": "7ccobp", "similarity": 0.7638}, {"filename": "6zfubg", "similarity": 0.761}, {"filename": "7cenf1", "similarity": 0.7596}, {"filename": "72ulh4", "similarity": 0.7567}, {"filename": "881q6s", "similarity": 0.7543}, {"filename": "7vbgih", "similarity": 0.7542}, {"filename": "8abk7r", "similarity": 0.7528}, {"filename": "5a5l42", "similarity": 0.7507}, {"filename": "6xqxa0", "similarity": 0.75}, {"filename": "6y1k4f", "similarity": 0.7498}, {"filename": "6p0nwj", "similarity": 0.7495}, {"filename": "6lydhn", "similarity": 0.7492}, {"filename": "6ic2ro", "similarity": 0.749}, {"filename": "7cbh1v", "similarity": 0.7489}, {"filename": "6kngvy", "similarity": 0.7485}, {"filename": "6u9bh1", "similarity": 0.7473}, {"filename": "79dda4", "similarity": 0.7464}, {"filename": "78gun7", "similarity": 0.7456}, {"filename": "85carr", "similarity": 0.7453}, {"filename": "861uzv", "similarity": 0.7434}, {"filename": "7y086r", "similarity": 0.743}, {"filename": "7dbs44", "similarity": 0.7405}, {"filename": "6k6dnn", "similarity": 0.7391}, {"filename": "7qrkwo", "similarity": 0.7388}, {"filename": "7l872g", "similarity": 0.7377}, {"filename": "6z90ki", "similarity": 0.7369}]