[{"filename": "5ulmc4", "similarity": 1.0}, {"filename": "6v4449", "similarity": 0.7552}, {"filename": "80m4yj", "similarity": 0.7522}, {"filename": "6zk93p", "similarity": 0.7499}, {"filename": "7pbhh9", "similarity": 0.7497}, {"filename": "5q9rs5", "similarity": 0.7438}, {"filename": "76bgtf", "similarity": 0.7422}, {"filename": "75zvxs", "similarity": 0.7419}, {"filename": "7vp1nc", "similarity": 0.741}, {"filename": "7j26zc", "similarity": 0.7366}, {"filename": "7yyyje", "similarity": 0.7324}, {"filename": "7iq8a9", "similarity": 0.7318}, {"filename": "7v0chz", "similarity": 0.7312}, {"filename": "7kvxa0", "similarity": 0.729}, {"filename": "7yuvie", "similarity": 0.7283}, {"filename": "897bu8", "similarity": 0.7276}, {"filename": "871ith", "similarity": 0.7274}, {"filename": "777dq8", "similarity": 0.7265}, {"filename": "6mj84n", "similarity": 0.7265}, {"filename": "8545a0", "similarity": 0.7255}, {"filename": "7wp27w", "similarity": 0.7238}, {"filename": "7jab5w", "similarity": 0.7234}, {"filename": "89jhg9", "similarity": 0.7222}, {"filename": "85azfl", "similarity": 0.7219}, {"filename": "8bgpsw", "similarity": 0.7215}, {"filename": "3x3bqx", "similarity": 0.7211}, {"filename": "7s5vtd", "similarity": 0.7204}, {"filename": "7ay0mc", "similarity": 0.7194}, {"filename": "71kcps", "similarity": 0.7183}, {"filename": "7p5r3i", "similarity": 0.7181}]