[{"filename": "5urj4x", "similarity": 1.0}, {"filename": "5wgd96", "similarity": 0.883}, {"filename": "721q6q", "similarity": 0.8661}, {"filename": "7ey3yp", "similarity": 0.8444}, {"filename": "8aq7b2", "similarity": 0.8412}, {"filename": "6zobxz", "similarity": 0.8408}, {"filename": "716ius", "similarity": 0.8397}, {"filename": "753vo2", "similarity": 0.8372}, {"filename": "7vgx6l", "similarity": 0.8351}, {"filename": "751g7p", "similarity": 0.8349}, {"filename": "799ynr", "similarity": 0.8338}, {"filename": "7dcoel", "similarity": 0.8331}, {"filename": "71kt9k", "similarity": 0.8305}, {"filename": "8a4hrz", "similarity": 0.8281}, {"filename": "846dgt", "similarity": 0.8271}, {"filename": "6fnyl9", "similarity": 0.8259}, {"filename": "6mzc54", "similarity": 0.8237}, {"filename": "83mewc", "similarity": 0.822}, {"filename": "650psz", "similarity": 0.822}, {"filename": "742v3o", "similarity": 0.8215}, {"filename": "66yyve", "similarity": 0.8179}, {"filename": "75yit6", "similarity": 0.817}, {"filename": "73vfo2", "similarity": 0.8157}, {"filename": "87ulnx", "similarity": 0.8152}, {"filename": "6n5cob", "similarity": 0.8123}, {"filename": "6g0b1s", "similarity": 0.8112}, {"filename": "6zjcpo", "similarity": 0.8112}, {"filename": "6y9gt7", "similarity": 0.81}, {"filename": "861fhz", "similarity": 0.8094}, {"filename": "6b4p6i", "similarity": 0.8086}]