[{"filename": "5uvd71", "similarity": 1.0}, {"filename": "7b5973", "similarity": 0.741}, {"filename": "6s67yv", "similarity": 0.7349}, {"filename": "74xhev", "similarity": 0.7209}, {"filename": "5x6660", "similarity": 0.7112}, {"filename": "787v5p", "similarity": 0.7076}, {"filename": "7brtso", "similarity": 0.7035}, {"filename": "7uieq2", "similarity": 0.6946}, {"filename": "6zk93p", "similarity": 0.6875}, {"filename": "7kvxa0", "similarity": 0.6872}, {"filename": "56qdez", "similarity": 0.687}, {"filename": "87txrx", "similarity": 0.6847}, {"filename": "813ssk", "similarity": 0.684}, {"filename": "79140k", "similarity": 0.6824}, {"filename": "7v0mj7", "similarity": 0.6824}, {"filename": "84mn8q", "similarity": 0.682}, {"filename": "62gv9z", "similarity": 0.6788}, {"filename": "7hnx4g", "similarity": 0.6776}, {"filename": "6prl7d", "similarity": 0.6755}, {"filename": "7aa1mf", "similarity": 0.675}, {"filename": "663hgx", "similarity": 0.6745}, {"filename": "8545a0", "similarity": 0.6731}, {"filename": "7obl70", "similarity": 0.6729}, {"filename": "6msu80", "similarity": 0.6718}, {"filename": "74sbot", "similarity": 0.6711}, {"filename": "6m6ijv", "similarity": 0.6711}, {"filename": "7jl045", "similarity": 0.6707}, {"filename": "758pm2", "similarity": 0.6701}, {"filename": "5ww9sg", "similarity": 0.6668}, {"filename": "871ith", "similarity": 0.665}]