[{"filename": "5v0pfe", "similarity": 1.0}, {"filename": "7eanhd", "similarity": 0.8307}, {"filename": "7ulege", "similarity": 0.8039}, {"filename": "6rrnmh", "similarity": 0.7678}, {"filename": "8b6q2h", "similarity": 0.7655}, {"filename": "6i535n", "similarity": 0.765}, {"filename": "7k1yon", "similarity": 0.7579}, {"filename": "7ls5if", "similarity": 0.7415}, {"filename": "7ojqjm", "similarity": 0.7409}, {"filename": "7c6x9d", "similarity": 0.738}, {"filename": "7d8wwt", "similarity": 0.7354}, {"filename": "82u4xv", "similarity": 0.7297}, {"filename": "6wiy6z", "similarity": 0.7197}, {"filename": "7pwlu5", "similarity": 0.718}, {"filename": "7vys0s", "similarity": 0.7111}, {"filename": "75i7uh", "similarity": 0.7081}, {"filename": "8a6p2i", "similarity": 0.7075}, {"filename": "77zi1c", "similarity": 0.7042}, {"filename": "8bnhu4", "similarity": 0.7036}, {"filename": "7xs3ce", "similarity": 0.7016}, {"filename": "859ryk", "similarity": 0.6981}, {"filename": "6hlgbr", "similarity": 0.6951}, {"filename": "7sht0r", "similarity": 0.6935}, {"filename": "860mv0", "similarity": 0.6929}, {"filename": "5cvoe1", "similarity": 0.6919}, {"filename": "83tato", "similarity": 0.6898}, {"filename": "6ywan1", "similarity": 0.6885}, {"filename": "7ksk62", "similarity": 0.688}, {"filename": "63y8xp", "similarity": 0.6873}, {"filename": "7xymri", "similarity": 0.6871}]