[{"filename": "5v689g", "similarity": 1.0}, {"filename": "6ofdt6", "similarity": 0.815}, {"filename": "7rxxan", "similarity": 0.8148}, {"filename": "7io1hk", "similarity": 0.8138}, {"filename": "7hndap", "similarity": 0.8065}, {"filename": "878rhh", "similarity": 0.8013}, {"filename": "846dgt", "similarity": 0.8008}, {"filename": "86ck8w", "similarity": 0.8007}, {"filename": "7ljjyu", "similarity": 0.8005}, {"filename": "8bfn44", "similarity": 0.7996}, {"filename": "7ox2av", "similarity": 0.7989}, {"filename": "63hr7f", "similarity": 0.7988}, {"filename": "7y8x85", "similarity": 0.7988}, {"filename": "6tf4id", "similarity": 0.7986}, {"filename": "6tfkzr", "similarity": 0.7986}, {"filename": "7u44t7", "similarity": 0.7981}, {"filename": "7r8r08", "similarity": 0.7964}, {"filename": "7uw4rk", "similarity": 0.7948}, {"filename": "62keu3", "similarity": 0.7945}, {"filename": "6xtm2u", "similarity": 0.7945}, {"filename": "88obdj", "similarity": 0.7944}, {"filename": "7jr7wl", "similarity": 0.7943}, {"filename": "6fl53a", "similarity": 0.7937}, {"filename": "6i4yfa", "similarity": 0.7936}, {"filename": "678jwd", "similarity": 0.7934}, {"filename": "6gdyy6", "similarity": 0.7933}, {"filename": "7dbs44", "similarity": 0.7926}, {"filename": "7d1gp6", "similarity": 0.7921}, {"filename": "6p0nwj", "similarity": 0.792}, {"filename": "7hzxyp", "similarity": 0.7906}]