[{"filename": "5vip7r", "similarity": 1.0}, {"filename": "7ksk62", "similarity": 0.9425}, {"filename": "7hqv1z", "similarity": 0.826}, {"filename": "5ziik0", "similarity": 0.8222}, {"filename": "654uru", "similarity": 0.8005}, {"filename": "881v1w", "similarity": 0.7959}, {"filename": "886g8g", "similarity": 0.7926}, {"filename": "742hob", "similarity": 0.7919}, {"filename": "8bfhyy", "similarity": 0.7878}, {"filename": "6wiy6z", "similarity": 0.7867}, {"filename": "7ojqjm", "similarity": 0.786}, {"filename": "6dqjle", "similarity": 0.7801}, {"filename": "88rflu", "similarity": 0.78}, {"filename": "5cvoe1", "similarity": 0.7796}, {"filename": "696yfo", "similarity": 0.7788}, {"filename": "6m6ijv", "similarity": 0.7732}, {"filename": "7ckfcc", "similarity": 0.7731}, {"filename": "6x8f2e", "similarity": 0.7725}, {"filename": "6s1yh6", "similarity": 0.7709}, {"filename": "7wrw6t", "similarity": 0.7691}, {"filename": "8c3oy0", "similarity": 0.7673}, {"filename": "7169op", "similarity": 0.7667}, {"filename": "8c4c1n", "similarity": 0.7666}, {"filename": "6fqkkg", "similarity": 0.7666}, {"filename": "70vs05", "similarity": 0.7648}, {"filename": "69qsw7", "similarity": 0.7638}, {"filename": "6s929y", "similarity": 0.7626}, {"filename": "83el8n", "similarity": 0.7624}, {"filename": "8039cx", "similarity": 0.7615}, {"filename": "88fpmv", "similarity": 0.7614}]