[{"filename": "5vpore", "similarity": 1.0}, {"filename": "7oam47", "similarity": 0.7722}, {"filename": "7wyl25", "similarity": 0.7721}, {"filename": "74muva", "similarity": 0.7719}, {"filename": "861uzv", "similarity": 0.7667}, {"filename": "6e78d6", "similarity": 0.7614}, {"filename": "87iewf", "similarity": 0.7596}, {"filename": "7ckfcc", "similarity": 0.7579}, {"filename": "66ghjz", "similarity": 0.7555}, {"filename": "7o7hn8", "similarity": 0.7554}, {"filename": "7ia8ck", "similarity": 0.7532}, {"filename": "7ezk1v", "similarity": 0.7528}, {"filename": "87ulnx", "similarity": 0.7516}, {"filename": "6jfvj2", "similarity": 0.7515}, {"filename": "7oesnc", "similarity": 0.751}, {"filename": "822zm2", "similarity": 0.7505}, {"filename": "7m4y65", "similarity": 0.7502}, {"filename": "7bg6no", "similarity": 0.75}, {"filename": "6po1u4", "similarity": 0.7495}, {"filename": "799vyr", "similarity": 0.749}, {"filename": "7xvc6j", "similarity": 0.748}, {"filename": "6vyd0q", "similarity": 0.7475}, {"filename": "7jt60o", "similarity": 0.7468}, {"filename": "6vqvy7", "similarity": 0.7467}, {"filename": "7xxs1t", "similarity": 0.7458}, {"filename": "86ckl3", "similarity": 0.7452}, {"filename": "5ts0u0", "similarity": 0.7452}, {"filename": "6gk6aq", "similarity": 0.7451}, {"filename": "7uhliv", "similarity": 0.7449}, {"filename": "6lcnf5", "similarity": 0.7442}]