[{"filename": "5vq7ja", "similarity": 1.0}, {"filename": "79y4p0", "similarity": 0.7602}, {"filename": "6yk1z7", "similarity": 0.7326}, {"filename": "84469p", "similarity": 0.7239}, {"filename": "798286", "similarity": 0.7189}, {"filename": "67nxwc", "similarity": 0.7131}, {"filename": "87bui9", "similarity": 0.7071}, {"filename": "6k0tuw", "similarity": 0.7042}, {"filename": "7836pp", "similarity": 0.7039}, {"filename": "87e4p0", "similarity": 0.701}, {"filename": "7vxydo", "similarity": 0.699}, {"filename": "86tspq", "similarity": 0.6975}, {"filename": "69n6y7", "similarity": 0.6964}, {"filename": "799vyr", "similarity": 0.6963}, {"filename": "7t75fl", "similarity": 0.6954}, {"filename": "86x5jb", "similarity": 0.6949}, {"filename": "7h5vl2", "similarity": 0.6939}, {"filename": "833ihe", "similarity": 0.6933}, {"filename": "6z2jdl", "similarity": 0.6921}, {"filename": "85b7hx", "similarity": 0.6915}, {"filename": "6mgoer", "similarity": 0.6904}, {"filename": "87ulnx", "similarity": 0.6894}, {"filename": "8b1pgt", "similarity": 0.6889}, {"filename": "6v4449", "similarity": 0.6885}, {"filename": "8b1lp5", "similarity": 0.6881}, {"filename": "7kvxa0", "similarity": 0.6873}, {"filename": "6dtouw", "similarity": 0.6872}, {"filename": "6tffks", "similarity": 0.6869}, {"filename": "5q9rs5", "similarity": 0.6868}, {"filename": "7muwv3", "similarity": 0.6861}]