[{"filename": "5vx25g", "similarity": 1.0}, {"filename": "7m286y", "similarity": 0.7297}, {"filename": "61s4cx", "similarity": 0.7031}, {"filename": "854bsp", "similarity": 0.6811}, {"filename": "6u1xb1", "similarity": 0.6773}, {"filename": "5wte5s", "similarity": 0.6762}, {"filename": "7wsm6s", "similarity": 0.6727}, {"filename": "7jerr7", "similarity": 0.6682}, {"filename": "74at2n", "similarity": 0.6675}, {"filename": "5k9b95", "similarity": 0.6593}, {"filename": "6xslte", "similarity": 0.6559}, {"filename": "7llg05", "similarity": 0.6447}, {"filename": "7wp27w", "similarity": 0.6428}, {"filename": "7yzpuj", "similarity": 0.6409}, {"filename": "73sdml", "similarity": 0.6397}, {"filename": "8c1hc1", "similarity": 0.6393}, {"filename": "70go50", "similarity": 0.6364}, {"filename": "84nkg1", "similarity": 0.635}, {"filename": "7haijt", "similarity": 0.6278}, {"filename": "83p89a", "similarity": 0.6277}, {"filename": "7kn24f", "similarity": 0.627}, {"filename": "81da2w", "similarity": 0.6266}, {"filename": "7ppov5", "similarity": 0.6261}, {"filename": "6yesy7", "similarity": 0.6256}, {"filename": "80uqm7", "similarity": 0.6252}, {"filename": "7pbhh9", "similarity": 0.6246}, {"filename": "6y0hku", "similarity": 0.6242}, {"filename": "7kjxl9", "similarity": 0.6241}, {"filename": "73cufe", "similarity": 0.6228}, {"filename": "7bp8mm", "similarity": 0.6213}]