[{"filename": "5vz3ol", "similarity": 1.0}, {"filename": "7hpby2", "similarity": 0.883}, {"filename": "71qgl8", "similarity": 0.6523}, {"filename": "6l2am6", "similarity": 0.6483}, {"filename": "7mav5u", "similarity": 0.6473}, {"filename": "7xrkzt", "similarity": 0.6442}, {"filename": "77rcod", "similarity": 0.64}, {"filename": "6fh6e2", "similarity": 0.6388}, {"filename": "85omnh", "similarity": 0.6384}, {"filename": "7m8av1", "similarity": 0.6382}, {"filename": "8bzumg", "similarity": 0.6378}, {"filename": "7z71yd", "similarity": 0.6359}, {"filename": "7vu58i", "similarity": 0.6355}, {"filename": "71x43t", "similarity": 0.6342}, {"filename": "77zd6d", "similarity": 0.6324}, {"filename": "7eyfx8", "similarity": 0.6324}, {"filename": "6buq1s", "similarity": 0.6322}, {"filename": "6o6f22", "similarity": 0.632}, {"filename": "85kqsu", "similarity": 0.6314}, {"filename": "576tfq", "similarity": 0.6296}, {"filename": "7zbqar", "similarity": 0.6279}, {"filename": "7l0vfp", "similarity": 0.6264}, {"filename": "7evkia", "similarity": 0.6264}, {"filename": "82x7fx", "similarity": 0.626}, {"filename": "84c77w", "similarity": 0.6256}, {"filename": "7fa9am", "similarity": 0.6252}, {"filename": "67x5wd", "similarity": 0.6251}, {"filename": "8as66c", "similarity": 0.625}, {"filename": "5vpore", "similarity": 0.6241}, {"filename": "7dbzr1", "similarity": 0.6239}]