[{"filename": "5w3nru", "similarity": 1.0}, {"filename": "6mvikj", "similarity": 0.7531}, {"filename": "8as66c", "similarity": 0.734}, {"filename": "6vyd0q", "similarity": 0.7239}, {"filename": "6lca4i", "similarity": 0.7197}, {"filename": "8bgpsw", "similarity": 0.7173}, {"filename": "82010j", "similarity": 0.7171}, {"filename": "6orcub", "similarity": 0.7121}, {"filename": "74oqfs", "similarity": 0.7117}, {"filename": "7mqf0a", "similarity": 0.7106}, {"filename": "609oyp", "similarity": 0.7102}, {"filename": "68me7o", "similarity": 0.7096}, {"filename": "7m1ec3", "similarity": 0.7094}, {"filename": "7p2xby", "similarity": 0.709}, {"filename": "7nlq1z", "similarity": 0.7087}, {"filename": "7x88fk", "similarity": 0.7075}, {"filename": "7hnx4g", "similarity": 0.7064}, {"filename": "6njmah", "similarity": 0.7057}, {"filename": "7g18cy", "similarity": 0.7054}, {"filename": "67nxwc", "similarity": 0.7048}, {"filename": "68gtkq", "similarity": 0.7047}, {"filename": "7i9499", "similarity": 0.7039}, {"filename": "6gsgbt", "similarity": 0.7035}, {"filename": "7uhliv", "similarity": 0.7028}, {"filename": "7n4rku", "similarity": 0.7023}, {"filename": "7goylm", "similarity": 0.702}, {"filename": "62gv9z", "similarity": 0.702}, {"filename": "6pyc24", "similarity": 0.7015}, {"filename": "8545a0", "similarity": 0.7015}, {"filename": "8538zz", "similarity": 0.6999}]