[{"filename": "5w4fil", "similarity": 1.0}, {"filename": "7rxxan", "similarity": 0.7325}, {"filename": "81sqby", "similarity": 0.731}, {"filename": "7vd50u", "similarity": 0.7292}, {"filename": "63hr7f", "similarity": 0.7254}, {"filename": "67uw7a", "similarity": 0.7242}, {"filename": "6zr2d1", "similarity": 0.7242}, {"filename": "5waw8f", "similarity": 0.723}, {"filename": "7mkihv", "similarity": 0.7228}, {"filename": "7ksoks", "similarity": 0.7198}, {"filename": "63e94t", "similarity": 0.7121}, {"filename": "6uuzvv", "similarity": 0.7109}, {"filename": "81cfzm", "similarity": 0.7082}, {"filename": "7ztxmg", "similarity": 0.7072}, {"filename": "889eaq", "similarity": 0.707}, {"filename": "6v0ttt", "similarity": 0.7061}, {"filename": "5v689g", "similarity": 0.7054}, {"filename": "6n9kra", "similarity": 0.702}, {"filename": "80bpyc", "similarity": 0.6981}, {"filename": "82nc00", "similarity": 0.6966}, {"filename": "6z7zyr", "similarity": 0.6948}, {"filename": "7hgq0j", "similarity": 0.693}, {"filename": "7l8d84", "similarity": 0.6874}, {"filename": "6zgere", "similarity": 0.6856}, {"filename": "7o2odz", "similarity": 0.6836}, {"filename": "6yhzfa", "similarity": 0.6805}, {"filename": "74hnzc", "similarity": 0.6805}, {"filename": "7xpw6y", "similarity": 0.6804}, {"filename": "5ts0u0", "similarity": 0.6802}, {"filename": "7r8r08", "similarity": 0.6788}]