[{"filename": "5w66yx", "similarity": 1.0}, {"filename": "7tlx6r", "similarity": 0.8789}, {"filename": "6fzxsd", "similarity": 0.7279}, {"filename": "6mj84n", "similarity": 0.7087}, {"filename": "7z1rjy", "similarity": 0.7083}, {"filename": "86189j", "similarity": 0.7065}, {"filename": "7gt22g", "similarity": 0.7049}, {"filename": "73cufe", "similarity": 0.7016}, {"filename": "7pbhh9", "similarity": 0.6998}, {"filename": "64n0r5", "similarity": 0.6986}, {"filename": "7msepc", "similarity": 0.698}, {"filename": "7300vx", "similarity": 0.6974}, {"filename": "6xr0lb", "similarity": 0.6971}, {"filename": "5t6d83", "similarity": 0.6962}, {"filename": "61beyg", "similarity": 0.6956}, {"filename": "6xlhtv", "similarity": 0.6953}, {"filename": "6akyca", "similarity": 0.6948}, {"filename": "7pox2b", "similarity": 0.6939}, {"filename": "6697tp", "similarity": 0.693}, {"filename": "8545a0", "similarity": 0.6924}, {"filename": "63k6mh", "similarity": 0.6887}, {"filename": "7o4lby", "similarity": 0.6864}, {"filename": "6y0hku", "similarity": 0.6854}, {"filename": "7utqot", "similarity": 0.6845}, {"filename": "6ohxty", "similarity": 0.6843}, {"filename": "872w7m", "similarity": 0.6843}, {"filename": "6xslte", "similarity": 0.6843}, {"filename": "64pzpi", "similarity": 0.6843}, {"filename": "6zk93p", "similarity": 0.6836}, {"filename": "5btgto", "similarity": 0.6827}]