[{"filename": "5waw8f", "similarity": 1.0}, {"filename": "7rxxan", "similarity": 0.8178}, {"filename": "6gdyy6", "similarity": 0.8161}, {"filename": "6ok7mv", "similarity": 0.8104}, {"filename": "67uw7a", "similarity": 0.8103}, {"filename": "6zr2d1", "similarity": 0.8103}, {"filename": "6vkhe3", "similarity": 0.809}, {"filename": "62xfyd", "similarity": 0.8063}, {"filename": "7m4y65", "similarity": 0.8039}, {"filename": "822zm2", "similarity": 0.8023}, {"filename": "71nlyp", "similarity": 0.7947}, {"filename": "71qpl2", "similarity": 0.7946}, {"filename": "6v0ttt", "similarity": 0.7931}, {"filename": "6zg6pr", "similarity": 0.793}, {"filename": "7nun79", "similarity": 0.7923}, {"filename": "77t3l8", "similarity": 0.7909}, {"filename": "85x4se", "similarity": 0.7905}, {"filename": "6p3mye", "similarity": 0.7896}, {"filename": "5yl3ig", "similarity": 0.7871}, {"filename": "5x7lxv", "similarity": 0.7871}, {"filename": "7xr1gm", "similarity": 0.7867}, {"filename": "6lkvxg", "similarity": 0.785}, {"filename": "7ukwg1", "similarity": 0.7832}, {"filename": "8b1u7r", "similarity": 0.7829}, {"filename": "7ber0v", "similarity": 0.7825}, {"filename": "6wy4j9", "similarity": 0.7823}, {"filename": "7jk01u", "similarity": 0.7822}, {"filename": "89uh7j", "similarity": 0.7821}, {"filename": "7ytmr6", "similarity": 0.7812}, {"filename": "61a889", "similarity": 0.7798}]