[{"filename": "5wczbq", "similarity": 1.0}, {"filename": "7p5r3i", "similarity": 0.7681}, {"filename": "7wnz50", "similarity": 0.7608}, {"filename": "6ugry3", "similarity": 0.7587}, {"filename": "6qxqao", "similarity": 0.7499}, {"filename": "5zcjpc", "similarity": 0.7471}, {"filename": "7pbhh9", "similarity": 0.7464}, {"filename": "7uryha", "similarity": 0.7448}, {"filename": "6gndiv", "similarity": 0.7417}, {"filename": "6yesy7", "similarity": 0.74}, {"filename": "6kdsps", "similarity": 0.7392}, {"filename": "8545a0", "similarity": 0.7373}, {"filename": "89jhg9", "similarity": 0.7344}, {"filename": "7jbryf", "similarity": 0.7334}, {"filename": "6naz23", "similarity": 0.731}, {"filename": "6xkfxw", "similarity": 0.7299}, {"filename": "74oqfs", "similarity": 0.7294}, {"filename": "7u02wz", "similarity": 0.7293}, {"filename": "6e78d6", "similarity": 0.7271}, {"filename": "6dn5rj", "similarity": 0.7269}, {"filename": "6zspoi", "similarity": 0.7269}, {"filename": "7ncmkx", "similarity": 0.7268}, {"filename": "76k484", "similarity": 0.7252}, {"filename": "87u89b", "similarity": 0.722}, {"filename": "6usbpx", "similarity": 0.7218}, {"filename": "7nlq1z", "similarity": 0.7213}, {"filename": "6vqf9g", "similarity": 0.7211}, {"filename": "748b0k", "similarity": 0.7198}, {"filename": "6rg5uo", "similarity": 0.7196}, {"filename": "7s5vtd", "similarity": 0.7193}]