[{"filename": "5wgd96", "similarity": 1.0}, {"filename": "5urj4x", "similarity": 0.883}, {"filename": "721q6q", "similarity": 0.8499}, {"filename": "7ey3yp", "similarity": 0.8486}, {"filename": "7vgx6l", "similarity": 0.8486}, {"filename": "6mzc54", "similarity": 0.846}, {"filename": "71kt9k", "similarity": 0.8455}, {"filename": "6n5cob", "similarity": 0.8393}, {"filename": "7dcoel", "similarity": 0.8359}, {"filename": "6zobxz", "similarity": 0.8348}, {"filename": "799ynr", "similarity": 0.832}, {"filename": "716ius", "similarity": 0.831}, {"filename": "81evgp", "similarity": 0.8277}, {"filename": "7ox2av", "similarity": 0.8265}, {"filename": "7duoem", "similarity": 0.8248}, {"filename": "861fhz", "similarity": 0.8247}, {"filename": "6frw6o", "similarity": 0.8222}, {"filename": "85o7z6", "similarity": 0.8204}, {"filename": "846dgt", "similarity": 0.8187}, {"filename": "8a4hrz", "similarity": 0.8171}, {"filename": "881lvb", "similarity": 0.8169}, {"filename": "6fnyl9", "similarity": 0.8166}, {"filename": "87ulnx", "similarity": 0.8165}, {"filename": "6g0b1s", "similarity": 0.8164}, {"filename": "7ljjyu", "similarity": 0.8155}, {"filename": "6r46h4", "similarity": 0.8121}, {"filename": "753vo2", "similarity": 0.8099}, {"filename": "88wdk1", "similarity": 0.8087}, {"filename": "7y8x85", "similarity": 0.8073}, {"filename": "751g7p", "similarity": 0.8064}]