[{"filename": "5wh2wp", "similarity": 1.0}, {"filename": "7ydwav", "similarity": 0.8974}, {"filename": "757bqz", "similarity": 0.8845}, {"filename": "6lt1hj", "similarity": 0.8842}, {"filename": "7ltar8", "similarity": 0.8789}, {"filename": "7yli4c", "similarity": 0.8743}, {"filename": "82m3m3", "similarity": 0.8698}, {"filename": "8bh2qw", "similarity": 0.8505}, {"filename": "8c59br", "similarity": 0.8372}, {"filename": "8aqcnp", "similarity": 0.8348}, {"filename": "65d0ky", "similarity": 0.8253}, {"filename": "84am2u", "similarity": 0.8241}, {"filename": "83xgkx", "similarity": 0.8201}, {"filename": "6cmto4", "similarity": 0.8126}, {"filename": "7ktfew", "similarity": 0.8116}, {"filename": "840hbv", "similarity": 0.8106}, {"filename": "8433t9", "similarity": 0.81}, {"filename": "7axuk7", "similarity": 0.7988}, {"filename": "73u6oo", "similarity": 0.7868}, {"filename": "881bt7", "similarity": 0.7868}, {"filename": "5x9d94", "similarity": 0.7645}, {"filename": "7fxmbq", "similarity": 0.7498}, {"filename": "86muac", "similarity": 0.7368}, {"filename": "6ic9b0", "similarity": 0.7255}, {"filename": "695yf3", "similarity": 0.725}, {"filename": "6ro7q2", "similarity": 0.7147}, {"filename": "6k7x2y", "similarity": 0.712}, {"filename": "7swb9a", "similarity": 0.7098}, {"filename": "84qm0d", "similarity": 0.7034}, {"filename": "7xvc6j", "similarity": 0.7001}]