[{"filename": "5wik1c", "similarity": 1.0}, {"filename": "7hzxyp", "similarity": 0.9048}, {"filename": "5y7fcn", "similarity": 0.8887}, {"filename": "7r0rgu", "similarity": 0.8885}, {"filename": "6d52ri", "similarity": 0.887}, {"filename": "6j9pi4", "similarity": 0.8835}, {"filename": "6x626v", "similarity": 0.882}, {"filename": "7aee7l", "similarity": 0.877}, {"filename": "6u4fiw", "similarity": 0.8758}, {"filename": "81q1jc", "similarity": 0.8755}, {"filename": "65utsz", "similarity": 0.8752}, {"filename": "71ag2y", "similarity": 0.8749}, {"filename": "7jr7wl", "similarity": 0.8719}, {"filename": "6cyyt6", "similarity": 0.871}, {"filename": "6jep8t", "similarity": 0.8706}, {"filename": "6h6c7n", "similarity": 0.8702}, {"filename": "86k7d8", "similarity": 0.8698}, {"filename": "6gdhd9", "similarity": 0.8696}, {"filename": "7ds19z", "similarity": 0.8692}, {"filename": "7lxm6a", "similarity": 0.8674}, {"filename": "88ha85", "similarity": 0.8657}, {"filename": "8bqnpi", "similarity": 0.8657}, {"filename": "7xbob9", "similarity": 0.8648}, {"filename": "7yvhnn", "similarity": 0.8637}, {"filename": "6ar6jp", "similarity": 0.8632}, {"filename": "4c12i4", "similarity": 0.862}, {"filename": "7kgp7b", "similarity": 0.8601}, {"filename": "845gft", "similarity": 0.86}, {"filename": "6ijnh3", "similarity": 0.8594}, {"filename": "2wod3h", "similarity": 0.8591}]