[{"filename": "5wnmld", "similarity": 1.0}, {"filename": "87get8", "similarity": 0.7845}, {"filename": "75ce2o", "similarity": 0.7841}, {"filename": "8b1u7r", "similarity": 0.7771}, {"filename": "6p0nwj", "similarity": 0.7719}, {"filename": "777dq8", "similarity": 0.7715}, {"filename": "81xuqy", "similarity": 0.7687}, {"filename": "6901p4", "similarity": 0.7685}, {"filename": "6s5de8", "similarity": 0.7682}, {"filename": "71nusf", "similarity": 0.7681}, {"filename": "7ia8ck", "similarity": 0.7679}, {"filename": "7vscl8", "similarity": 0.7666}, {"filename": "87ez2n", "similarity": 0.7661}, {"filename": "7qj737", "similarity": 0.7644}, {"filename": "70bcaf", "similarity": 0.7641}, {"filename": "7yc681", "similarity": 0.764}, {"filename": "89zfnu", "similarity": 0.7639}, {"filename": "7f16s9", "similarity": 0.763}, {"filename": "8bm0hc", "similarity": 0.7627}, {"filename": "6feflv", "similarity": 0.7619}, {"filename": "6xtm2u", "similarity": 0.7614}, {"filename": "6cnxlz", "similarity": 0.7607}, {"filename": "6tf4id", "similarity": 0.7605}, {"filename": "6tfkzr", "similarity": 0.7605}, {"filename": "83rsj6", "similarity": 0.7604}, {"filename": "77blnq", "similarity": 0.7603}, {"filename": "74uj30", "similarity": 0.76}, {"filename": "7hpdi9", "similarity": 0.76}, {"filename": "7awy3m", "similarity": 0.7592}, {"filename": "766tm6", "similarity": 0.7587}]