[{"filename": "5wny1r", "similarity": 1.0}, {"filename": "742v3o", "similarity": 0.8165}, {"filename": "75pd9h", "similarity": 0.8144}, {"filename": "876xdh", "similarity": 0.811}, {"filename": "83mewc", "similarity": 0.808}, {"filename": "5xvu22", "similarity": 0.7954}, {"filename": "8bvet6", "similarity": 0.7928}, {"filename": "7wtsxz", "similarity": 0.792}, {"filename": "6izwgb", "similarity": 0.7898}, {"filename": "6so8mf", "similarity": 0.7892}, {"filename": "8a4hrz", "similarity": 0.7886}, {"filename": "7h62yh", "similarity": 0.7884}, {"filename": "5xc1bu", "similarity": 0.784}, {"filename": "799ynr", "similarity": 0.7827}, {"filename": "6fnyl9", "similarity": 0.7825}, {"filename": "7dcoel", "similarity": 0.7758}, {"filename": "7ey3yp", "similarity": 0.7744}, {"filename": "6zjcpo", "similarity": 0.7726}, {"filename": "6g0b1s", "similarity": 0.7725}, {"filename": "6heyir", "similarity": 0.7713}, {"filename": "84nug0", "similarity": 0.7704}, {"filename": "7vsye0", "similarity": 0.7697}, {"filename": "7duoem", "similarity": 0.7696}, {"filename": "7zaftt", "similarity": 0.7685}, {"filename": "86a9rb", "similarity": 0.7622}, {"filename": "73vfo2", "similarity": 0.7619}, {"filename": "56h87o", "similarity": 0.7617}, {"filename": "7qetdo", "similarity": 0.7616}, {"filename": "7b1uzr", "similarity": 0.7595}, {"filename": "6f1n9w", "similarity": 0.7587}]