[{"filename": "5womm2", "similarity": 1.0}, {"filename": "7k57cf", "similarity": 0.7467}, {"filename": "89nxd5", "similarity": 0.7206}, {"filename": "61beyg", "similarity": 0.7162}, {"filename": "7goylm", "similarity": 0.7093}, {"filename": "816r0m", "similarity": 0.7078}, {"filename": "6lca4i", "similarity": 0.7069}, {"filename": "77n2kc", "similarity": 0.7066}, {"filename": "80c1tb", "similarity": 0.7057}, {"filename": "82cyqu", "similarity": 0.7038}, {"filename": "8545a0", "similarity": 0.7001}, {"filename": "6z2jdl", "similarity": 0.6991}, {"filename": "7wp27w", "similarity": 0.6986}, {"filename": "84s989", "similarity": 0.6978}, {"filename": "848v7f", "similarity": 0.6953}, {"filename": "66hudv", "similarity": 0.6926}, {"filename": "7wq7q4", "similarity": 0.6925}, {"filename": "87pxlg", "similarity": 0.6914}, {"filename": "7nbkvy", "similarity": 0.6912}, {"filename": "7x88fk", "similarity": 0.6903}, {"filename": "71xtda", "similarity": 0.6895}, {"filename": "6uw4h3", "similarity": 0.6885}, {"filename": "6rwm41", "similarity": 0.6881}, {"filename": "7car3z", "similarity": 0.6868}, {"filename": "68f2vk", "similarity": 0.6864}, {"filename": "7nc30x", "similarity": 0.6861}, {"filename": "780cr3", "similarity": 0.6854}, {"filename": "6zk93p", "similarity": 0.6852}, {"filename": "7efpd1", "similarity": 0.6851}, {"filename": "7018c6", "similarity": 0.6848}]