[{"filename": "5wte5s", "similarity": 1.0}, {"filename": "83yt5e", "similarity": 0.7969}, {"filename": "6bbk1f", "similarity": 0.7528}, {"filename": "3o00ad", "similarity": 0.7424}, {"filename": "6kmgj8", "similarity": 0.7376}, {"filename": "6br0io", "similarity": 0.7311}, {"filename": "76ytpe", "similarity": 0.7229}, {"filename": "6mjkh6", "similarity": 0.7228}, {"filename": "7gegt5", "similarity": 0.7199}, {"filename": "6fifua", "similarity": 0.7164}, {"filename": "68bi5k", "similarity": 0.7134}, {"filename": "64j9j3", "similarity": 0.7042}, {"filename": "7g35wc", "similarity": 0.7033}, {"filename": "64tivo", "similarity": 0.7024}, {"filename": "7wp27w", "similarity": 0.7017}, {"filename": "7nsswo", "similarity": 0.7014}, {"filename": "7m3077", "similarity": 0.6986}, {"filename": "6xhrsg", "similarity": 0.698}, {"filename": "71kcps", "similarity": 0.6962}, {"filename": "74at2n", "similarity": 0.6952}, {"filename": "5k32be", "similarity": 0.6939}, {"filename": "7362op", "similarity": 0.6937}, {"filename": "6u1xb1", "similarity": 0.6915}, {"filename": "7zdswk", "similarity": 0.6914}, {"filename": "7tdp5w", "similarity": 0.6894}, {"filename": "61beyg", "similarity": 0.6891}, {"filename": "69bsd8", "similarity": 0.6886}, {"filename": "89g8x9", "similarity": 0.6884}, {"filename": "7zmkyb", "similarity": 0.6881}, {"filename": "6xslte", "similarity": 0.6876}]