[{"filename": "5wvail", "similarity": 1.0}, {"filename": "6wqefx", "similarity": 0.7443}, {"filename": "6vcncj", "similarity": 0.7329}, {"filename": "70pfc9", "similarity": 0.7295}, {"filename": "6po1u4", "similarity": 0.7228}, {"filename": "78so15", "similarity": 0.7126}, {"filename": "7c151f", "similarity": 0.7123}, {"filename": "5nn64d", "similarity": 0.7118}, {"filename": "5ts0u0", "similarity": 0.7116}, {"filename": "6nmhtd", "similarity": 0.7105}, {"filename": "7pmqwx", "similarity": 0.7098}, {"filename": "6mmhgs", "similarity": 0.7092}, {"filename": "58bgmf", "similarity": 0.7082}, {"filename": "7teiru", "similarity": 0.7079}, {"filename": "7nrv7c", "similarity": 0.7055}, {"filename": "88y8vq", "similarity": 0.7054}, {"filename": "7ri7l1", "similarity": 0.7015}, {"filename": "7ia8ck", "similarity": 0.6986}, {"filename": "7i5d8q", "similarity": 0.6976}, {"filename": "80nma3", "similarity": 0.6971}, {"filename": "6hyns7", "similarity": 0.6963}, {"filename": "777dq8", "similarity": 0.6955}, {"filename": "87ulnx", "similarity": 0.6948}, {"filename": "7zhi8k", "similarity": 0.6939}, {"filename": "77kuyq", "similarity": 0.6925}, {"filename": "6ohxty", "similarity": 0.6925}, {"filename": "872w7m", "similarity": 0.6925}, {"filename": "6sfus9", "similarity": 0.691}, {"filename": "74at2n", "similarity": 0.691}, {"filename": "7qd9yt", "similarity": 0.69}]