[{"filename": "5wvf6x", "similarity": 1.0}, {"filename": "71xtda", "similarity": 0.7852}, {"filename": "7nun79", "similarity": 0.7834}, {"filename": "6s5de8", "similarity": 0.7712}, {"filename": "8b1u7r", "similarity": 0.7561}, {"filename": "71nusf", "similarity": 0.7546}, {"filename": "7vc482", "similarity": 0.7527}, {"filename": "6ci259", "similarity": 0.7503}, {"filename": "7ytmr6", "similarity": 0.7499}, {"filename": "72yhfh", "similarity": 0.7498}, {"filename": "7ovxmx", "similarity": 0.7492}, {"filename": "89jhg9", "similarity": 0.7456}, {"filename": "7on3ac", "similarity": 0.7455}, {"filename": "830atr", "similarity": 0.7432}, {"filename": "7x6sb2", "similarity": 0.7431}, {"filename": "68me7o", "similarity": 0.7423}, {"filename": "87e4p0", "similarity": 0.7414}, {"filename": "8c5obq", "similarity": 0.7391}, {"filename": "7t75fl", "similarity": 0.7387}, {"filename": "8bzlp5", "similarity": 0.7363}, {"filename": "777dq8", "similarity": 0.7358}, {"filename": "84c77w", "similarity": 0.7355}, {"filename": "7m3ou9", "similarity": 0.7352}, {"filename": "813u7o", "similarity": 0.7352}, {"filename": "7s5vtd", "similarity": 0.7351}, {"filename": "87hxtr", "similarity": 0.7326}, {"filename": "8bm0hc", "similarity": 0.7324}, {"filename": "7oi2bw", "similarity": 0.7308}, {"filename": "84ibm0", "similarity": 0.7298}, {"filename": "89vbg1", "similarity": 0.7288}]