[{"filename": "5ww9sg", "similarity": 1.0}, {"filename": "6mvikj", "similarity": 0.7073}, {"filename": "74xhev", "similarity": 0.706}, {"filename": "7836pp", "similarity": 0.7018}, {"filename": "7uryha", "similarity": 0.6943}, {"filename": "7ulthr", "similarity": 0.6934}, {"filename": "8545a0", "similarity": 0.691}, {"filename": "824se7", "similarity": 0.6908}, {"filename": "7jy1s0", "similarity": 0.6888}, {"filename": "7jti9y", "similarity": 0.6879}, {"filename": "7wp27w", "similarity": 0.6868}, {"filename": "6zf56f", "similarity": 0.6862}, {"filename": "7rnod5", "similarity": 0.6855}, {"filename": "88vni9", "similarity": 0.6837}, {"filename": "87op4x", "similarity": 0.6824}, {"filename": "85ksdy", "similarity": 0.6821}, {"filename": "7qm4v2", "similarity": 0.6817}, {"filename": "7yx9pf", "similarity": 0.6801}, {"filename": "7r582e", "similarity": 0.6795}, {"filename": "7lswh6", "similarity": 0.6784}, {"filename": "7n4rku", "similarity": 0.6781}, {"filename": "7p5r3i", "similarity": 0.6767}, {"filename": "753ya6", "similarity": 0.6753}, {"filename": "6v4449", "similarity": 0.6751}, {"filename": "77n2kc", "similarity": 0.6748}, {"filename": "6s67yv", "similarity": 0.6747}, {"filename": "7yyyje", "similarity": 0.674}, {"filename": "7yv9xi", "similarity": 0.6738}, {"filename": "6aqzdk", "similarity": 0.6726}, {"filename": "8c7t55", "similarity": 0.672}]