[{"filename": "5wyv29", "similarity": 1.0}, {"filename": "7zm6u8", "similarity": 0.8218}, {"filename": "7iydag", "similarity": 0.8218}, {"filename": "60sn7y", "similarity": 0.8071}, {"filename": "5qmz6x", "similarity": 0.8039}, {"filename": "5rn537", "similarity": 0.8026}, {"filename": "864qpz", "similarity": 0.7969}, {"filename": "6agrw7", "similarity": 0.7964}, {"filename": "7oobdy", "similarity": 0.7941}, {"filename": "7wrw6t", "similarity": 0.7933}, {"filename": "5cvoe1", "similarity": 0.7911}, {"filename": "7sht0r", "similarity": 0.7902}, {"filename": "5y977j", "similarity": 0.7887}, {"filename": "7c6x9d", "similarity": 0.7884}, {"filename": "6ywan1", "similarity": 0.7873}, {"filename": "6feflv", "similarity": 0.7868}, {"filename": "6x8f2e", "similarity": 0.7861}, {"filename": "7bgtxg", "similarity": 0.7854}, {"filename": "7h2egc", "similarity": 0.7842}, {"filename": "8bfhyy", "similarity": 0.7833}, {"filename": "6p3mye", "similarity": 0.7816}, {"filename": "78586f", "similarity": 0.7787}, {"filename": "72ritv", "similarity": 0.7771}, {"filename": "7y8slj", "similarity": 0.7764}, {"filename": "7yozse", "similarity": 0.7759}, {"filename": "730jb8", "similarity": 0.7758}, {"filename": "7uqq3i", "similarity": 0.775}, {"filename": "8aiynr", "similarity": 0.7704}, {"filename": "7hwup6", "similarity": 0.7703}, {"filename": "7jj3am", "similarity": 0.7691}]