[{"filename": "5x3tz6", "similarity": 1.0}, {"filename": "73vfo2", "similarity": 0.8038}, {"filename": "7qetdo", "similarity": 0.8033}, {"filename": "6zeefg", "similarity": 0.7982}, {"filename": "751g7p", "similarity": 0.7838}, {"filename": "7qc66j", "similarity": 0.7823}, {"filename": "7n0roh", "similarity": 0.7775}, {"filename": "75yit6", "similarity": 0.7718}, {"filename": "6nhsq7", "similarity": 0.7714}, {"filename": "7qtej0", "similarity": 0.7712}, {"filename": "77zsna", "similarity": 0.7711}, {"filename": "6skts2", "similarity": 0.7709}, {"filename": "7zmvs5", "similarity": 0.7709}, {"filename": "6ykn7w", "similarity": 0.7696}, {"filename": "847hox", "similarity": 0.7689}, {"filename": "82nosn", "similarity": 0.768}, {"filename": "64x971", "similarity": 0.7674}, {"filename": "7b1uzr", "similarity": 0.7672}, {"filename": "5urj4x", "similarity": 0.763}, {"filename": "7vgx6l", "similarity": 0.7629}, {"filename": "6y67ml", "similarity": 0.7616}, {"filename": "796l3m", "similarity": 0.7615}, {"filename": "7smdxf", "similarity": 0.7613}, {"filename": "6y9gt7", "similarity": 0.7608}, {"filename": "7q0yxn", "similarity": 0.7603}, {"filename": "8bse8k", "similarity": 0.7596}, {"filename": "8bm0hc", "similarity": 0.7593}, {"filename": "861fhz", "similarity": 0.758}, {"filename": "84yba5", "similarity": 0.7579}, {"filename": "881lvb", "similarity": 0.7579}]