[{"filename": "5x3yov", "similarity": 1.0}, {"filename": "72e8md", "similarity": 0.7794}, {"filename": "7qub7a", "similarity": 0.7794}, {"filename": "6lcnf5", "similarity": 0.7241}, {"filename": "79msix", "similarity": 0.6969}, {"filename": "7053ed", "similarity": 0.6924}, {"filename": "7rx9jn", "similarity": 0.6883}, {"filename": "8545a0", "similarity": 0.6852}, {"filename": "6lf3u6", "similarity": 0.6841}, {"filename": "74k64t", "similarity": 0.6823}, {"filename": "69cvux", "similarity": 0.6798}, {"filename": "6hgevb", "similarity": 0.6781}, {"filename": "6ymik2", "similarity": 0.6758}, {"filename": "7uy8hq", "similarity": 0.6755}, {"filename": "6m5k0o", "similarity": 0.6754}, {"filename": "822zm2", "similarity": 0.6726}, {"filename": "7836pp", "similarity": 0.6717}, {"filename": "7wdi8n", "similarity": 0.6709}, {"filename": "6a6t1t", "similarity": 0.6701}, {"filename": "5k2poz", "similarity": 0.6695}, {"filename": "64bvdp", "similarity": 0.6684}, {"filename": "7tpjg5", "similarity": 0.6674}, {"filename": "7aa1mf", "similarity": 0.6637}, {"filename": "6g7079", "similarity": 0.6614}, {"filename": "7nlqa7", "similarity": 0.6608}, {"filename": "86aqse", "similarity": 0.6582}, {"filename": "7xxs1t", "similarity": 0.6581}, {"filename": "7nsswo", "similarity": 0.6577}, {"filename": "777dq8", "similarity": 0.6575}, {"filename": "7uryha", "similarity": 0.6572}]