[{"filename": "5x6660", "similarity": 1.0}, {"filename": "7b5973", "similarity": 0.7817}, {"filename": "7m1ec3", "similarity": 0.7434}, {"filename": "7uieq2", "similarity": 0.7345}, {"filename": "7jl045", "similarity": 0.7306}, {"filename": "74xhev", "similarity": 0.7283}, {"filename": "6s67yv", "similarity": 0.7282}, {"filename": "84bclj", "similarity": 0.725}, {"filename": "74sbot", "similarity": 0.7223}, {"filename": "7timyg", "similarity": 0.721}, {"filename": "85ljmi", "similarity": 0.7204}, {"filename": "71l0xt", "similarity": 0.7196}, {"filename": "6hjfic", "similarity": 0.7192}, {"filename": "63xbhs", "similarity": 0.7165}, {"filename": "5uvd71", "similarity": 0.7112}, {"filename": "62gv9z", "similarity": 0.7105}, {"filename": "64pzpi", "similarity": 0.7014}, {"filename": "7oyzhj", "similarity": 0.7001}, {"filename": "7vg0gc", "similarity": 0.6991}, {"filename": "7qm4v2", "similarity": 0.6974}, {"filename": "6zk93p", "similarity": 0.6971}, {"filename": "7kjxl9", "similarity": 0.6968}, {"filename": "6msu80", "similarity": 0.6967}, {"filename": "72666v", "similarity": 0.6955}, {"filename": "60luhe", "similarity": 0.695}, {"filename": "4yfw74", "similarity": 0.6943}, {"filename": "7yyyje", "similarity": 0.6913}, {"filename": "7iyyyq", "similarity": 0.691}, {"filename": "6qco48", "similarity": 0.6907}, {"filename": "888smn", "similarity": 0.6895}]