[{"filename": "5x7lxv", "similarity": 1.0}, {"filename": "7ukwg1", "similarity": 0.9988}, {"filename": "6zg6pr", "similarity": 0.8688}, {"filename": "83p8gj", "similarity": 0.861}, {"filename": "7ber0v", "similarity": 0.8603}, {"filename": "6gdyy6", "similarity": 0.8594}, {"filename": "77blnq", "similarity": 0.8538}, {"filename": "6p0nwj", "similarity": 0.8501}, {"filename": "79dda4", "similarity": 0.8483}, {"filename": "7ccobp", "similarity": 0.8474}, {"filename": "6ic2ro", "similarity": 0.8447}, {"filename": "5c0v6z", "similarity": 0.8446}, {"filename": "85e4wk", "similarity": 0.8445}, {"filename": "78gun7", "similarity": 0.8403}, {"filename": "8bm0hc", "similarity": 0.8397}, {"filename": "80qdkj", "similarity": 0.8384}, {"filename": "6k6dnn", "similarity": 0.8379}, {"filename": "81g42s", "similarity": 0.8373}, {"filename": "6te5mc", "similarity": 0.8356}, {"filename": "71nlyp", "similarity": 0.835}, {"filename": "72ilwd", "similarity": 0.8341}, {"filename": "7uw4rk", "similarity": 0.833}, {"filename": "7i10gv", "similarity": 0.8327}, {"filename": "881q6s", "similarity": 0.8298}, {"filename": "7nobgm", "similarity": 0.8294}, {"filename": "7y086r", "similarity": 0.8286}, {"filename": "6xtm2u", "similarity": 0.8285}, {"filename": "6gzee7", "similarity": 0.8278}, {"filename": "88avgn", "similarity": 0.8274}, {"filename": "7cptyb", "similarity": 0.8273}]