[{"filename": "5x9d94", "similarity": 1.0}, {"filename": "6cmto4", "similarity": 0.8713}, {"filename": "65d0ky", "similarity": 0.8563}, {"filename": "7ktfew", "similarity": 0.8553}, {"filename": "83xgkx", "similarity": 0.8356}, {"filename": "7ltar8", "similarity": 0.8273}, {"filename": "757bqz", "similarity": 0.8196}, {"filename": "7yli4c", "similarity": 0.8158}, {"filename": "8c59br", "similarity": 0.8104}, {"filename": "7hndap", "similarity": 0.7968}, {"filename": "6lt1hj", "similarity": 0.7961}, {"filename": "6ic9b0", "similarity": 0.791}, {"filename": "82m3m3", "similarity": 0.7878}, {"filename": "73u6oo", "similarity": 0.785}, {"filename": "7cptyb", "similarity": 0.7847}, {"filename": "8bh2qw", "similarity": 0.7822}, {"filename": "5y22w0", "similarity": 0.7768}, {"filename": "89nf29", "similarity": 0.7749}, {"filename": "6gdhd9", "similarity": 0.7741}, {"filename": "84am2u", "similarity": 0.7728}, {"filename": "8aqcnp", "similarity": 0.7689}, {"filename": "66vnlg", "similarity": 0.7678}, {"filename": "845gft", "similarity": 0.7674}, {"filename": "8bfn44", "similarity": 0.7665}, {"filename": "5wh2wp", "similarity": 0.7645}, {"filename": "7ydwav", "similarity": 0.7631}, {"filename": "7fcsdj", "similarity": 0.7628}, {"filename": "8ayzpt", "similarity": 0.7618}, {"filename": "7jr7wl", "similarity": 0.76}, {"filename": "6kngvy", "similarity": 0.7593}]