[{"filename": "5xc1bu", "similarity": 1.0}, {"filename": "5wny1r", "similarity": 0.784}, {"filename": "75pd9h", "similarity": 0.7755}, {"filename": "83mewc", "similarity": 0.7615}, {"filename": "7vsye0", "similarity": 0.7591}, {"filename": "6heyir", "similarity": 0.7586}, {"filename": "5xvu22", "similarity": 0.7572}, {"filename": "6qz3u0", "similarity": 0.7563}, {"filename": "8bvet6", "similarity": 0.7547}, {"filename": "742v3o", "similarity": 0.7539}, {"filename": "6izwgb", "similarity": 0.7509}, {"filename": "70oi62", "similarity": 0.7435}, {"filename": "6g0b1s", "similarity": 0.7433}, {"filename": "876xdh", "similarity": 0.7428}, {"filename": "7xiji5", "similarity": 0.737}, {"filename": "56h87o", "similarity": 0.7363}, {"filename": "799ynr", "similarity": 0.7337}, {"filename": "64x971", "similarity": 0.7331}, {"filename": "86a9rb", "similarity": 0.7313}, {"filename": "7wtsxz", "similarity": 0.7301}, {"filename": "7dxzqm", "similarity": 0.7278}, {"filename": "7uwxmc", "similarity": 0.7262}, {"filename": "6y67ml", "similarity": 0.726}, {"filename": "8bse8k", "similarity": 0.7251}, {"filename": "78xc2q", "similarity": 0.725}, {"filename": "6fnyl9", "similarity": 0.7246}, {"filename": "7cyp7c", "similarity": 0.7239}, {"filename": "6ms6r0", "similarity": 0.7236}, {"filename": "7lnqef", "similarity": 0.7234}, {"filename": "6zeefg", "similarity": 0.7232}]