[{"filename": "5xf809", "similarity": 1.0}, {"filename": "7uieq2", "similarity": 0.7224}, {"filename": "6uw4h3", "similarity": 0.7211}, {"filename": "6t2pcw", "similarity": 0.7205}, {"filename": "822zm2", "similarity": 0.7195}, {"filename": "6vz1ie", "similarity": 0.7175}, {"filename": "6fldhu", "similarity": 0.7163}, {"filename": "7zul17", "similarity": 0.7116}, {"filename": "74sbot", "similarity": 0.711}, {"filename": "76auid", "similarity": 0.71}, {"filename": "6e78d6", "similarity": 0.7053}, {"filename": "881v1w", "similarity": 0.7009}, {"filename": "7ulthr", "similarity": 0.6987}, {"filename": "82tz11", "similarity": 0.698}, {"filename": "7836pp", "similarity": 0.6977}, {"filename": "79osnv", "similarity": 0.6972}, {"filename": "84z0kc", "similarity": 0.6947}, {"filename": "7che49", "similarity": 0.6941}, {"filename": "7i0pep", "similarity": 0.694}, {"filename": "816an7", "similarity": 0.6938}, {"filename": "88fpmv", "similarity": 0.693}, {"filename": "70s4nk", "similarity": 0.6928}, {"filename": "879n66", "similarity": 0.6925}, {"filename": "84v18j", "similarity": 0.692}, {"filename": "6qarbe", "similarity": 0.6914}, {"filename": "7ua9xz", "similarity": 0.6895}, {"filename": "83el8n", "similarity": 0.6893}, {"filename": "6vdalk", "similarity": 0.689}, {"filename": "6axb43", "similarity": 0.689}, {"filename": "88aixz", "similarity": 0.6886}]