[{"filename": "5xgvo6", "similarity": 1.0}, {"filename": "83p7ov", "similarity": 0.7421}, {"filename": "86ra59", "similarity": 0.7392}, {"filename": "74t4md", "similarity": 0.729}, {"filename": "34fi1c", "similarity": 0.7275}, {"filename": "6tvecu", "similarity": 0.7212}, {"filename": "73ryqw", "similarity": 0.7203}, {"filename": "78pgze", "similarity": 0.7202}, {"filename": "7zp74r", "similarity": 0.7163}, {"filename": "7a326f", "similarity": 0.7149}, {"filename": "7xgya2", "similarity": 0.7126}, {"filename": "63k6mh", "similarity": 0.7087}, {"filename": "82tz11", "similarity": 0.7078}, {"filename": "7xy33f", "similarity": 0.7078}, {"filename": "758git", "similarity": 0.707}, {"filename": "63qpp0", "similarity": 0.7065}, {"filename": "7n4rku", "similarity": 0.7054}, {"filename": "83w5j1", "similarity": 0.7052}, {"filename": "79koa9", "similarity": 0.7051}, {"filename": "7p5r3i", "similarity": 0.7045}, {"filename": "6pyc24", "similarity": 0.7045}, {"filename": "7o3ly4", "similarity": 0.7022}, {"filename": "6xzxto", "similarity": 0.7011}, {"filename": "73cufe", "similarity": 0.7003}, {"filename": "67b4nk", "similarity": 0.6997}, {"filename": "7a831r", "similarity": 0.6996}, {"filename": "8agvye", "similarity": 0.6995}, {"filename": "7y2t5y", "similarity": 0.6973}, {"filename": "7f0nu5", "similarity": 0.6972}, {"filename": "6fzxsd", "similarity": 0.6969}]