[{"filename": "5xh2j6", "similarity": 1.0}, {"filename": "6nhsq7", "similarity": 0.7707}, {"filename": "6y67ml", "similarity": 0.7658}, {"filename": "69l8rb", "similarity": 0.7655}, {"filename": "701m3b", "similarity": 0.7562}, {"filename": "64x971", "similarity": 0.7518}, {"filename": "6d26ic", "similarity": 0.7517}, {"filename": "8c5slz", "similarity": 0.7493}, {"filename": "7vgx6l", "similarity": 0.7472}, {"filename": "8c0u4i", "similarity": 0.7449}, {"filename": "5urj4x", "similarity": 0.7439}, {"filename": "6skts2", "similarity": 0.7385}, {"filename": "6zjcpo", "similarity": 0.7327}, {"filename": "7smdxf", "similarity": 0.7282}, {"filename": "6ajgjc", "similarity": 0.7282}, {"filename": "6zms7p", "similarity": 0.7277}, {"filename": "88y8vq", "similarity": 0.7267}, {"filename": "85uvsi", "similarity": 0.7266}, {"filename": "847hox", "similarity": 0.7264}, {"filename": "710rq3", "similarity": 0.7232}, {"filename": "71kt9k", "similarity": 0.7228}, {"filename": "7zmvs5", "similarity": 0.7228}, {"filename": "7jj5s0", "similarity": 0.7195}, {"filename": "617lqz", "similarity": 0.7193}, {"filename": "6e0har", "similarity": 0.7191}, {"filename": "8a4hrz", "similarity": 0.7183}, {"filename": "6ybalg", "similarity": 0.7183}, {"filename": "77zsna", "similarity": 0.7182}, {"filename": "7uwxmc", "similarity": 0.7177}, {"filename": "6qz3u0", "similarity": 0.7176}]