[{"filename": "5xlmey", "similarity": 1.0}, {"filename": "6vkhe3", "similarity": 0.8146}, {"filename": "5oi9ua", "similarity": 0.8099}, {"filename": "7ytmr6", "similarity": 0.8036}, {"filename": "7wt8ej", "similarity": 0.7993}, {"filename": "80qdkj", "similarity": 0.7992}, {"filename": "62xfyd", "similarity": 0.7971}, {"filename": "71qpl2", "similarity": 0.7933}, {"filename": "7zo3g7", "similarity": 0.7904}, {"filename": "83tato", "similarity": 0.7863}, {"filename": "713ma3", "similarity": 0.7793}, {"filename": "6ok7mv", "similarity": 0.778}, {"filename": "83p8gj", "similarity": 0.7777}, {"filename": "628vmo", "similarity": 0.7749}, {"filename": "649ejf", "similarity": 0.7727}, {"filename": "7oam47", "similarity": 0.7696}, {"filename": "6t5y75", "similarity": 0.7671}, {"filename": "84c77w", "similarity": 0.7653}, {"filename": "7uqq3i", "similarity": 0.7646}, {"filename": "5waw8f", "similarity": 0.7611}, {"filename": "85x4se", "similarity": 0.7601}, {"filename": "89uh7j", "similarity": 0.7595}, {"filename": "681sxi", "similarity": 0.7563}, {"filename": "8bm0hc", "similarity": 0.7546}, {"filename": "6wy4j9", "similarity": 0.7524}, {"filename": "7uypxt", "similarity": 0.7519}, {"filename": "7e01yd", "similarity": 0.7508}, {"filename": "7vc482", "similarity": 0.7501}, {"filename": "822835", "similarity": 0.7501}, {"filename": "6feflv", "similarity": 0.7499}]