[{"filename": "5xmf1w", "similarity": 1.0}, {"filename": "80u0v8", "similarity": 0.7842}, {"filename": "6mdhpg", "similarity": 0.7841}, {"filename": "7ilgg3", "similarity": 0.7775}, {"filename": "7jj5s0", "similarity": 0.7698}, {"filename": "7tlc4i", "similarity": 0.7689}, {"filename": "76xsjt", "similarity": 0.7679}, {"filename": "7zaftt", "similarity": 0.7666}, {"filename": "847hox", "similarity": 0.7666}, {"filename": "617lqz", "similarity": 0.7663}, {"filename": "6r46h4", "similarity": 0.7647}, {"filename": "6n5cob", "similarity": 0.7634}, {"filename": "88y8vq", "similarity": 0.7634}, {"filename": "75pd9h", "similarity": 0.7627}, {"filename": "7zmvs5", "similarity": 0.7627}, {"filename": "79o037", "similarity": 0.7624}, {"filename": "6y67ml", "similarity": 0.7605}, {"filename": "6jlf3y", "similarity": 0.7605}, {"filename": "6frw6o", "similarity": 0.7594}, {"filename": "6zjcpo", "similarity": 0.7586}, {"filename": "872jv6", "similarity": 0.7583}, {"filename": "6yerwl", "similarity": 0.758}, {"filename": "6qj1t2", "similarity": 0.7576}, {"filename": "6so8mf", "similarity": 0.7574}, {"filename": "87ulnx", "similarity": 0.7571}, {"filename": "6ybalg", "similarity": 0.7562}, {"filename": "6p5t4a", "similarity": 0.7551}, {"filename": "849ghr", "similarity": 0.7547}, {"filename": "83wup6", "similarity": 0.7545}, {"filename": "7vgx6l", "similarity": 0.7538}]