[{"filename": "5xmw8j", "similarity": 1.0}, {"filename": "6r45yj", "similarity": 0.898}, {"filename": "56qdez", "similarity": 0.8829}, {"filename": "6qtqaj", "similarity": 0.881}, {"filename": "6prl7d", "similarity": 0.8704}, {"filename": "6rck70", "similarity": 0.8555}, {"filename": "84x373", "similarity": 0.8417}, {"filename": "7qj737", "similarity": 0.8386}, {"filename": "6qx24u", "similarity": 0.8377}, {"filename": "6k6dnn", "similarity": 0.8331}, {"filename": "7y086r", "similarity": 0.8283}, {"filename": "8c4c1n", "similarity": 0.8274}, {"filename": "621plf", "similarity": 0.824}, {"filename": "6g7zy4", "similarity": 0.8222}, {"filename": "6sla0d", "similarity": 0.8206}, {"filename": "6sbhhg", "similarity": 0.8178}, {"filename": "7ujl93", "similarity": 0.8169}, {"filename": "85e4wk", "similarity": 0.8144}, {"filename": "79dda4", "similarity": 0.8142}, {"filename": "88sauz", "similarity": 0.8131}, {"filename": "881q6s", "similarity": 0.8114}, {"filename": "8brqcq", "similarity": 0.8101}, {"filename": "77blnq", "similarity": 0.8061}, {"filename": "6r5mz9", "similarity": 0.806}, {"filename": "7tj8p4", "similarity": 0.806}, {"filename": "84mn8q", "similarity": 0.8045}, {"filename": "7ukwg1", "similarity": 0.8037}, {"filename": "5x7lxv", "similarity": 0.8036}, {"filename": "7fcsdj", "similarity": 0.8019}, {"filename": "7yc681", "similarity": 0.8015}]