[{"filename": "5xnclw", "similarity": 1.0}, {"filename": "878quf", "similarity": 0.7072}, {"filename": "822zm2", "similarity": 0.706}, {"filename": "85415v", "similarity": 0.7057}, {"filename": "7uieq2", "similarity": 0.7043}, {"filename": "7vs8mb", "similarity": 0.7031}, {"filename": "7ezk1v", "similarity": 0.7028}, {"filename": "86ckl3", "similarity": 0.7}, {"filename": "7y29xx", "similarity": 0.6919}, {"filename": "6e78d6", "similarity": 0.6918}, {"filename": "7836pp", "similarity": 0.6917}, {"filename": "6oe37l", "similarity": 0.6905}, {"filename": "6764p6", "similarity": 0.6899}, {"filename": "6vz1ie", "similarity": 0.6882}, {"filename": "81uqyz", "similarity": 0.6876}, {"filename": "64qlrf", "similarity": 0.6872}, {"filename": "88fpmv", "similarity": 0.6869}, {"filename": "83el8n", "similarity": 0.6824}, {"filename": "7nbkvy", "similarity": 0.6816}, {"filename": "6dg7qn", "similarity": 0.679}, {"filename": "74sbot", "similarity": 0.6788}, {"filename": "7ry1nn", "similarity": 0.6776}, {"filename": "879n66", "similarity": 0.6772}, {"filename": "6t2pcw", "similarity": 0.6752}, {"filename": "7xavc0", "similarity": 0.6741}, {"filename": "88aixz", "similarity": 0.674}, {"filename": "7erm8n", "similarity": 0.6728}, {"filename": "7ivcuz", "similarity": 0.6725}, {"filename": "7p7ghy", "similarity": 0.6711}, {"filename": "84m2zj", "similarity": 0.6711}]