[{"filename": "5xvu22", "similarity": 1.0}, {"filename": "7wtsxz", "similarity": 0.8315}, {"filename": "86a9rb", "similarity": 0.8109}, {"filename": "8bvet6", "similarity": 0.8008}, {"filename": "83mewc", "similarity": 0.7973}, {"filename": "56h87o", "similarity": 0.7971}, {"filename": "5wny1r", "similarity": 0.7954}, {"filename": "75pd9h", "similarity": 0.7886}, {"filename": "7yuxeb", "similarity": 0.7874}, {"filename": "70oi62", "similarity": 0.7872}, {"filename": "6ms6r0", "similarity": 0.7834}, {"filename": "6zjcpo", "similarity": 0.7816}, {"filename": "7lll3r", "similarity": 0.7764}, {"filename": "77zsna", "similarity": 0.7759}, {"filename": "5en86y", "similarity": 0.7751}, {"filename": "85r3r8", "similarity": 0.7746}, {"filename": "799ynr", "similarity": 0.7741}, {"filename": "78xc2q", "similarity": 0.7732}, {"filename": "7vsye0", "similarity": 0.7729}, {"filename": "742v3o", "similarity": 0.7723}, {"filename": "6zeefg", "similarity": 0.7716}, {"filename": "6izwgb", "similarity": 0.7714}, {"filename": "84nug0", "similarity": 0.7706}, {"filename": "7t5vnh", "similarity": 0.7697}, {"filename": "7idjk6", "similarity": 0.7695}, {"filename": "7zaftt", "similarity": 0.7688}, {"filename": "7uwxmc", "similarity": 0.7686}, {"filename": "6jlf3y", "similarity": 0.7654}, {"filename": "64x971", "similarity": 0.7653}, {"filename": "7xiji5", "similarity": 0.763}]