[{"filename": "5xvvtv", "similarity": 1.0}, {"filename": "6atibq", "similarity": 0.6636}, {"filename": "5xmf1w", "similarity": 0.6598}, {"filename": "5k2poz", "similarity": 0.6545}, {"filename": "7lfdip", "similarity": 0.6527}, {"filename": "7tlc4i", "similarity": 0.6521}, {"filename": "6mdhpg", "similarity": 0.6493}, {"filename": "796l3m", "similarity": 0.6485}, {"filename": "7wodlf", "similarity": 0.647}, {"filename": "80g2gk", "similarity": 0.6463}, {"filename": "81rej8", "similarity": 0.6461}, {"filename": "7vsye0", "similarity": 0.6455}, {"filename": "76ehfk", "similarity": 0.6453}, {"filename": "7kvxa0", "similarity": 0.6453}, {"filename": "7xxs1t", "similarity": 0.6448}, {"filename": "7k6q35", "similarity": 0.6437}, {"filename": "7eh6wn", "similarity": 0.6436}, {"filename": "7jbjg0", "similarity": 0.6428}, {"filename": "5mt4q8", "similarity": 0.6427}, {"filename": "87ulnx", "similarity": 0.6422}, {"filename": "7a326f", "similarity": 0.6421}, {"filename": "6o6f22", "similarity": 0.6421}, {"filename": "7wl1z6", "similarity": 0.6416}, {"filename": "74uj30", "similarity": 0.6411}, {"filename": "6zeefg", "similarity": 0.641}, {"filename": "7o5ctm", "similarity": 0.6403}, {"filename": "7ghicf", "similarity": 0.6377}, {"filename": "8b1pgt", "similarity": 0.6377}, {"filename": "7vgx6l", "similarity": 0.6376}, {"filename": "87bui9", "similarity": 0.6369}]