[{"filename": "5xzz65", "similarity": 1.0}, {"filename": "7adfwe", "similarity": 0.7646}, {"filename": "63e0tl", "similarity": 0.7481}, {"filename": "7vmwg7", "similarity": 0.7468}, {"filename": "6tffks", "similarity": 0.7423}, {"filename": "6dtouw", "similarity": 0.7354}, {"filename": "87ulnx", "similarity": 0.7311}, {"filename": "7tzxbu", "similarity": 0.7298}, {"filename": "64767b", "similarity": 0.7289}, {"filename": "86x5jb", "similarity": 0.7285}, {"filename": "799vyr", "similarity": 0.7254}, {"filename": "6uw4h3", "similarity": 0.7236}, {"filename": "74u3dj", "similarity": 0.7235}, {"filename": "7252dy", "similarity": 0.7213}, {"filename": "777dq8", "similarity": 0.721}, {"filename": "5ts0u0", "similarity": 0.7197}, {"filename": "7skvd1", "similarity": 0.7196}, {"filename": "5q9rs5", "similarity": 0.719}, {"filename": "74k64t", "similarity": 0.7186}, {"filename": "6974vw", "similarity": 0.7175}, {"filename": "82928s", "similarity": 0.7174}, {"filename": "72666v", "similarity": 0.7167}, {"filename": "7kvxa0", "similarity": 0.7154}, {"filename": "6zk93p", "similarity": 0.7151}, {"filename": "8545a0", "similarity": 0.713}, {"filename": "75l8k4", "similarity": 0.7129}, {"filename": "6knenp", "similarity": 0.7126}, {"filename": "7t75fl", "similarity": 0.7122}, {"filename": "7nlq1z", "similarity": 0.7121}, {"filename": "6cfms2", "similarity": 0.7119}]