[{"filename": "5y1bvy", "similarity": 1.0}, {"filename": "6p3mye", "similarity": 0.7936}, {"filename": "6t8hxx", "similarity": 0.7857}, {"filename": "7ytmr6", "similarity": 0.7777}, {"filename": "77t3l8", "similarity": 0.7707}, {"filename": "87iewf", "similarity": 0.7692}, {"filename": "6vyd0q", "similarity": 0.7692}, {"filename": "6aig8e", "similarity": 0.7643}, {"filename": "6gdyy6", "similarity": 0.7637}, {"filename": "69c3jn", "similarity": 0.7621}, {"filename": "69r6lh", "similarity": 0.7602}, {"filename": "6c18mu", "similarity": 0.7586}, {"filename": "83ogwn", "similarity": 0.7586}, {"filename": "8c30hr", "similarity": 0.7559}, {"filename": "5waw8f", "similarity": 0.75}, {"filename": "822835", "similarity": 0.7496}, {"filename": "8717fm", "similarity": 0.7493}, {"filename": "649ejf", "similarity": 0.7493}, {"filename": "7tpjg5", "similarity": 0.7485}, {"filename": "7iydag", "similarity": 0.7483}, {"filename": "8a2nwz", "similarity": 0.748}, {"filename": "70r8o8", "similarity": 0.7461}, {"filename": "62xfyd", "similarity": 0.746}, {"filename": "8b1u7r", "similarity": 0.7454}, {"filename": "7t6xqh", "similarity": 0.7441}, {"filename": "6zk93p", "similarity": 0.7422}, {"filename": "89uh7j", "similarity": 0.7422}, {"filename": "63qxz4", "similarity": 0.7413}, {"filename": "736f87", "similarity": 0.7411}, {"filename": "7m3ou9", "similarity": 0.7407}]