[{"filename": "5y22w0", "similarity": 1.0}, {"filename": "87sd8p", "similarity": 0.8502}, {"filename": "7cptyb", "similarity": 0.8326}, {"filename": "8bfn44", "similarity": 0.8284}, {"filename": "6ic9b0", "similarity": 0.8213}, {"filename": "7ljjyu", "similarity": 0.8108}, {"filename": "88obdj", "similarity": 0.8097}, {"filename": "89nf29", "similarity": 0.8053}, {"filename": "7hndap", "similarity": 0.8032}, {"filename": "6j9pi4", "similarity": 0.8028}, {"filename": "6zobxz", "similarity": 0.8027}, {"filename": "2wod3h", "similarity": 0.8002}, {"filename": "74n3el", "similarity": 0.7967}, {"filename": "7vbgih", "similarity": 0.7965}, {"filename": "6ejh59", "similarity": 0.7949}, {"filename": "6kh3ds", "similarity": 0.7944}, {"filename": "73m2dn", "similarity": 0.794}, {"filename": "8agfs9", "similarity": 0.7901}, {"filename": "60s18n", "similarity": 0.7892}, {"filename": "7cbh1v", "similarity": 0.789}, {"filename": "7ox2av", "similarity": 0.7885}, {"filename": "71msvc", "similarity": 0.7881}, {"filename": "6w4yg1", "similarity": 0.7878}, {"filename": "7xvc6j", "similarity": 0.7875}, {"filename": "6t8d97", "similarity": 0.7873}, {"filename": "6kngvy", "similarity": 0.7872}, {"filename": "65cb4b", "similarity": 0.7858}, {"filename": "6ya7q0", "similarity": 0.7846}, {"filename": "63hr7f", "similarity": 0.7828}, {"filename": "86k7d8", "similarity": 0.7817}]