[{"filename": "5y7fcn", "similarity": 1.0}, {"filename": "71ag2y", "similarity": 0.95}, {"filename": "7r0rgu", "similarity": 0.9298}, {"filename": "6j9pi4", "similarity": 0.9272}, {"filename": "6u4fiw", "similarity": 0.9197}, {"filename": "6x626v", "similarity": 0.9181}, {"filename": "6gdhd9", "similarity": 0.9175}, {"filename": "7jr7wl", "similarity": 0.9154}, {"filename": "6d52ri", "similarity": 0.9151}, {"filename": "7hzxyp", "similarity": 0.9146}, {"filename": "6cyyt6", "similarity": 0.9145}, {"filename": "6jep8t", "similarity": 0.9099}, {"filename": "65utsz", "similarity": 0.9056}, {"filename": "81q1jc", "similarity": 0.9024}, {"filename": "7aee7l", "similarity": 0.8998}, {"filename": "62keu3", "similarity": 0.8976}, {"filename": "6ar6jp", "similarity": 0.8974}, {"filename": "86k7d8", "similarity": 0.8904}, {"filename": "60s18n", "similarity": 0.8899}, {"filename": "6h6c7n", "similarity": 0.8887}, {"filename": "5wik1c", "similarity": 0.8887}, {"filename": "7kgp7b", "similarity": 0.888}, {"filename": "7yow1z", "similarity": 0.8875}, {"filename": "7clriw", "similarity": 0.885}, {"filename": "5jlwgs", "similarity": 0.8842}, {"filename": "6nwzsl", "similarity": 0.8832}, {"filename": "7teh4j", "similarity": 0.8832}, {"filename": "7fzk5p", "similarity": 0.8823}, {"filename": "2wod3h", "similarity": 0.88}, {"filename": "8au6w5", "similarity": 0.8791}]