[{"filename": "5y7wbg", "similarity": 1.0}, {"filename": "64pf0c", "similarity": 0.7799}, {"filename": "787v5p", "similarity": 0.7625}, {"filename": "82sf0q", "similarity": 0.7558}, {"filename": "7992yt", "similarity": 0.7521}, {"filename": "79140k", "similarity": 0.7503}, {"filename": "7ivcuz", "similarity": 0.7434}, {"filename": "70s4nk", "similarity": 0.7408}, {"filename": "6xnoql", "similarity": 0.7407}, {"filename": "6vhecf", "similarity": 0.7368}, {"filename": "84z0kc", "similarity": 0.7356}, {"filename": "7hqv1z", "similarity": 0.7333}, {"filename": "7vp1nc", "similarity": 0.7332}, {"filename": "7sl3bo", "similarity": 0.7323}, {"filename": "84v18j", "similarity": 0.7299}, {"filename": "6m6ijv", "similarity": 0.7287}, {"filename": "860mv0", "similarity": 0.7283}, {"filename": "7snc00", "similarity": 0.7271}, {"filename": "7ksk62", "similarity": 0.7255}, {"filename": "86ftdk", "similarity": 0.7254}, {"filename": "75goge", "similarity": 0.7245}, {"filename": "8a6p2i", "similarity": 0.7198}, {"filename": "7i0pep", "similarity": 0.7182}, {"filename": "6kmije", "similarity": 0.7168}, {"filename": "86q5nw", "similarity": 0.7164}, {"filename": "7azv5c", "similarity": 0.716}, {"filename": "7v0chz", "similarity": 0.7153}, {"filename": "7pe7uz", "similarity": 0.7136}, {"filename": "6i1gnx", "similarity": 0.7131}, {"filename": "87iewf", "similarity": 0.7118}]