[{"filename": "5y977j", "similarity": 1.0}, {"filename": "7h2egc", "similarity": 0.841}, {"filename": "7fwh9f", "similarity": 0.8191}, {"filename": "8bfhyy", "similarity": 0.8154}, {"filename": "7hwup6", "similarity": 0.8123}, {"filename": "7uqq3i", "similarity": 0.8117}, {"filename": "5qmz6x", "similarity": 0.8068}, {"filename": "7zm6u8", "similarity": 0.7995}, {"filename": "60sn7y", "similarity": 0.7972}, {"filename": "5rn537", "similarity": 0.7964}, {"filename": "6ywan1", "similarity": 0.7961}, {"filename": "7sht0r", "similarity": 0.7926}, {"filename": "7jj3am", "similarity": 0.7916}, {"filename": "77zi1c", "similarity": 0.791}, {"filename": "5wyv29", "similarity": 0.7887}, {"filename": "730jb8", "similarity": 0.7875}, {"filename": "86ra8o", "similarity": 0.7862}, {"filename": "85je13", "similarity": 0.7846}, {"filename": "6agrw7", "similarity": 0.7835}, {"filename": "6feflv", "similarity": 0.7827}, {"filename": "8bqxxu", "similarity": 0.7796}, {"filename": "7bgtxg", "similarity": 0.7794}, {"filename": "5zitbt", "similarity": 0.7793}, {"filename": "70iv5x", "similarity": 0.7768}, {"filename": "669lzy", "similarity": 0.7748}, {"filename": "8aiynr", "similarity": 0.7734}, {"filename": "6c18mu", "similarity": 0.7731}, {"filename": "71nlyp", "similarity": 0.7727}, {"filename": "7d5ms2", "similarity": 0.7679}, {"filename": "8bhizo", "similarity": 0.7674}]