[{"filename": "5ycqw0", "similarity": 1.0}, {"filename": "6qtqaj", "similarity": 0.7812}, {"filename": "56qdez", "similarity": 0.7792}, {"filename": "88rflu", "similarity": 0.7762}, {"filename": "7ckfcc", "similarity": 0.7754}, {"filename": "6r45yj", "similarity": 0.7667}, {"filename": "6prl7d", "similarity": 0.7662}, {"filename": "69qsw7", "similarity": 0.7627}, {"filename": "6m9zpb", "similarity": 0.7611}, {"filename": "7ulthr", "similarity": 0.7604}, {"filename": "62mivr", "similarity": 0.7592}, {"filename": "7ivcuz", "similarity": 0.7587}, {"filename": "886g8g", "similarity": 0.7565}, {"filename": "742hob", "similarity": 0.7562}, {"filename": "75goge", "similarity": 0.7498}, {"filename": "7hqv1z", "similarity": 0.7487}, {"filename": "6wiy6z", "similarity": 0.7477}, {"filename": "86ftdk", "similarity": 0.7477}, {"filename": "77dcmc", "similarity": 0.7466}, {"filename": "696yfo", "similarity": 0.7455}, {"filename": "6m6ijv", "similarity": 0.7448}, {"filename": "6uw4h3", "similarity": 0.7441}, {"filename": "71xtda", "similarity": 0.7433}, {"filename": "5u9icj", "similarity": 0.743}, {"filename": "7pp195", "similarity": 0.7428}, {"filename": "82lt3r", "similarity": 0.7422}, {"filename": "84x373", "similarity": 0.7421}, {"filename": "7v0chz", "similarity": 0.741}, {"filename": "7kdqb8", "similarity": 0.7394}, {"filename": "70s4nk", "similarity": 0.7394}]