[{"filename": "5yel0g", "similarity": 1.0}, {"filename": "678jwd", "similarity": 0.8067}, {"filename": "7uw4rk", "similarity": 0.8006}, {"filename": "6u9bh1", "similarity": 0.7985}, {"filename": "744o0r", "similarity": 0.7967}, {"filename": "71nusf", "similarity": 0.79}, {"filename": "81xuqy", "similarity": 0.7899}, {"filename": "7ia8ck", "similarity": 0.7893}, {"filename": "7l8d84", "similarity": 0.7885}, {"filename": "6p5wbm", "similarity": 0.7871}, {"filename": "2jwc52", "similarity": 0.7849}, {"filename": "636ufe", "similarity": 0.7834}, {"filename": "88obdj", "similarity": 0.7823}, {"filename": "7eqpoq", "similarity": 0.7788}, {"filename": "6xtm2u", "similarity": 0.7787}, {"filename": "7qcyv5", "similarity": 0.7784}, {"filename": "7ljjyu", "similarity": 0.7784}, {"filename": "6tf4id", "similarity": 0.7782}, {"filename": "6tfkzr", "similarity": 0.7782}, {"filename": "7kf3ph", "similarity": 0.7779}, {"filename": "6110zu", "similarity": 0.7774}, {"filename": "79dda4", "similarity": 0.777}, {"filename": "5ts0u0", "similarity": 0.7769}, {"filename": "7vbgih", "similarity": 0.7764}, {"filename": "7vscl8", "similarity": 0.7763}, {"filename": "6dqjle", "similarity": 0.7761}, {"filename": "5c0v6z", "similarity": 0.776}, {"filename": "5szv0l", "similarity": 0.7752}, {"filename": "7o5ctm", "similarity": 0.7748}, {"filename": "7rilwk", "similarity": 0.7744}]