[{"filename": "5yf0vj", "similarity": 1.0}, {"filename": "7x88fk", "similarity": 0.7172}, {"filename": "852pfn", "similarity": 0.6994}, {"filename": "88n07f", "similarity": 0.6989}, {"filename": "7b4968", "similarity": 0.6896}, {"filename": "87ulnx", "similarity": 0.6887}, {"filename": "7qjbn8", "similarity": 0.6883}, {"filename": "6ss9a5", "similarity": 0.6879}, {"filename": "6l5imf", "similarity": 0.6866}, {"filename": "80g2gk", "similarity": 0.6855}, {"filename": "6wxcsj", "similarity": 0.6855}, {"filename": "6uw4h3", "similarity": 0.6852}, {"filename": "87zhhr", "similarity": 0.685}, {"filename": "7s4utp", "similarity": 0.685}, {"filename": "7j3gm6", "similarity": 0.6847}, {"filename": "7lvgw2", "similarity": 0.684}, {"filename": "79msix", "similarity": 0.6828}, {"filename": "85rdbi", "similarity": 0.682}, {"filename": "8545a0", "similarity": 0.6819}, {"filename": "87bui9", "similarity": 0.6816}, {"filename": "70s4nk", "similarity": 0.6807}, {"filename": "851dx4", "similarity": 0.6807}, {"filename": "7iydag", "similarity": 0.6807}, {"filename": "7nsswo", "similarity": 0.6799}, {"filename": "7tzxbu", "similarity": 0.6795}, {"filename": "78v78c", "similarity": 0.6793}, {"filename": "7yi0j4", "similarity": 0.6792}, {"filename": "6ymik2", "similarity": 0.6787}, {"filename": "76bgtf", "similarity": 0.6783}, {"filename": "7z3raa", "similarity": 0.6781}]