[{"filename": "5yl3ig", "similarity": 1.0}, {"filename": "61a889", "similarity": 0.9391}, {"filename": "78gun7", "similarity": 0.8658}, {"filename": "7jpzfc", "similarity": 0.8595}, {"filename": "85x4se", "similarity": 0.8457}, {"filename": "72ilwd", "similarity": 0.8203}, {"filename": "81g42s", "similarity": 0.8179}, {"filename": "6j8mcb", "similarity": 0.8138}, {"filename": "5c0v6z", "similarity": 0.8062}, {"filename": "7l872g", "similarity": 0.8029}, {"filename": "62xfyd", "similarity": 0.7992}, {"filename": "84y4hd", "similarity": 0.7987}, {"filename": "5waw8f", "similarity": 0.7871}, {"filename": "7ilxxh", "similarity": 0.7845}, {"filename": "649ejf", "similarity": 0.7793}, {"filename": "7o6dzg", "similarity": 0.7791}, {"filename": "7dsx2w", "similarity": 0.7776}, {"filename": "6vkhe3", "similarity": 0.7767}, {"filename": "6b9goy", "similarity": 0.7756}, {"filename": "6bgbhl", "similarity": 0.7756}, {"filename": "7ber0v", "similarity": 0.7748}, {"filename": "822zm2", "similarity": 0.7747}, {"filename": "6oe37l", "similarity": 0.7738}, {"filename": "82gpmu", "similarity": 0.7738}, {"filename": "7kysl9", "similarity": 0.7729}, {"filename": "89uh7j", "similarity": 0.7726}, {"filename": "80qdkj", "similarity": 0.7692}, {"filename": "7ukwg1", "similarity": 0.7687}, {"filename": "5x7lxv", "similarity": 0.7685}, {"filename": "6lkvxg", "similarity": 0.7682}]