[{"filename": "5ymlq0", "similarity": 1.0}, {"filename": "89ac5d", "similarity": 0.864}, {"filename": "5v689g", "similarity": 0.6895}, {"filename": "5waw8f", "similarity": 0.6885}, {"filename": "678jwd", "similarity": 0.6813}, {"filename": "86189j", "similarity": 0.6775}, {"filename": "7rxxan", "similarity": 0.6774}, {"filename": "6bbvrv", "similarity": 0.6754}, {"filename": "6n9kra", "similarity": 0.6754}, {"filename": "878rhh", "similarity": 0.6737}, {"filename": "6x42j9", "similarity": 0.6728}, {"filename": "64767b", "similarity": 0.6692}, {"filename": "636ufe", "similarity": 0.6681}, {"filename": "86ck8w", "similarity": 0.6655}, {"filename": "67uw7a", "similarity": 0.6648}, {"filename": "6zr2d1", "similarity": 0.6648}, {"filename": "6fc28u", "similarity": 0.6646}, {"filename": "7ktfew", "similarity": 0.6645}, {"filename": "7l8d84", "similarity": 0.664}, {"filename": "6hzhr7", "similarity": 0.664}, {"filename": "76sw4r", "similarity": 0.6639}, {"filename": "6p5wbm", "similarity": 0.6637}, {"filename": "6uz1ff", "similarity": 0.6636}, {"filename": "7hndap", "similarity": 0.6636}, {"filename": "7uw4rk", "similarity": 0.6633}, {"filename": "87kksm", "similarity": 0.6633}, {"filename": "5yel0g", "similarity": 0.6628}, {"filename": "5z8nia", "similarity": 0.6625}, {"filename": "720uni", "similarity": 0.6622}, {"filename": "75l8k4", "similarity": 0.6621}]