[{"filename": "5yo6pa", "similarity": 1.0}, {"filename": "67qn74", "similarity": 0.7909}, {"filename": "6e089k", "similarity": 0.7779}, {"filename": "6hjfic", "similarity": 0.7548}, {"filename": "6zlxbe", "similarity": 0.73}, {"filename": "7parsd", "similarity": 0.7234}, {"filename": "6nmy28", "similarity": 0.6925}, {"filename": "867efo", "similarity": 0.6804}, {"filename": "6l6jbv", "similarity": 0.6674}, {"filename": "7ncmkx", "similarity": 0.6651}, {"filename": "736f87", "similarity": 0.6641}, {"filename": "7y7u1z", "similarity": 0.662}, {"filename": "72fvsq", "similarity": 0.6599}, {"filename": "815act", "similarity": 0.6577}, {"filename": "84fncd", "similarity": 0.6487}, {"filename": "7vmuz7", "similarity": 0.6451}, {"filename": "6ys8ot", "similarity": 0.6443}, {"filename": "69bx2f", "similarity": 0.6431}, {"filename": "7uoaoc", "similarity": 0.6431}, {"filename": "7wsm6s", "similarity": 0.6397}, {"filename": "6aig8e", "similarity": 0.639}, {"filename": "777ymw", "similarity": 0.6358}, {"filename": "87iewf", "similarity": 0.6314}, {"filename": "6cbdhv", "similarity": 0.6304}, {"filename": "74oqfs", "similarity": 0.6293}, {"filename": "70r8o8", "similarity": 0.6291}, {"filename": "848v7f", "similarity": 0.6285}, {"filename": "7mqf0a", "similarity": 0.6265}, {"filename": "7roky9", "similarity": 0.6264}, {"filename": "7ygauq", "similarity": 0.6251}]