[{"filename": "5yt12v", "similarity": 1.0}, {"filename": "6fzxsd", "similarity": 0.7554}, {"filename": "7qjbn8", "similarity": 0.7471}, {"filename": "7p5r3i", "similarity": 0.7412}, {"filename": "6dqjle", "similarity": 0.7307}, {"filename": "8bwsj2", "similarity": 0.7302}, {"filename": "76m13w", "similarity": 0.7241}, {"filename": "7pbhh9", "similarity": 0.7224}, {"filename": "7bg6no", "similarity": 0.7217}, {"filename": "6kdsps", "similarity": 0.7181}, {"filename": "8545a0", "similarity": 0.7175}, {"filename": "85uubg", "similarity": 0.7172}, {"filename": "6po1u4", "similarity": 0.7162}, {"filename": "67sija", "similarity": 0.7161}, {"filename": "6lcnf5", "similarity": 0.7152}, {"filename": "89jhg9", "similarity": 0.7148}, {"filename": "64pzpi", "similarity": 0.714}, {"filename": "6n10qg", "similarity": 0.7138}, {"filename": "813ssk", "similarity": 0.7119}, {"filename": "80nma3", "similarity": 0.7116}, {"filename": "5t53rb", "similarity": 0.711}, {"filename": "7e1ei4", "similarity": 0.7098}, {"filename": "7wyl25", "similarity": 0.7088}, {"filename": "75bxvi", "similarity": 0.7085}, {"filename": "6qxqao", "similarity": 0.7082}, {"filename": "74oqfs", "similarity": 0.7081}, {"filename": "7ia8ck", "similarity": 0.7076}, {"filename": "6ckjmn", "similarity": 0.7074}, {"filename": "777dq8", "similarity": 0.707}, {"filename": "7j26zc", "similarity": 0.7063}]