[{"filename": "5yt7j8", "similarity": 1.0}, {"filename": "7yx1xc", "similarity": 0.712}, {"filename": "72jsri", "similarity": 0.7081}, {"filename": "6w6so6", "similarity": 0.6989}, {"filename": "7ngkcn", "similarity": 0.6905}, {"filename": "75q7wl", "similarity": 0.6902}, {"filename": "739mri", "similarity": 0.6877}, {"filename": "7colnv", "similarity": 0.6856}, {"filename": "7skvd1", "similarity": 0.6851}, {"filename": "7cyp7c", "similarity": 0.6799}, {"filename": "7akjya", "similarity": 0.6768}, {"filename": "85kqsu", "similarity": 0.6755}, {"filename": "85omnh", "similarity": 0.6751}, {"filename": "738n0m", "similarity": 0.6734}, {"filename": "7053ed", "similarity": 0.6728}, {"filename": "6hm1a5", "similarity": 0.6727}, {"filename": "7n15y3", "similarity": 0.6713}, {"filename": "7urxui", "similarity": 0.6694}, {"filename": "6dtouw", "similarity": 0.6665}, {"filename": "7j1f7j", "similarity": 0.6658}, {"filename": "83lred", "similarity": 0.6656}, {"filename": "5jaxz2", "similarity": 0.6654}, {"filename": "824or0", "similarity": 0.6645}, {"filename": "6mdhpg", "similarity": 0.6642}, {"filename": "880ys1", "similarity": 0.664}, {"filename": "71qgl8", "similarity": 0.6632}, {"filename": "7vxydo", "similarity": 0.6623}, {"filename": "84su90", "similarity": 0.6616}, {"filename": "6llkli", "similarity": 0.6613}, {"filename": "7rhnd1", "similarity": 0.6605}]