[{"filename": "5yv736", "similarity": 1.0}, {"filename": "897bu8", "similarity": 0.7566}, {"filename": "73be3e", "similarity": 0.7403}, {"filename": "5u9icj", "similarity": 0.7109}, {"filename": "80m4yj", "similarity": 0.7087}, {"filename": "8c1zjk", "similarity": 0.7072}, {"filename": "7yv9xi", "similarity": 0.7029}, {"filename": "7yyyje", "similarity": 0.7003}, {"filename": "7992yt", "similarity": 0.699}, {"filename": "6b8643", "similarity": 0.6986}, {"filename": "7tqedo", "similarity": 0.6962}, {"filename": "7vys0s", "similarity": 0.6956}, {"filename": "8800wt", "similarity": 0.6939}, {"filename": "6v4449", "similarity": 0.6938}, {"filename": "8bgpsw", "similarity": 0.6915}, {"filename": "609oyp", "similarity": 0.6912}, {"filename": "57fz1k", "similarity": 0.6896}, {"filename": "6mj84n", "similarity": 0.6872}, {"filename": "5qzkz4", "similarity": 0.685}, {"filename": "7pflwy", "similarity": 0.685}, {"filename": "8a6p2i", "similarity": 0.6843}, {"filename": "7d0kbf", "similarity": 0.684}, {"filename": "8azyu3", "similarity": 0.6837}, {"filename": "81tsp4", "similarity": 0.6827}, {"filename": "6k4u8e", "similarity": 0.6827}, {"filename": "7rm17f", "similarity": 0.6822}, {"filename": "78mpj3", "similarity": 0.6813}, {"filename": "85w05m", "similarity": 0.6811}, {"filename": "66kh9w", "similarity": 0.6806}, {"filename": "5jy6j5", "similarity": 0.6799}]