[{"filename": "5yy9nw", "similarity": 1.0}, {"filename": "64767b", "similarity": 0.7267}, {"filename": "86189j", "similarity": 0.7174}, {"filename": "824se7", "similarity": 0.7097}, {"filename": "7oi2bw", "similarity": 0.7094}, {"filename": "5z8nia", "similarity": 0.7059}, {"filename": "6586ox", "similarity": 0.7052}, {"filename": "6knenp", "similarity": 0.6957}, {"filename": "7utqot", "similarity": 0.6927}, {"filename": "777dq8", "similarity": 0.6899}, {"filename": "7a2isq", "similarity": 0.6889}, {"filename": "84b0eb", "similarity": 0.6887}, {"filename": "65i1da", "similarity": 0.6861}, {"filename": "7roc9a", "similarity": 0.6852}, {"filename": "7gcww9", "similarity": 0.6847}, {"filename": "7wp27w", "similarity": 0.6842}, {"filename": "7bdw6h", "similarity": 0.6842}, {"filename": "7iq8a9", "similarity": 0.684}, {"filename": "87ulnx", "similarity": 0.6836}, {"filename": "6cfms2", "similarity": 0.6828}, {"filename": "7c151f", "similarity": 0.6821}, {"filename": "70s4nk", "similarity": 0.6818}, {"filename": "8bzlp5", "similarity": 0.6816}, {"filename": "6jsy9q", "similarity": 0.6812}, {"filename": "7msepc", "similarity": 0.681}, {"filename": "7x88fk", "similarity": 0.6804}, {"filename": "74uj30", "similarity": 0.6802}, {"filename": "758pm2", "similarity": 0.6798}, {"filename": "85h4v5", "similarity": 0.6794}, {"filename": "6xlhtv", "similarity": 0.6793}]