[{"filename": "5yz6wc", "similarity": 1.0}, {"filename": "7kn24f", "similarity": 0.6676}, {"filename": "86k6bi", "similarity": 0.6587}, {"filename": "7iele7", "similarity": 0.6519}, {"filename": "7yv9xi", "similarity": 0.649}, {"filename": "6y0hku", "similarity": 0.6486}, {"filename": "6xslte", "similarity": 0.6471}, {"filename": "7362op", "similarity": 0.6408}, {"filename": "4n03j2", "similarity": 0.6408}, {"filename": "8bccii", "similarity": 0.6391}, {"filename": "7p5r3i", "similarity": 0.6391}, {"filename": "7ekdlc", "similarity": 0.6382}, {"filename": "7haijt", "similarity": 0.6376}, {"filename": "6nkdii", "similarity": 0.6376}, {"filename": "6xr0lb", "similarity": 0.6376}, {"filename": "7tdp5w", "similarity": 0.6349}, {"filename": "6glf08", "similarity": 0.6319}, {"filename": "7whlev", "similarity": 0.6305}, {"filename": "79c8ut", "similarity": 0.6291}, {"filename": "89d3cs", "similarity": 0.6283}, {"filename": "7jbryf", "similarity": 0.6282}, {"filename": "6v4449", "similarity": 0.6277}, {"filename": "6m5k0o", "similarity": 0.6274}, {"filename": "76ytpe", "similarity": 0.6269}, {"filename": "6goraj", "similarity": 0.6262}, {"filename": "6b8643", "similarity": 0.6256}, {"filename": "81h6t0", "similarity": 0.6255}, {"filename": "67cln3", "similarity": 0.6237}, {"filename": "7836pp", "similarity": 0.6231}, {"filename": "7yyyje", "similarity": 0.6223}]