[{"filename": "5yz775", "similarity": 1.0}, {"filename": "6knenp", "similarity": 0.7803}, {"filename": "74uj30", "similarity": 0.7464}, {"filename": "6g7079", "similarity": 0.7384}, {"filename": "79msix", "similarity": 0.7325}, {"filename": "6h5tlt", "similarity": 0.7279}, {"filename": "7wq7q4", "similarity": 0.7275}, {"filename": "7pbhh9", "similarity": 0.7252}, {"filename": "7zk2o5", "similarity": 0.7236}, {"filename": "84276b", "similarity": 0.7224}, {"filename": "7x6sb2", "similarity": 0.7219}, {"filename": "83ogwn", "similarity": 0.7216}, {"filename": "7zhi8k", "similarity": 0.7201}, {"filename": "7zmljv", "similarity": 0.7198}, {"filename": "7ia8ck", "similarity": 0.7197}, {"filename": "6dtouw", "similarity": 0.7181}, {"filename": "7m3ou9", "similarity": 0.7173}, {"filename": "85o7z6", "similarity": 0.7172}, {"filename": "7yc681", "similarity": 0.7171}, {"filename": "6ymik2", "similarity": 0.717}, {"filename": "74k64t", "similarity": 0.7168}, {"filename": "6fzxsd", "similarity": 0.7162}, {"filename": "7xvc6j", "similarity": 0.716}, {"filename": "7a326f", "similarity": 0.716}, {"filename": "6lcnf5", "similarity": 0.7156}, {"filename": "6s53n3", "similarity": 0.7154}, {"filename": "87bui9", "similarity": 0.7148}, {"filename": "7wodlf", "similarity": 0.7131}, {"filename": "87ulnx", "similarity": 0.7127}, {"filename": "8545a0", "similarity": 0.7127}]