[{"filename": "5z4cr2", "similarity": 1.0}, {"filename": "7slyka", "similarity": 0.949}, {"filename": "7srmya", "similarity": 0.9484}, {"filename": "6a3b74", "similarity": 0.8286}, {"filename": "7ibwz7", "similarity": 0.823}, {"filename": "8a0ppz", "similarity": 0.8137}, {"filename": "71pwjj", "similarity": 0.7834}, {"filename": "6fqkkg", "similarity": 0.772}, {"filename": "82lt3r", "similarity": 0.7565}, {"filename": "8bjae3", "similarity": 0.7546}, {"filename": "6apqws", "similarity": 0.7495}, {"filename": "621plf", "similarity": 0.7448}, {"filename": "636zxe", "similarity": 0.7405}, {"filename": "730jb8", "similarity": 0.7378}, {"filename": "87qtoo", "similarity": 0.7371}, {"filename": "696yfo", "similarity": 0.735}, {"filename": "69qsw7", "similarity": 0.7266}, {"filename": "5y977j", "similarity": 0.724}, {"filename": "744o0r", "similarity": 0.7174}, {"filename": "7dsx2w", "similarity": 0.7174}, {"filename": "88wdk1", "similarity": 0.7096}, {"filename": "87ulnx", "similarity": 0.7089}, {"filename": "88aixz", "similarity": 0.7086}, {"filename": "6g0b1s", "similarity": 0.707}, {"filename": "83lwj7", "similarity": 0.7044}, {"filename": "716ius", "similarity": 0.7036}, {"filename": "799ynr", "similarity": 0.7027}, {"filename": "7pp195", "similarity": 0.7022}, {"filename": "7jb6ra", "similarity": 0.7021}, {"filename": "8c30hr", "similarity": 0.7011}]