[{"filename": "5z4kzq", "similarity": 1.0}, {"filename": "7wyl25", "similarity": 0.7623}, {"filename": "7pbhh9", "similarity": 0.7499}, {"filename": "7uhliv", "similarity": 0.7467}, {"filename": "86tb6x", "similarity": 0.7449}, {"filename": "7vt5yg", "similarity": 0.7433}, {"filename": "7zk2o5", "similarity": 0.735}, {"filename": "6lf3u6", "similarity": 0.733}, {"filename": "6vx5pd", "similarity": 0.7324}, {"filename": "7yx1xc", "similarity": 0.7318}, {"filename": "7836pp", "similarity": 0.7317}, {"filename": "7ulthr", "similarity": 0.7303}, {"filename": "5yz775", "similarity": 0.7298}, {"filename": "7a0mxs", "similarity": 0.7285}, {"filename": "6njmah", "similarity": 0.7262}, {"filename": "7tejvm", "similarity": 0.7258}, {"filename": "7p7ghy", "similarity": 0.7258}, {"filename": "7x6sb2", "similarity": 0.7257}, {"filename": "7glldk", "similarity": 0.7242}, {"filename": "64pzpi", "similarity": 0.7234}, {"filename": "79gkzx", "similarity": 0.7227}, {"filename": "7053ed", "similarity": 0.7223}, {"filename": "6lcnf5", "similarity": 0.7223}, {"filename": "7v3v40", "similarity": 0.7223}, {"filename": "7wq7q4", "similarity": 0.7197}, {"filename": "8ag558", "similarity": 0.719}, {"filename": "85ksdy", "similarity": 0.7189}, {"filename": "73cufe", "similarity": 0.7168}, {"filename": "87bui9", "similarity": 0.7166}, {"filename": "6e78d6", "similarity": 0.716}]