[{"filename": "5z8nia", "similarity": 1.0}, {"filename": "7oi2bw", "similarity": 0.7333}, {"filename": "7oq2xz", "similarity": 0.7286}, {"filename": "8b5r06", "similarity": 0.7267}, {"filename": "7l8d84", "similarity": 0.7262}, {"filename": "7ua97k", "similarity": 0.7249}, {"filename": "83ebnr", "similarity": 0.7214}, {"filename": "7rt3gk", "similarity": 0.721}, {"filename": "7jybso", "similarity": 0.7136}, {"filename": "80wlnn", "similarity": 0.7132}, {"filename": "6wtj4n", "similarity": 0.7074}, {"filename": "57llud", "similarity": 0.7073}, {"filename": "5oqqyc", "similarity": 0.7071}, {"filename": "82pqn9", "similarity": 0.7061}, {"filename": "5yy9nw", "similarity": 0.7059}, {"filename": "7wcnzz", "similarity": 0.7048}, {"filename": "71xtda", "similarity": 0.7025}, {"filename": "81utns", "similarity": 0.6997}, {"filename": "7phnmp", "similarity": 0.6991}, {"filename": "681sxi", "similarity": 0.6974}, {"filename": "79seiu", "similarity": 0.697}, {"filename": "86189j", "similarity": 0.6969}, {"filename": "75ce2o", "similarity": 0.6968}, {"filename": "6m0uwa", "similarity": 0.693}, {"filename": "71nusf", "similarity": 0.6928}, {"filename": "89swch", "similarity": 0.6927}, {"filename": "6lfnnb", "similarity": 0.6927}, {"filename": "7vp1nc", "similarity": 0.6922}, {"filename": "8b8tzr", "similarity": 0.6914}, {"filename": "7z71yd", "similarity": 0.6913}]