[{"filename": "5zb2yw", "similarity": 1.0}, {"filename": "76xsjt", "similarity": 0.7612}, {"filename": "6y67ml", "similarity": 0.7452}, {"filename": "7zmvs5", "similarity": 0.7417}, {"filename": "617lqz", "similarity": 0.741}, {"filename": "6jlf3y", "similarity": 0.7351}, {"filename": "847hox", "similarity": 0.7338}, {"filename": "6yerwl", "similarity": 0.7308}, {"filename": "6e0har", "similarity": 0.7295}, {"filename": "6zms7p", "similarity": 0.7284}, {"filename": "6ybalg", "similarity": 0.7277}, {"filename": "7lv9rh", "similarity": 0.7269}, {"filename": "573r2d", "similarity": 0.7268}, {"filename": "6889ww", "similarity": 0.7268}, {"filename": "74u3dj", "similarity": 0.7266}, {"filename": "7qc66j", "similarity": 0.7237}, {"filename": "7uopnv", "similarity": 0.7231}, {"filename": "8208vm", "similarity": 0.723}, {"filename": "86a9rb", "similarity": 0.7223}, {"filename": "85b55s", "similarity": 0.7212}, {"filename": "84su90", "similarity": 0.7206}, {"filename": "66gica", "similarity": 0.7205}, {"filename": "7vsye0", "similarity": 0.7186}, {"filename": "6ajgjc", "similarity": 0.718}, {"filename": "7xiji5", "similarity": 0.7165}, {"filename": "78b7ee", "similarity": 0.7164}, {"filename": "64xo1a", "similarity": 0.716}, {"filename": "7ilgg3", "similarity": 0.7157}, {"filename": "7lll3r", "similarity": 0.7151}, {"filename": "81qjgq", "similarity": 0.7141}]