[{"filename": "5zcjpc", "similarity": 1.0}, {"filename": "6we7gp", "similarity": 0.7545}, {"filename": "5wczbq", "similarity": 0.7471}, {"filename": "6s8enf", "similarity": 0.7415}, {"filename": "7pbhh9", "similarity": 0.7415}, {"filename": "6jfvj2", "similarity": 0.7384}, {"filename": "6te9fv", "similarity": 0.7353}, {"filename": "74at2n", "similarity": 0.7339}, {"filename": "6dn5rj", "similarity": 0.7313}, {"filename": "6n10qg", "similarity": 0.7308}, {"filename": "87iewf", "similarity": 0.7301}, {"filename": "7whlev", "similarity": 0.7287}, {"filename": "7rm17f", "similarity": 0.7279}, {"filename": "7d0kbf", "similarity": 0.7227}, {"filename": "6w3zoq", "similarity": 0.7217}, {"filename": "7ep89z", "similarity": 0.7199}, {"filename": "6vyd0q", "similarity": 0.7187}, {"filename": "5zpmx8", "similarity": 0.7178}, {"filename": "7pj8qr", "similarity": 0.7172}, {"filename": "8545a0", "similarity": 0.7166}, {"filename": "68bi5k", "similarity": 0.7165}, {"filename": "6uiwov", "similarity": 0.7163}, {"filename": "7fjkmu", "similarity": 0.7155}, {"filename": "6wqefx", "similarity": 0.7154}, {"filename": "7o7hn8", "similarity": 0.715}, {"filename": "6ohxty", "similarity": 0.715}, {"filename": "872w7m", "similarity": 0.715}, {"filename": "6m09ll", "similarity": 0.7143}, {"filename": "72fvsq", "similarity": 0.714}, {"filename": "748b0k", "similarity": 0.7135}]