[{"filename": "5zdcxz", "similarity": 1.0}, {"filename": "7ycugd", "similarity": 0.8588}, {"filename": "7oiz72", "similarity": 0.8556}, {"filename": "6z1fsd", "similarity": 0.8478}, {"filename": "6sslva", "similarity": 0.8459}, {"filename": "7xxv3g", "similarity": 0.8449}, {"filename": "6rcqoy", "similarity": 0.8431}, {"filename": "81vgv7", "similarity": 0.8347}, {"filename": "6lmlsh", "similarity": 0.8347}, {"filename": "5tn9h2", "similarity": 0.834}, {"filename": "7mid49", "similarity": 0.8324}, {"filename": "6vakeh", "similarity": 0.8318}, {"filename": "6xzk1w", "similarity": 0.8283}, {"filename": "6kh3ds", "similarity": 0.8225}, {"filename": "7cfedi", "similarity": 0.8225}, {"filename": "7x2ktx", "similarity": 0.8223}, {"filename": "8b4vul", "similarity": 0.8221}, {"filename": "6isox5", "similarity": 0.8213}, {"filename": "82w2py", "similarity": 0.8212}, {"filename": "7gdtp2", "similarity": 0.821}, {"filename": "7x0kju", "similarity": 0.8208}, {"filename": "5mhmjs", "similarity": 0.8207}, {"filename": "5mjv7o", "similarity": 0.8207}, {"filename": "6ym28s", "similarity": 0.8202}, {"filename": "6rzcjl", "similarity": 0.8193}, {"filename": "80echz", "similarity": 0.8186}, {"filename": "6eqb2o", "similarity": 0.8172}, {"filename": "7a5k95", "similarity": 0.8172}, {"filename": "7jembg", "similarity": 0.8161}, {"filename": "7o154m", "similarity": 0.816}]