[{"filename": "5zesak", "similarity": 1.0}, {"filename": "8bq053", "similarity": 0.8663}, {"filename": "6v4449", "similarity": 0.7064}, {"filename": "6ohxty", "similarity": 0.7042}, {"filename": "872w7m", "similarity": 0.7042}, {"filename": "7n84r8", "similarity": 0.7038}, {"filename": "6mdewc", "similarity": 0.7027}, {"filename": "7kvxa0", "similarity": 0.7018}, {"filename": "6hyns7", "similarity": 0.7018}, {"filename": "7e04om", "similarity": 0.6969}, {"filename": "8739q1", "similarity": 0.6955}, {"filename": "7qjbn8", "similarity": 0.6953}, {"filename": "6dtouw", "similarity": 0.6952}, {"filename": "6vyd0q", "similarity": 0.6937}, {"filename": "6wqefx", "similarity": 0.6906}, {"filename": "7rhnd1", "similarity": 0.6904}, {"filename": "871ith", "similarity": 0.6893}, {"filename": "796l3m", "similarity": 0.6884}, {"filename": "6xslte", "similarity": 0.6875}, {"filename": "7xxs1t", "similarity": 0.6873}, {"filename": "5ts0u0", "similarity": 0.6857}, {"filename": "7oyzhj", "similarity": 0.6849}, {"filename": "7qm4v2", "similarity": 0.6843}, {"filename": "7t75fl", "similarity": 0.6834}, {"filename": "653bdt", "similarity": 0.6832}, {"filename": "6zk93p", "similarity": 0.683}, {"filename": "7rnod5", "similarity": 0.6828}, {"filename": "8545a0", "similarity": 0.6825}, {"filename": "7whlev", "similarity": 0.6824}, {"filename": "6n10qg", "similarity": 0.6823}]