[{"filename": "5ziik0", "similarity": 1.0}, {"filename": "8039cx", "similarity": 0.8889}, {"filename": "7hqv1z", "similarity": 0.8855}, {"filename": "654uru", "similarity": 0.872}, {"filename": "7ksk62", "similarity": 0.8503}, {"filename": "7g10xb", "similarity": 0.8428}, {"filename": "7wrw6t", "similarity": 0.8357}, {"filename": "7169op", "similarity": 0.8259}, {"filename": "5cvoe1", "similarity": 0.8241}, {"filename": "5vip7r", "similarity": 0.8222}, {"filename": "886g8g", "similarity": 0.8125}, {"filename": "6s1yh6", "similarity": 0.8123}, {"filename": "7f23mo", "similarity": 0.8086}, {"filename": "62mivr", "similarity": 0.803}, {"filename": "7h0598", "similarity": 0.8021}, {"filename": "7wp608", "similarity": 0.801}, {"filename": "766tm6", "similarity": 0.7983}, {"filename": "6feflv", "similarity": 0.7949}, {"filename": "88zu29", "similarity": 0.7946}, {"filename": "6dprzc", "similarity": 0.7927}, {"filename": "85je13", "similarity": 0.7924}, {"filename": "7zm6u8", "similarity": 0.7911}, {"filename": "6x8f2e", "similarity": 0.7893}, {"filename": "7suu6t", "similarity": 0.7885}, {"filename": "864qpz", "similarity": 0.7868}, {"filename": "8bhgy4", "similarity": 0.7864}, {"filename": "8a6p2i", "similarity": 0.7863}, {"filename": "70iv5x", "similarity": 0.7862}, {"filename": "69qsw7", "similarity": 0.7858}, {"filename": "8bfhyy", "similarity": 0.7851}]