[{"filename": "5zitbt", "similarity": 1.0}, {"filename": "6rlp0c", "similarity": 0.8501}, {"filename": "7k1yon", "similarity": 0.8185}, {"filename": "77zi1c", "similarity": 0.8116}, {"filename": "7hwup6", "similarity": 0.802}, {"filename": "6ywan1", "similarity": 0.8008}, {"filename": "8bfhyy", "similarity": 0.7995}, {"filename": "7ytmr6", "similarity": 0.798}, {"filename": "7dsx2w", "similarity": 0.7976}, {"filename": "6c18mu", "similarity": 0.7953}, {"filename": "8c30hr", "similarity": 0.7929}, {"filename": "7sht0r", "similarity": 0.7913}, {"filename": "80nl7s", "similarity": 0.791}, {"filename": "7h2egc", "similarity": 0.7903}, {"filename": "6w3zoq", "similarity": 0.7903}, {"filename": "7c6x9d", "similarity": 0.7897}, {"filename": "7uhx5v", "similarity": 0.7893}, {"filename": "85e4wk", "similarity": 0.7885}, {"filename": "864qpz", "similarity": 0.7871}, {"filename": "69r6lh", "similarity": 0.7869}, {"filename": "6cgq9p", "similarity": 0.7839}, {"filename": "5rn537", "similarity": 0.7833}, {"filename": "71nlyp", "similarity": 0.7829}, {"filename": "7j5bcc", "similarity": 0.7819}, {"filename": "7fwh9f", "similarity": 0.7809}, {"filename": "8aiynr", "similarity": 0.7806}, {"filename": "7zm6u8", "similarity": 0.7794}, {"filename": "5y977j", "similarity": 0.7793}, {"filename": "6vkhe3", "similarity": 0.779}, {"filename": "89uh7j", "similarity": 0.7786}]