[{"filename": "5zopsf", "similarity": 1.0}, {"filename": "78pgze", "similarity": 0.704}, {"filename": "7x88fk", "similarity": 0.696}, {"filename": "5lutf4", "similarity": 0.6947}, {"filename": "73cufe", "similarity": 0.6896}, {"filename": "7pbhh9", "similarity": 0.6889}, {"filename": "7n4rku", "similarity": 0.6878}, {"filename": "3x3bqx", "similarity": 0.6873}, {"filename": "6mvikj", "similarity": 0.6872}, {"filename": "7yyyje", "similarity": 0.6858}, {"filename": "6zekf3", "similarity": 0.6854}, {"filename": "6xr0lb", "similarity": 0.6848}, {"filename": "81y6a9", "similarity": 0.6825}, {"filename": "7haijt", "similarity": 0.6825}, {"filename": "7iyyyq", "similarity": 0.6821}, {"filename": "610uyg", "similarity": 0.6816}, {"filename": "7yhaey", "similarity": 0.6815}, {"filename": "87zhhr", "similarity": 0.6815}, {"filename": "824se7", "similarity": 0.6814}, {"filename": "64cuvf", "similarity": 0.6806}, {"filename": "80n8vu", "similarity": 0.6799}, {"filename": "62s484", "similarity": 0.6792}, {"filename": "7ajlug", "similarity": 0.6788}, {"filename": "72666v", "similarity": 0.6785}, {"filename": "7kjxl9", "similarity": 0.6782}, {"filename": "67b4nk", "similarity": 0.6775}, {"filename": "7v0mj7", "similarity": 0.6773}, {"filename": "6aqzdk", "similarity": 0.6773}, {"filename": "7a831r", "similarity": 0.6772}, {"filename": "859fxx", "similarity": 0.6771}]