[{"filename": "5zpmx8", "similarity": 1.0}, {"filename": "87pxlg", "similarity": 0.929}, {"filename": "7oqc27", "similarity": 0.9182}, {"filename": "82hxeo", "similarity": 0.9127}, {"filename": "74muva", "similarity": 0.7576}, {"filename": "7o58ke", "similarity": 0.7559}, {"filename": "6hyns7", "similarity": 0.7477}, {"filename": "748b0k", "similarity": 0.745}, {"filename": "7teiru", "similarity": 0.7346}, {"filename": "8by5s6", "similarity": 0.7333}, {"filename": "6jfvj2", "similarity": 0.7329}, {"filename": "7wsmdd", "similarity": 0.7323}, {"filename": "82lt3r", "similarity": 0.7316}, {"filename": "88aixz", "similarity": 0.7307}, {"filename": "7wyl25", "similarity": 0.7301}, {"filename": "6e78d6", "similarity": 0.7299}, {"filename": "88rflu", "similarity": 0.7284}, {"filename": "61beyg", "similarity": 0.7268}, {"filename": "62koca", "similarity": 0.7267}, {"filename": "6lf3u6", "similarity": 0.7259}, {"filename": "822zm2", "similarity": 0.7256}, {"filename": "7wdi8n", "similarity": 0.7255}, {"filename": "81cgxo", "similarity": 0.7251}, {"filename": "87iewf", "similarity": 0.7249}, {"filename": "879n66", "similarity": 0.7246}, {"filename": "7p7ghy", "similarity": 0.7235}, {"filename": "7jb6ra", "similarity": 0.7223}, {"filename": "860mv0", "similarity": 0.7221}, {"filename": "6n10qg", "similarity": 0.722}, {"filename": "71xtda", "similarity": 0.7218}]