[{"filename": "5zrsck", "similarity": 1.0}, {"filename": "85uubg", "similarity": 0.7268}, {"filename": "7ehypp", "similarity": 0.7177}, {"filename": "7v624o", "similarity": 0.7149}, {"filename": "7bg6no", "similarity": 0.7067}, {"filename": "77wn7x", "similarity": 0.7}, {"filename": "805ac2", "similarity": 0.698}, {"filename": "6ckjmn", "similarity": 0.6745}, {"filename": "7p2xby", "similarity": 0.6722}, {"filename": "6gisvm", "similarity": 0.6611}, {"filename": "6abve7", "similarity": 0.6589}, {"filename": "5yt12v", "similarity": 0.6576}, {"filename": "72666v", "similarity": 0.6545}, {"filename": "50bm0e", "similarity": 0.653}, {"filename": "813ssk", "similarity": 0.6527}, {"filename": "7xy33f", "similarity": 0.6521}, {"filename": "7tf518", "similarity": 0.6514}, {"filename": "88c04v", "similarity": 0.6507}, {"filename": "843a8j", "similarity": 0.6501}, {"filename": "80m4yj", "similarity": 0.6497}, {"filename": "7o7d5t", "similarity": 0.6468}, {"filename": "7qjbn8", "similarity": 0.6468}, {"filename": "84ibm0", "similarity": 0.6467}, {"filename": "6l2am6", "similarity": 0.6466}, {"filename": "7pngnm", "similarity": 0.6461}, {"filename": "5ts0u0", "similarity": 0.6454}, {"filename": "7pbhh9", "similarity": 0.6449}, {"filename": "7d0kbf", "similarity": 0.6441}, {"filename": "6o6f22", "similarity": 0.644}, {"filename": "824se7", "similarity": 0.6427}]