[{"filename": "5zwgmm", "similarity": 1.0}, {"filename": "64dn4g", "similarity": 0.7336}, {"filename": "7oq2xz", "similarity": 0.7276}, {"filename": "84469p", "similarity": 0.7136}, {"filename": "85kqsu", "similarity": 0.7114}, {"filename": "830atr", "similarity": 0.7114}, {"filename": "7senud", "similarity": 0.7089}, {"filename": "7252dy", "similarity": 0.7066}, {"filename": "7skvd1", "similarity": 0.7001}, {"filename": "86hsqq", "similarity": 0.6935}, {"filename": "8b4wjx", "similarity": 0.6901}, {"filename": "5xzz65", "similarity": 0.6896}, {"filename": "7adfwe", "similarity": 0.6889}, {"filename": "85omnh", "similarity": 0.6887}, {"filename": "86zqdp", "similarity": 0.6878}, {"filename": "89nxd5", "similarity": 0.6875}, {"filename": "6dtouw", "similarity": 0.6819}, {"filename": "7018c6", "similarity": 0.6785}, {"filename": "67nxwc", "similarity": 0.6783}, {"filename": "880ys1", "similarity": 0.6772}, {"filename": "6akqkh", "similarity": 0.6767}, {"filename": "7szw80", "similarity": 0.6763}, {"filename": "84b0eb", "similarity": 0.6759}, {"filename": "8b1pgt", "similarity": 0.6756}, {"filename": "7bdw6h", "similarity": 0.6746}, {"filename": "7z71yd", "similarity": 0.6745}, {"filename": "6yohh7", "similarity": 0.6745}, {"filename": "7akjya", "similarity": 0.6744}, {"filename": "6kza63", "similarity": 0.6738}, {"filename": "88liab", "similarity": 0.6718}]