[{"filename": "5zx2ji", "similarity": 1.0}, {"filename": "6te9fv", "similarity": 0.7557}, {"filename": "5x3tz6", "similarity": 0.7533}, {"filename": "78b7ee", "similarity": 0.7465}, {"filename": "7m16wo", "similarity": 0.7463}, {"filename": "6zeefg", "similarity": 0.7385}, {"filename": "86a9rb", "similarity": 0.736}, {"filename": "8b066g", "similarity": 0.7345}, {"filename": "64x971", "similarity": 0.7332}, {"filename": "7zmvs5", "similarity": 0.7299}, {"filename": "7kvxa0", "similarity": 0.7282}, {"filename": "847hox", "similarity": 0.7262}, {"filename": "77zsna", "similarity": 0.726}, {"filename": "7lll3r", "similarity": 0.7242}, {"filename": "681sxi", "similarity": 0.7238}, {"filename": "73dseo", "similarity": 0.7238}, {"filename": "7qc66j", "similarity": 0.7219}, {"filename": "7qetdo", "similarity": 0.7206}, {"filename": "76xsjt", "similarity": 0.7196}, {"filename": "6nhsq7", "similarity": 0.7194}, {"filename": "751g7p", "similarity": 0.7187}, {"filename": "6jlf3y", "similarity": 0.7157}, {"filename": "87ulnx", "similarity": 0.7155}, {"filename": "83h7cr", "similarity": 0.7147}, {"filename": "7zmkyb", "similarity": 0.7146}, {"filename": "6y9gt7", "similarity": 0.714}, {"filename": "796l3m", "similarity": 0.7129}, {"filename": "73vfo2", "similarity": 0.7126}, {"filename": "7vgx6l", "similarity": 0.7126}, {"filename": "706pop", "similarity": 0.7125}]