[{"filename": "5zyeln", "similarity": 1.0}, {"filename": "7vdxgj", "similarity": 0.9709}, {"filename": "7hyr1s", "similarity": 0.8227}, {"filename": "799vyr", "similarity": 0.7551}, {"filename": "7iimpi", "similarity": 0.7407}, {"filename": "7r92yg", "similarity": 0.73}, {"filename": "6l9ieh", "similarity": 0.7247}, {"filename": "6zxb4c", "similarity": 0.7208}, {"filename": "813u7o", "similarity": 0.7144}, {"filename": "74eutg", "similarity": 0.7127}, {"filename": "70dbd2", "similarity": 0.71}, {"filename": "85rz6p", "similarity": 0.707}, {"filename": "7pbhh9", "similarity": 0.7047}, {"filename": "64j9j3", "similarity": 0.7045}, {"filename": "7i9499", "similarity": 0.7023}, {"filename": "4hvmad", "similarity": 0.7022}, {"filename": "74uj30", "similarity": 0.7022}, {"filename": "7vxydo", "similarity": 0.7007}, {"filename": "7x6sb2", "similarity": 0.7}, {"filename": "824or0", "similarity": 0.6985}, {"filename": "6g7079", "similarity": 0.6975}, {"filename": "85o7z6", "similarity": 0.6974}, {"filename": "695yf3", "similarity": 0.6958}, {"filename": "6knenp", "similarity": 0.6953}, {"filename": "7zk2o5", "similarity": 0.6949}, {"filename": "7rhnd1", "similarity": 0.6949}, {"filename": "6rywed", "similarity": 0.6945}, {"filename": "85ndga", "similarity": 0.6944}, {"filename": "84280i", "similarity": 0.6937}, {"filename": "7qm4v2", "similarity": 0.6936}]