[{"filename": "600s65", "similarity": 1.0}, {"filename": "5xgvo6", "similarity": 0.6061}, {"filename": "78r5t9", "similarity": 0.5839}, {"filename": "76c8t3", "similarity": 0.5835}, {"filename": "89c6vn", "similarity": 0.5797}, {"filename": "614luc", "similarity": 0.5759}, {"filename": "573r2d", "similarity": 0.5699}, {"filename": "7f0nu5", "similarity": 0.5693}, {"filename": "6n8afl", "similarity": 0.5682}, {"filename": "851dx4", "similarity": 0.5612}, {"filename": "5j6mld", "similarity": 0.5578}, {"filename": "807ztp", "similarity": 0.5576}, {"filename": "6goraj", "similarity": 0.5568}, {"filename": "7uywrv", "similarity": 0.5494}, {"filename": "7xy33f", "similarity": 0.5481}, {"filename": "8atwtm", "similarity": 0.5475}, {"filename": "724s3l", "similarity": 0.5464}, {"filename": "67b4nk", "similarity": 0.5427}, {"filename": "6fu7xz", "similarity": 0.5418}, {"filename": "7eh5w0", "similarity": 0.5401}, {"filename": "7ys3hw", "similarity": 0.5387}, {"filename": "6vl0mu", "similarity": 0.5367}, {"filename": "81npvx", "similarity": 0.5356}, {"filename": "2x430e", "similarity": 0.5351}, {"filename": "82x4jt", "similarity": 0.5351}, {"filename": "6k72kv", "similarity": 0.5349}, {"filename": "8205ri", "similarity": 0.5347}, {"filename": "7coc6m", "similarity": 0.5345}, {"filename": "7ur2ze", "similarity": 0.5339}, {"filename": "6pyc24", "similarity": 0.533}]