[{"filename": "602zf4", "similarity": 1.0}, {"filename": "6wlot2", "similarity": 0.902}, {"filename": "8b4vul", "similarity": 0.9017}, {"filename": "6gv6iq", "similarity": 0.895}, {"filename": "805q79", "similarity": 0.8918}, {"filename": "80yxbc", "similarity": 0.8851}, {"filename": "6ym28s", "similarity": 0.8833}, {"filename": "82w2py", "similarity": 0.881}, {"filename": "6pbrwn", "similarity": 0.8782}, {"filename": "6pdpsq", "similarity": 0.8768}, {"filename": "87ws66", "similarity": 0.8741}, {"filename": "80echz", "similarity": 0.8727}, {"filename": "6vakeh", "similarity": 0.8723}, {"filename": "7mgslw", "similarity": 0.8718}, {"filename": "6cn4wg", "similarity": 0.8706}, {"filename": "6kflib", "similarity": 0.8699}, {"filename": "7ycugd", "similarity": 0.8659}, {"filename": "7u5qcz", "similarity": 0.8635}, {"filename": "7gautq", "similarity": 0.8622}, {"filename": "6z1fsd", "similarity": 0.8606}, {"filename": "6443jo", "similarity": 0.8576}, {"filename": "81vgv7", "similarity": 0.8534}, {"filename": "7l7e3a", "similarity": 0.8534}, {"filename": "6tbfhi", "similarity": 0.8531}, {"filename": "6iwsrt", "similarity": 0.8531}, {"filename": "6eqb2o", "similarity": 0.852}, {"filename": "7vn1cp", "similarity": 0.8511}, {"filename": "884jb9", "similarity": 0.85}, {"filename": "6mxs5h", "similarity": 0.8495}, {"filename": "7x2ktx", "similarity": 0.8491}]