[{"filename": "60372a", "similarity": 1.0}, {"filename": "85581h", "similarity": 0.7299}, {"filename": "7e34s1", "similarity": 0.7282}, {"filename": "644p29", "similarity": 0.7004}, {"filename": "6iplwv", "similarity": 0.694}, {"filename": "7plj18", "similarity": 0.6921}, {"filename": "6axb43", "similarity": 0.6919}, {"filename": "7bdw6h", "similarity": 0.69}, {"filename": "80c6i0", "similarity": 0.6898}, {"filename": "6wajqo", "similarity": 0.6847}, {"filename": "88avgn", "similarity": 0.6783}, {"filename": "6mevyv", "similarity": 0.6773}, {"filename": "6gndiv", "similarity": 0.6771}, {"filename": "796l3m", "similarity": 0.6723}, {"filename": "7btrhb", "similarity": 0.6713}, {"filename": "7n3ucg", "similarity": 0.6678}, {"filename": "6wxcsj", "similarity": 0.6678}, {"filename": "7uypxt", "similarity": 0.6669}, {"filename": "70ts7w", "similarity": 0.6665}, {"filename": "7vmwg7", "similarity": 0.666}, {"filename": "7nlq1z", "similarity": 0.6633}, {"filename": "89zm0w", "similarity": 0.6633}, {"filename": "67nxwc", "similarity": 0.6629}, {"filename": "6zg6pr", "similarity": 0.6623}, {"filename": "84lsjw", "similarity": 0.662}, {"filename": "836ank", "similarity": 0.662}, {"filename": "84z0kc", "similarity": 0.6613}, {"filename": "7ls5if", "similarity": 0.6604}, {"filename": "86tspq", "similarity": 0.6603}, {"filename": "748b0k", "similarity": 0.6597}]