[{"filename": "609oyp", "similarity": 1.0}, {"filename": "7tqedo", "similarity": 0.9672}, {"filename": "8545a0", "similarity": 0.7756}, {"filename": "7wrw6t", "similarity": 0.7694}, {"filename": "7snc00", "similarity": 0.7597}, {"filename": "8a6p2i", "similarity": 0.7569}, {"filename": "89jhg9", "similarity": 0.7557}, {"filename": "6zk93p", "similarity": 0.7553}, {"filename": "7p2xby", "similarity": 0.7535}, {"filename": "8c3oy0", "similarity": 0.7527}, {"filename": "8b1u7r", "similarity": 0.7502}, {"filename": "75bxvi", "similarity": 0.7477}, {"filename": "7ckfcc", "similarity": 0.7463}, {"filename": "6x8f2e", "similarity": 0.7456}, {"filename": "8bnhu4", "similarity": 0.7448}, {"filename": "669lzy", "similarity": 0.7441}, {"filename": "654uru", "similarity": 0.7426}, {"filename": "74muva", "similarity": 0.7419}, {"filename": "6vyd0q", "similarity": 0.7416}, {"filename": "6m0uwa", "similarity": 0.7415}, {"filename": "7ia8ck", "similarity": 0.7406}, {"filename": "7hqv1z", "similarity": 0.7405}, {"filename": "6hyns7", "similarity": 0.7403}, {"filename": "5rn537", "similarity": 0.7397}, {"filename": "69qsw7", "similarity": 0.7392}, {"filename": "7awy3m", "similarity": 0.739}, {"filename": "6s929y", "similarity": 0.7386}, {"filename": "6n10qg", "similarity": 0.7384}, {"filename": "7bllvq", "similarity": 0.7384}, {"filename": "88rflu", "similarity": 0.7382}]