[{"filename": "60em7d", "similarity": 1.0}, {"filename": "80m4yj", "similarity": 0.7574}, {"filename": "5gz7xq", "similarity": 0.7464}, {"filename": "77dcmc", "similarity": 0.7464}, {"filename": "74sbot", "similarity": 0.7451}, {"filename": "71nusf", "similarity": 0.7437}, {"filename": "8brqcq", "similarity": 0.7415}, {"filename": "71xtda", "similarity": 0.7397}, {"filename": "758iwv", "similarity": 0.7385}, {"filename": "7j26zc", "similarity": 0.7382}, {"filename": "7vp1nc", "similarity": 0.7377}, {"filename": "69qsw7", "similarity": 0.737}, {"filename": "7p3ymq", "similarity": 0.735}, {"filename": "6m6ijv", "similarity": 0.7323}, {"filename": "7ivcuz", "similarity": 0.7318}, {"filename": "6gndiv", "similarity": 0.7312}, {"filename": "74muva", "similarity": 0.7309}, {"filename": "777dq8", "similarity": 0.73}, {"filename": "6tgyjq", "similarity": 0.7299}, {"filename": "6m4on7", "similarity": 0.7294}, {"filename": "822zm2", "similarity": 0.7276}, {"filename": "7sl3bo", "similarity": 0.7265}, {"filename": "74uj30", "similarity": 0.7261}, {"filename": "7930bl", "similarity": 0.7242}, {"filename": "7ys3hw", "similarity": 0.7234}, {"filename": "62mivr", "similarity": 0.7232}, {"filename": "653bdt", "similarity": 0.7232}, {"filename": "742hob", "similarity": 0.7231}, {"filename": "7snc00", "similarity": 0.7228}, {"filename": "7o5ctm", "similarity": 0.722}]