[{"filename": "60fet1", "similarity": 1.0}, {"filename": "6ksf25", "similarity": 0.9647}, {"filename": "6l9ieh", "similarity": 0.7615}, {"filename": "85o7z6", "similarity": 0.7517}, {"filename": "6z2jdl", "similarity": 0.7492}, {"filename": "6g7079", "similarity": 0.743}, {"filename": "7qc66j", "similarity": 0.7411}, {"filename": "88y8vq", "similarity": 0.7387}, {"filename": "7zmvs5", "similarity": 0.7384}, {"filename": "6ybalg", "similarity": 0.7361}, {"filename": "8az3tp", "similarity": 0.7347}, {"filename": "847hox", "similarity": 0.7332}, {"filename": "7a2isq", "similarity": 0.7306}, {"filename": "5gz7xq", "similarity": 0.7302}, {"filename": "87ulnx", "similarity": 0.7292}, {"filename": "64x971", "similarity": 0.729}, {"filename": "7lll3r", "similarity": 0.7285}, {"filename": "7h8t8p", "similarity": 0.7284}, {"filename": "7td6mg", "similarity": 0.7284}, {"filename": "5xmf1w", "similarity": 0.7283}, {"filename": "7jj5s0", "similarity": 0.7276}, {"filename": "7lv9rh", "similarity": 0.727}, {"filename": "7ilgg3", "similarity": 0.7265}, {"filename": "6llkli", "similarity": 0.7256}, {"filename": "6l6jbv", "similarity": 0.7247}, {"filename": "7o7hn8", "similarity": 0.7246}, {"filename": "7s4utp", "similarity": 0.7236}, {"filename": "84su90", "similarity": 0.7231}, {"filename": "6zeefg", "similarity": 0.7231}, {"filename": "7ynxio", "similarity": 0.7226}]