[{"filename": "60fydv", "similarity": 1.0}, {"filename": "7kysl9", "similarity": 0.854}, {"filename": "74muva", "similarity": 0.7966}, {"filename": "5c0v6z", "similarity": 0.7925}, {"filename": "7o6dzg", "similarity": 0.7826}, {"filename": "71nusf", "similarity": 0.782}, {"filename": "8315w5", "similarity": 0.7801}, {"filename": "84y4hd", "similarity": 0.7776}, {"filename": "6e78d6", "similarity": 0.7772}, {"filename": "71xtda", "similarity": 0.7761}, {"filename": "822zm2", "similarity": 0.7753}, {"filename": "6oe37l", "similarity": 0.7706}, {"filename": "7cid5a", "similarity": 0.7656}, {"filename": "7jv8mp", "similarity": 0.7642}, {"filename": "681sxi", "similarity": 0.7623}, {"filename": "7ivcuz", "similarity": 0.7615}, {"filename": "6fldhu", "similarity": 0.7612}, {"filename": "7dsx2w", "similarity": 0.7611}, {"filename": "88rflu", "similarity": 0.7608}, {"filename": "796l3m", "similarity": 0.7606}, {"filename": "72bdli", "similarity": 0.7604}, {"filename": "7l872g", "similarity": 0.7599}, {"filename": "7ia8ck", "similarity": 0.7593}, {"filename": "649ejf", "similarity": 0.7581}, {"filename": "81g42s", "similarity": 0.757}, {"filename": "8717fm", "similarity": 0.7558}, {"filename": "7o5ctm", "similarity": 0.7549}, {"filename": "6kq4ct", "similarity": 0.7546}, {"filename": "6dqjle", "similarity": 0.7542}, {"filename": "6ic2ro", "similarity": 0.7535}]