[{"filename": "60luhe", "similarity": 1.0}, {"filename": "742hob", "similarity": 0.8141}, {"filename": "72eue8", "similarity": 0.7711}, {"filename": "56qdez", "similarity": 0.7612}, {"filename": "6qtqaj", "similarity": 0.7607}, {"filename": "6zk93p", "similarity": 0.7604}, {"filename": "74sbot", "similarity": 0.7602}, {"filename": "85xpmy", "similarity": 0.7573}, {"filename": "7fjkmu", "similarity": 0.7554}, {"filename": "7ivcuz", "similarity": 0.7523}, {"filename": "778qpa", "similarity": 0.7512}, {"filename": "6sbhhg", "similarity": 0.7508}, {"filename": "7teiru", "similarity": 0.7496}, {"filename": "7b4968", "similarity": 0.7493}, {"filename": "7pp195", "similarity": 0.7486}, {"filename": "6r45yj", "similarity": 0.7485}, {"filename": "6sla0d", "similarity": 0.7451}, {"filename": "79140k", "similarity": 0.7441}, {"filename": "7yc681", "similarity": 0.7438}, {"filename": "74muva", "similarity": 0.7415}, {"filename": "6prl7d", "similarity": 0.7413}, {"filename": "6n10qg", "similarity": 0.741}, {"filename": "777dq8", "similarity": 0.7403}, {"filename": "822zm2", "similarity": 0.7399}, {"filename": "8c4c1n", "similarity": 0.7388}, {"filename": "6u152p", "similarity": 0.7386}, {"filename": "6dqjle", "similarity": 0.7383}, {"filename": "6m6ijv", "similarity": 0.7382}, {"filename": "7tqedo", "similarity": 0.7377}, {"filename": "7iq8a9", "similarity": 0.7371}]