[{"filename": "60m8fp", "similarity": 1.0}, {"filename": "89zm0w", "similarity": 0.7309}, {"filename": "84lsjw", "similarity": 0.7244}, {"filename": "7x0u8i", "similarity": 0.7205}, {"filename": "7t3zcv", "similarity": 0.7138}, {"filename": "7274go", "similarity": 0.7125}, {"filename": "7imuah", "similarity": 0.7107}, {"filename": "7bv17w", "similarity": 0.7075}, {"filename": "7tf1qc", "similarity": 0.7038}, {"filename": "7ym9lk", "similarity": 0.6974}, {"filename": "7b4968", "similarity": 0.6939}, {"filename": "84x373", "similarity": 0.6933}, {"filename": "777dq8", "similarity": 0.6927}, {"filename": "7jsbag", "similarity": 0.6896}, {"filename": "7ia8ck", "similarity": 0.6893}, {"filename": "6prl7d", "similarity": 0.6891}, {"filename": "80q27b", "similarity": 0.6881}, {"filename": "7kg7hl", "similarity": 0.6881}, {"filename": "6es5y1", "similarity": 0.6876}, {"filename": "6rck70", "similarity": 0.6871}, {"filename": "75l8k4", "similarity": 0.6858}, {"filename": "7roc9a", "similarity": 0.6851}, {"filename": "7ivcuz", "similarity": 0.6848}, {"filename": "86ck8w", "similarity": 0.6847}, {"filename": "6x42j9", "similarity": 0.6845}, {"filename": "5ts0u0", "similarity": 0.6843}, {"filename": "6sbhhg", "similarity": 0.6838}, {"filename": "6r45yj", "similarity": 0.6833}, {"filename": "7nqmqn", "similarity": 0.6831}, {"filename": "5xmw8j", "similarity": 0.6805}]