[{"filename": "60s18n", "similarity": 1.0}, {"filename": "2wod3h", "similarity": 0.9149}, {"filename": "6j9pi4", "similarity": 0.9039}, {"filename": "6x626v", "similarity": 0.9001}, {"filename": "7r0rgu", "similarity": 0.8992}, {"filename": "86k7d8", "similarity": 0.897}, {"filename": "625203", "similarity": 0.8932}, {"filename": "8bfn44", "similarity": 0.8922}, {"filename": "6gdhd9", "similarity": 0.8918}, {"filename": "5y7fcn", "similarity": 0.8899}, {"filename": "694o6h", "similarity": 0.886}, {"filename": "6ura8f", "similarity": 0.8842}, {"filename": "6ednbc", "similarity": 0.8823}, {"filename": "7jr7wl", "similarity": 0.8813}, {"filename": "7kgp7b", "similarity": 0.8805}, {"filename": "6h6c7n", "similarity": 0.8787}, {"filename": "7fzk5p", "similarity": 0.8772}, {"filename": "6d52ri", "similarity": 0.8769}, {"filename": "845gft", "similarity": 0.8769}, {"filename": "81q1jc", "similarity": 0.8751}, {"filename": "7cptyb", "similarity": 0.8739}, {"filename": "6cyyt6", "similarity": 0.8739}, {"filename": "7hzxyp", "similarity": 0.8723}, {"filename": "6hsdnb", "similarity": 0.8691}, {"filename": "7yvhnn", "similarity": 0.8679}, {"filename": "65utsz", "similarity": 0.8672}, {"filename": "2g54cq", "similarity": 0.8663}, {"filename": "6jep8t", "similarity": 0.8662}, {"filename": "7lxm6a", "similarity": 0.8658}, {"filename": "6ijnh3", "similarity": 0.8649}]