[{"filename": "60s83u", "similarity": 1.0}, {"filename": "5yv736", "similarity": 0.6505}, {"filename": "6fdrv3", "similarity": 0.646}, {"filename": "73be3e", "similarity": 0.6363}, {"filename": "5qzkz4", "similarity": 0.6293}, {"filename": "6nspy2", "similarity": 0.6282}, {"filename": "8800wt", "similarity": 0.6224}, {"filename": "816an7", "similarity": 0.6155}, {"filename": "6bsiw7", "similarity": 0.6144}, {"filename": "8a6p2i", "similarity": 0.6101}, {"filename": "86ra59", "similarity": 0.604}, {"filename": "8bgpsw", "similarity": 0.6039}, {"filename": "80m4yj", "similarity": 0.5998}, {"filename": "79koa9", "similarity": 0.5951}, {"filename": "5fxef2", "similarity": 0.5951}, {"filename": "81tsp4", "similarity": 0.5928}, {"filename": "7a0mxs", "similarity": 0.5877}, {"filename": "7wsm6s", "similarity": 0.5872}, {"filename": "7e1ei4", "similarity": 0.5857}, {"filename": "787v5p", "similarity": 0.5855}, {"filename": "7xgya2", "similarity": 0.5835}, {"filename": "6kxtnr", "similarity": 0.5813}, {"filename": "897bu8", "similarity": 0.5806}, {"filename": "6euamy", "similarity": 0.5786}, {"filename": "6d8wnt", "similarity": 0.578}, {"filename": "86g7ce", "similarity": 0.5765}, {"filename": "7i9499", "similarity": 0.5764}, {"filename": "79gkbe", "similarity": 0.5752}, {"filename": "7yyyje", "similarity": 0.571}, {"filename": "63qpp0", "similarity": 0.571}]