[{"filename": "60sn7y", "similarity": 1.0}, {"filename": "6feflv", "similarity": 0.9034}, {"filename": "7d8wwt", "similarity": 0.9028}, {"filename": "5qmz6x", "similarity": 0.819}, {"filename": "7zm6u8", "similarity": 0.8153}, {"filename": "86ra8o", "similarity": 0.8149}, {"filename": "76q5dn", "similarity": 0.8107}, {"filename": "76901u", "similarity": 0.8079}, {"filename": "5wyv29", "similarity": 0.8071}, {"filename": "669lzy", "similarity": 0.8019}, {"filename": "7uqq3i", "similarity": 0.8009}, {"filename": "864qpz", "similarity": 0.8003}, {"filename": "5y977j", "similarity": 0.7972}, {"filename": "7jj3am", "similarity": 0.7928}, {"filename": "5cvoe1", "similarity": 0.7925}, {"filename": "8bqxxu", "similarity": 0.7901}, {"filename": "6ywan1", "similarity": 0.7894}, {"filename": "7iydag", "similarity": 0.7892}, {"filename": "5rn537", "similarity": 0.7891}, {"filename": "7sht0r", "similarity": 0.7866}, {"filename": "7oobdy", "similarity": 0.7842}, {"filename": "7yozse", "similarity": 0.7829}, {"filename": "7dd698", "similarity": 0.7818}, {"filename": "8aiynr", "similarity": 0.7804}, {"filename": "85je13", "similarity": 0.7803}, {"filename": "7bgtxg", "similarity": 0.7796}, {"filename": "8bfhyy", "similarity": 0.7788}, {"filename": "8b1u7r", "similarity": 0.7758}, {"filename": "7h2egc", "similarity": 0.7747}, {"filename": "6m0uwa", "similarity": 0.7739}]