[{"filename": "60uded", "similarity": 1.0}, {"filename": "6vl0mu", "similarity": 0.7721}, {"filename": "6ydocu", "similarity": 0.7701}, {"filename": "7v8azb", "similarity": 0.7664}, {"filename": "7es70k", "similarity": 0.7551}, {"filename": "72zah1", "similarity": 0.7472}, {"filename": "65xxek", "similarity": 0.7464}, {"filename": "66qxv9", "similarity": 0.7459}, {"filename": "7ajlug", "similarity": 0.7412}, {"filename": "7k09z1", "similarity": 0.7397}, {"filename": "7cppoy", "similarity": 0.7367}, {"filename": "6ltb44", "similarity": 0.7366}, {"filename": "7oe04z", "similarity": 0.7354}, {"filename": "7844po", "similarity": 0.7351}, {"filename": "8amvlk", "similarity": 0.7333}, {"filename": "7cn0vu", "similarity": 0.7326}, {"filename": "88m8ed", "similarity": 0.7302}, {"filename": "6nrv8i", "similarity": 0.729}, {"filename": "80nma3", "similarity": 0.7282}, {"filename": "6ohxty", "similarity": 0.7271}, {"filename": "872w7m", "similarity": 0.7271}, {"filename": "7jb6ra", "similarity": 0.7269}, {"filename": "74k64t", "similarity": 0.7263}, {"filename": "7car3z", "similarity": 0.7244}, {"filename": "6g7079", "similarity": 0.7239}, {"filename": "6m2cuw", "similarity": 0.7239}, {"filename": "8ajt81", "similarity": 0.723}, {"filename": "80vncl", "similarity": 0.7225}, {"filename": "7bllvq", "similarity": 0.722}, {"filename": "746ldz", "similarity": 0.7217}]