[{"filename": "60vz1u", "similarity": 1.0}, {"filename": "87muum", "similarity": 0.7856}, {"filename": "883wrg", "similarity": 0.7027}, {"filename": "6bbk1f", "similarity": 0.698}, {"filename": "7teyys", "similarity": 0.6933}, {"filename": "78r5t9", "similarity": 0.6724}, {"filename": "78pgdv", "similarity": 0.6639}, {"filename": "7ksggs", "similarity": 0.6565}, {"filename": "703qhj", "similarity": 0.6504}, {"filename": "76ytpe", "similarity": 0.65}, {"filename": "4sz1mn", "similarity": 0.6497}, {"filename": "6cbdhv", "similarity": 0.6416}, {"filename": "76c8t3", "similarity": 0.6278}, {"filename": "7kuh9z", "similarity": 0.6276}, {"filename": "6gzfra", "similarity": 0.6223}, {"filename": "84yzll", "similarity": 0.6198}, {"filename": "74fa93", "similarity": 0.6184}, {"filename": "7ydfb7", "similarity": 0.6167}, {"filename": "7fsvqj", "similarity": 0.614}, {"filename": "7o6q8o", "similarity": 0.6094}, {"filename": "7whlev", "similarity": 0.6089}, {"filename": "83yt5e", "similarity": 0.6028}, {"filename": "79h4pi", "similarity": 0.6019}, {"filename": "83deug", "similarity": 0.5971}, {"filename": "7o0v92", "similarity": 0.5963}, {"filename": "64tivo", "similarity": 0.595}, {"filename": "7jzk9y", "similarity": 0.5949}, {"filename": "64nsa1", "similarity": 0.5916}, {"filename": "5zpmx8", "similarity": 0.5909}, {"filename": "7x8lih", "similarity": 0.5876}]