[{"filename": "6104f5", "similarity": 1.0}, {"filename": "7pp195", "similarity": 0.7989}, {"filename": "8c4c1n", "similarity": 0.7972}, {"filename": "7yd50c", "similarity": 0.791}, {"filename": "86qzd9", "similarity": 0.7897}, {"filename": "7dsx2w", "similarity": 0.7862}, {"filename": "7ivcuz", "similarity": 0.7858}, {"filename": "6gzee7", "similarity": 0.7851}, {"filename": "6m6ijv", "similarity": 0.7792}, {"filename": "5xmw8j", "similarity": 0.7772}, {"filename": "6jrqvz", "similarity": 0.7746}, {"filename": "7ukwg1", "similarity": 0.774}, {"filename": "6rck70", "similarity": 0.7737}, {"filename": "6ts65s", "similarity": 0.7736}, {"filename": "5x7lxv", "similarity": 0.7723}, {"filename": "56qdez", "similarity": 0.7709}, {"filename": "6ml1a6", "similarity": 0.7694}, {"filename": "79dda4", "similarity": 0.7686}, {"filename": "77blnq", "similarity": 0.7684}, {"filename": "72eue8", "similarity": 0.7668}, {"filename": "7qj737", "similarity": 0.7663}, {"filename": "7ibwz7", "similarity": 0.7661}, {"filename": "79140k", "similarity": 0.7636}, {"filename": "7jk01u", "similarity": 0.7632}, {"filename": "88sauz", "similarity": 0.7632}, {"filename": "86lolr", "similarity": 0.7629}, {"filename": "8brqcq", "similarity": 0.7625}, {"filename": "7yc681", "similarity": 0.7621}, {"filename": "621plf", "similarity": 0.7618}, {"filename": "7n3ucg", "similarity": 0.7616}]