[{"filename": "610uyg", "similarity": 1.0}, {"filename": "8545a0", "similarity": 0.7539}, {"filename": "777dq8", "similarity": 0.7488}, {"filename": "6dtouw", "similarity": 0.7398}, {"filename": "7z3rzi", "similarity": 0.737}, {"filename": "85rdbi", "similarity": 0.7365}, {"filename": "79g2lm", "similarity": 0.7351}, {"filename": "6v4449", "similarity": 0.7334}, {"filename": "7fa9am", "similarity": 0.7313}, {"filename": "7rx9jn", "similarity": 0.7309}, {"filename": "6o6f22", "similarity": 0.7293}, {"filename": "7ajlug", "similarity": 0.7289}, {"filename": "7skvd1", "similarity": 0.7284}, {"filename": "74k64t", "similarity": 0.7284}, {"filename": "81w9vk", "similarity": 0.728}, {"filename": "7haijt", "similarity": 0.7279}, {"filename": "6cfms2", "similarity": 0.7255}, {"filename": "87ulnx", "similarity": 0.725}, {"filename": "74eutg", "similarity": 0.7238}, {"filename": "6lca4i", "similarity": 0.7238}, {"filename": "70dtv1", "similarity": 0.7237}, {"filename": "7pbhh9", "similarity": 0.7233}, {"filename": "6knenp", "similarity": 0.7229}, {"filename": "6zekf3", "similarity": 0.7229}, {"filename": "7teiru", "similarity": 0.7226}, {"filename": "7kvxa0", "similarity": 0.7218}, {"filename": "7ngkcn", "similarity": 0.7217}, {"filename": "6mdhpg", "similarity": 0.7208}, {"filename": "77zd6d", "similarity": 0.7206}, {"filename": "67nxwc", "similarity": 0.7206}]