[{"filename": "6110zu", "similarity": 1.0}, {"filename": "6w4yg1", "similarity": 0.8166}, {"filename": "6qraiw", "similarity": 0.8105}, {"filename": "65c5u7", "similarity": 0.8083}, {"filename": "2jwc52", "similarity": 0.8039}, {"filename": "6lydhn", "similarity": 0.7979}, {"filename": "85carr", "similarity": 0.7905}, {"filename": "6ic2ro", "similarity": 0.7899}, {"filename": "7uw4rk", "similarity": 0.7889}, {"filename": "5szv0l", "similarity": 0.7883}, {"filename": "6uotwz", "similarity": 0.7878}, {"filename": "7jt60o", "similarity": 0.787}, {"filename": "7h4t8r", "similarity": 0.7865}, {"filename": "6ymik2", "similarity": 0.7851}, {"filename": "7ljjyu", "similarity": 0.7848}, {"filename": "678jwd", "similarity": 0.782}, {"filename": "6po1u4", "similarity": 0.7811}, {"filename": "7qu2we", "similarity": 0.7809}, {"filename": "7o5ctm", "similarity": 0.7791}, {"filename": "881q6s", "similarity": 0.7788}, {"filename": "6p0nwj", "similarity": 0.7784}, {"filename": "5yel0g", "similarity": 0.7774}, {"filename": "6es5y1", "similarity": 0.7772}, {"filename": "5c0v6z", "similarity": 0.7762}, {"filename": "6ofdt6", "similarity": 0.7752}, {"filename": "8ayzpt", "similarity": 0.7744}, {"filename": "7qbcqw", "similarity": 0.7742}, {"filename": "7ia8ck", "similarity": 0.774}, {"filename": "5wik1c", "similarity": 0.7739}, {"filename": "86ck8w", "similarity": 0.7739}]