[{"filename": "614luc", "similarity": 1.0}, {"filename": "81h6t0", "similarity": 0.7196}, {"filename": "6nkdii", "similarity": 0.7174}, {"filename": "6goraj", "similarity": 0.7059}, {"filename": "6fu7xz", "similarity": 0.6992}, {"filename": "76c8t3", "similarity": 0.6922}, {"filename": "7kuh9z", "similarity": 0.6921}, {"filename": "73dseo", "similarity": 0.6906}, {"filename": "7zmkyb", "similarity": 0.6904}, {"filename": "2x430e", "similarity": 0.6902}, {"filename": "89sctf", "similarity": 0.6902}, {"filename": "6i6mlb", "similarity": 0.6886}, {"filename": "7xr3dv", "similarity": 0.6871}, {"filename": "7y6elg", "similarity": 0.6823}, {"filename": "8az3tp", "similarity": 0.6805}, {"filename": "7xop06", "similarity": 0.6778}, {"filename": "6vldje", "similarity": 0.6759}, {"filename": "82cyxw", "similarity": 0.6746}, {"filename": "72dhsc", "similarity": 0.6744}, {"filename": "75uzjo", "similarity": 0.673}, {"filename": "6ptndk", "similarity": 0.6728}, {"filename": "84su90", "similarity": 0.6726}, {"filename": "63fdis", "similarity": 0.6712}, {"filename": "6m810b", "similarity": 0.6709}, {"filename": "4sz1mn", "similarity": 0.6704}, {"filename": "7uywrv", "similarity": 0.669}, {"filename": "83deug", "similarity": 0.6689}, {"filename": "7nbmg0", "similarity": 0.6681}, {"filename": "6xr0lb", "similarity": 0.6678}, {"filename": "6v4449", "similarity": 0.6677}]