[{"filename": "617lqz", "similarity": 1.0}, {"filename": "6y67ml", "similarity": 0.8416}, {"filename": "7zmvs5", "similarity": 0.834}, {"filename": "805qko", "similarity": 0.8272}, {"filename": "78b7ee", "similarity": 0.8237}, {"filename": "847hox", "similarity": 0.8206}, {"filename": "86a9rb", "similarity": 0.8129}, {"filename": "6zjcpo", "similarity": 0.8121}, {"filename": "7lll3r", "similarity": 0.811}, {"filename": "8bvet6", "similarity": 0.811}, {"filename": "742v3o", "similarity": 0.8103}, {"filename": "799ynr", "similarity": 0.8072}, {"filename": "7wtsxz", "similarity": 0.8041}, {"filename": "7duoem", "similarity": 0.8036}, {"filename": "6zeefg", "similarity": 0.8035}, {"filename": "7ilgg3", "similarity": 0.8023}, {"filename": "6fnyl9", "similarity": 0.8011}, {"filename": "6ms6r0", "similarity": 0.7997}, {"filename": "6frw6o", "similarity": 0.7984}, {"filename": "75pd9h", "similarity": 0.7984}, {"filename": "6ajgjc", "similarity": 0.7975}, {"filename": "71kt9k", "similarity": 0.7955}, {"filename": "7h62yh", "similarity": 0.7938}, {"filename": "6ggaih", "similarity": 0.7933}, {"filename": "6nhsq7", "similarity": 0.7925}, {"filename": "7xiji5", "similarity": 0.7915}, {"filename": "7zaftt", "similarity": 0.7911}, {"filename": "6jlf3y", "similarity": 0.7905}, {"filename": "6e0har", "similarity": 0.7902}, {"filename": "7va71s", "similarity": 0.7877}]