[{"filename": "61a889", "similarity": 1.0}, {"filename": "5yl3ig", "similarity": 0.9391}, {"filename": "78gun7", "similarity": 0.8449}, {"filename": "7jpzfc", "similarity": 0.8378}, {"filename": "85x4se", "similarity": 0.8322}, {"filename": "7l872g", "similarity": 0.8171}, {"filename": "649ejf", "similarity": 0.8092}, {"filename": "84y4hd", "similarity": 0.8077}, {"filename": "62xfyd", "similarity": 0.8023}, {"filename": "6j8mcb", "similarity": 0.7991}, {"filename": "7kysl9", "similarity": 0.7925}, {"filename": "81g42s", "similarity": 0.7898}, {"filename": "80q5kn", "similarity": 0.7878}, {"filename": "5c0v6z", "similarity": 0.7857}, {"filename": "89uh7j", "similarity": 0.7842}, {"filename": "7ilxxh", "similarity": 0.7837}, {"filename": "7dsx2w", "similarity": 0.7836}, {"filename": "72ilwd", "similarity": 0.7814}, {"filename": "8a2nwz", "similarity": 0.7803}, {"filename": "5waw8f", "similarity": 0.7798}, {"filename": "7ytmr6", "similarity": 0.7796}, {"filename": "82gpmu", "similarity": 0.7784}, {"filename": "7o6dzg", "similarity": 0.7738}, {"filename": "822zm2", "similarity": 0.7723}, {"filename": "6lkvxg", "similarity": 0.7697}, {"filename": "6vkhe3", "similarity": 0.769}, {"filename": "8315w5", "similarity": 0.7689}, {"filename": "6b9goy", "similarity": 0.7681}, {"filename": "6bgbhl", "similarity": 0.7681}, {"filename": "7ber0v", "similarity": 0.7666}]