[{"filename": "61beyg", "similarity": 1.0}, {"filename": "7jb6ra", "similarity": 0.7814}, {"filename": "777dq8", "similarity": 0.7811}, {"filename": "7bllvq", "similarity": 0.7788}, {"filename": "84su90", "similarity": 0.7782}, {"filename": "6zk93p", "similarity": 0.7759}, {"filename": "87ulnx", "similarity": 0.7733}, {"filename": "6l6jbv", "similarity": 0.7706}, {"filename": "6lcnf5", "similarity": 0.7697}, {"filename": "7h8t8p", "similarity": 0.764}, {"filename": "7o7hn8", "similarity": 0.7637}, {"filename": "71xtda", "similarity": 0.7636}, {"filename": "6tf4id", "similarity": 0.7636}, {"filename": "6tfkzr", "similarity": 0.7636}, {"filename": "7s4utp", "similarity": 0.7636}, {"filename": "7phnmp", "similarity": 0.762}, {"filename": "85o7z6", "similarity": 0.762}, {"filename": "6l9ieh", "similarity": 0.7619}, {"filename": "838k8s", "similarity": 0.7603}, {"filename": "748b0k", "similarity": 0.7597}, {"filename": "7smdxf", "similarity": 0.7596}, {"filename": "74uj30", "similarity": 0.7595}, {"filename": "7jt60o", "similarity": 0.7593}, {"filename": "6hyns7", "similarity": 0.759}, {"filename": "73m2dn", "similarity": 0.7588}, {"filename": "7cn0vu", "similarity": 0.7581}, {"filename": "7cppoy", "similarity": 0.7566}, {"filename": "75l8k4", "similarity": 0.7562}, {"filename": "71nusf", "similarity": 0.7561}, {"filename": "796l3m", "similarity": 0.7557}]