[{"filename": "61kwxw", "similarity": 1.0}, {"filename": "6rohwp", "similarity": 0.8398}, {"filename": "670iba", "similarity": 0.8334}, {"filename": "6du5oc", "similarity": 0.8323}, {"filename": "6tlmfx", "similarity": 0.7998}, {"filename": "7szctf", "similarity": 0.7981}, {"filename": "87qycb", "similarity": 0.7902}, {"filename": "707z6l", "similarity": 0.7838}, {"filename": "77wi8r", "similarity": 0.783}, {"filename": "7yqjpv", "similarity": 0.7806}, {"filename": "81evgp", "similarity": 0.7799}, {"filename": "7dkfat", "similarity": 0.7685}, {"filename": "7mgvpu", "similarity": 0.7684}, {"filename": "6wboov", "similarity": 0.7663}, {"filename": "88sqmd", "similarity": 0.766}, {"filename": "6bo414", "similarity": 0.7621}, {"filename": "6zuk0s", "similarity": 0.7619}, {"filename": "8a8hkh", "similarity": 0.7611}, {"filename": "7v6p4f", "similarity": 0.7602}, {"filename": "7kdb5e", "similarity": 0.7589}, {"filename": "6y4c5u", "similarity": 0.7545}, {"filename": "8c0hms", "similarity": 0.754}, {"filename": "7v41jx", "similarity": 0.7503}, {"filename": "6y6mbo", "similarity": 0.7485}, {"filename": "6dnmtl", "similarity": 0.7484}, {"filename": "6vakeh", "similarity": 0.747}, {"filename": "7ynq14", "similarity": 0.7462}, {"filename": "6izzgq", "similarity": 0.7459}, {"filename": "84zucb", "similarity": 0.7432}, {"filename": "83c20w", "similarity": 0.7412}]