[{"filename": "61l6x9", "similarity": 1.0}, {"filename": "81z6d9", "similarity": 0.9244}, {"filename": "8bl5r9", "similarity": 0.9193}, {"filename": "6ajgjc", "similarity": 0.7578}, {"filename": "5cqpm4", "similarity": 0.7524}, {"filename": "87alnc", "similarity": 0.7465}, {"filename": "56h87o", "similarity": 0.7463}, {"filename": "7wtsxz", "similarity": 0.7423}, {"filename": "6ca8c2", "similarity": 0.7406}, {"filename": "7ilgg3", "similarity": 0.7345}, {"filename": "86a9rb", "similarity": 0.7331}, {"filename": "7td6mg", "similarity": 0.7312}, {"filename": "7pf9v8", "similarity": 0.7271}, {"filename": "71s6g5", "similarity": 0.7256}, {"filename": "7aykgj", "similarity": 0.7248}, {"filename": "7dcoel", "similarity": 0.724}, {"filename": "5nn64d", "similarity": 0.7234}, {"filename": "6mdhpg", "similarity": 0.7226}, {"filename": "66gica", "similarity": 0.7223}, {"filename": "742v3o", "similarity": 0.7219}, {"filename": "6ybalg", "similarity": 0.7205}, {"filename": "7cy93b", "similarity": 0.7202}, {"filename": "6frw6o", "similarity": 0.7192}, {"filename": "7q0yxn", "similarity": 0.7171}, {"filename": "7v29nx", "similarity": 0.7159}, {"filename": "85r3r8", "similarity": 0.7158}, {"filename": "7va71s", "similarity": 0.7154}, {"filename": "71kt9k", "similarity": 0.7149}, {"filename": "6zuxuq", "similarity": 0.7128}, {"filename": "7phtqm", "similarity": 0.7117}]