[{"filename": "61l9ti", "similarity": 1.0}, {"filename": "74k64t", "similarity": 0.7338}, {"filename": "7roc9a", "similarity": 0.7281}, {"filename": "82gpvb", "similarity": 0.7265}, {"filename": "73vt5m", "similarity": 0.7138}, {"filename": "7dxpxt", "similarity": 0.7138}, {"filename": "6ss9a5", "similarity": 0.7137}, {"filename": "7cv1s3", "similarity": 0.7105}, {"filename": "7haijt", "similarity": 0.7104}, {"filename": "7wioon", "similarity": 0.7082}, {"filename": "6g7079", "similarity": 0.7057}, {"filename": "6o6f22", "similarity": 0.7027}, {"filename": "85rdbi", "similarity": 0.7025}, {"filename": "78so15", "similarity": 0.7023}, {"filename": "7xxs1t", "similarity": 0.7022}, {"filename": "83plg2", "similarity": 0.7018}, {"filename": "7rx9jn", "similarity": 0.7006}, {"filename": "80m4yj", "similarity": 0.6994}, {"filename": "7pbhh9", "similarity": 0.6991}, {"filename": "7kg7hl", "similarity": 0.6977}, {"filename": "88e9xj", "similarity": 0.6977}, {"filename": "673hgr", "similarity": 0.6974}, {"filename": "7wyl25", "similarity": 0.6972}, {"filename": "6asfm0", "similarity": 0.6948}, {"filename": "72amem", "similarity": 0.6943}, {"filename": "6g6qhc", "similarity": 0.6939}, {"filename": "87zt2n", "similarity": 0.6928}, {"filename": "5ue0ff", "similarity": 0.6923}, {"filename": "7qcx81", "similarity": 0.6911}, {"filename": "7xj7zw", "similarity": 0.691}]