[{"filename": "61qspl", "similarity": 1.0}, {"filename": "8bou97", "similarity": 0.7505}, {"filename": "7nlq1z", "similarity": 0.7453}, {"filename": "6jrqvz", "similarity": 0.7412}, {"filename": "7feyjq", "similarity": 0.74}, {"filename": "6vqf9g", "similarity": 0.7364}, {"filename": "7sl3bo", "similarity": 0.7336}, {"filename": "8208m9", "similarity": 0.7308}, {"filename": "7wp27w", "similarity": 0.7302}, {"filename": "5btgto", "similarity": 0.7289}, {"filename": "7p5r3i", "similarity": 0.7268}, {"filename": "6uw4h3", "similarity": 0.725}, {"filename": "80ppdt", "similarity": 0.7242}, {"filename": "7vp1nc", "similarity": 0.7239}, {"filename": "7nc30x", "similarity": 0.7228}, {"filename": "7ia8ck", "similarity": 0.7226}, {"filename": "85ksdy", "similarity": 0.7208}, {"filename": "6m6ijv", "similarity": 0.7206}, {"filename": "6n10qg", "similarity": 0.7202}, {"filename": "7g4g6f", "similarity": 0.7195}, {"filename": "6et3wn", "similarity": 0.7183}, {"filename": "6xnoql", "similarity": 0.7162}, {"filename": "5nlru8", "similarity": 0.7158}, {"filename": "7an4ev", "similarity": 0.7158}, {"filename": "7j5wsn", "similarity": 0.7154}, {"filename": "861uzv", "similarity": 0.7147}, {"filename": "816r0m", "similarity": 0.7145}, {"filename": "6m4on7", "similarity": 0.7139}, {"filename": "848v7f", "similarity": 0.7136}, {"filename": "6vyd0q", "similarity": 0.7123}]