[{"filename": "61s4cx", "similarity": 1.0}, {"filename": "5k9b95", "similarity": 0.7418}, {"filename": "7haijt", "similarity": 0.7191}, {"filename": "7m286y", "similarity": 0.7086}, {"filename": "6pyc24", "similarity": 0.7049}, {"filename": "5vx25g", "similarity": 0.7031}, {"filename": "8bwsj2", "similarity": 0.7013}, {"filename": "7pbhh9", "similarity": 0.6984}, {"filename": "73vt5m", "similarity": 0.6948}, {"filename": "7uryha", "similarity": 0.6911}, {"filename": "86k6bi", "similarity": 0.6902}, {"filename": "7ajlug", "similarity": 0.6862}, {"filename": "7iyyyq", "similarity": 0.6842}, {"filename": "73sdml", "similarity": 0.6836}, {"filename": "81w9vk", "similarity": 0.6826}, {"filename": "7kjxl9", "similarity": 0.682}, {"filename": "71l0xt", "similarity": 0.6816}, {"filename": "6u1xb1", "similarity": 0.6801}, {"filename": "6rz7xb", "similarity": 0.6774}, {"filename": "88vni9", "similarity": 0.6772}, {"filename": "7kg7hl", "similarity": 0.6767}, {"filename": "6c6uaz", "similarity": 0.675}, {"filename": "6yesy7", "similarity": 0.6743}, {"filename": "6y0hku", "similarity": 0.672}, {"filename": "7j70po", "similarity": 0.6719}, {"filename": "7wsm6s", "similarity": 0.6717}, {"filename": "3x3bqx", "similarity": 0.6711}, {"filename": "85d2q1", "similarity": 0.6711}, {"filename": "6xr0lb", "similarity": 0.671}, {"filename": "7p02i4", "similarity": 0.6709}]