[{"filename": "61smxz", "similarity": 1.0}, {"filename": "8bhjkp", "similarity": 0.7805}, {"filename": "7ghicf", "similarity": 0.7779}, {"filename": "6hleny", "similarity": 0.7762}, {"filename": "85uvsi", "similarity": 0.772}, {"filename": "6yerwl", "similarity": 0.7713}, {"filename": "7zaftt", "similarity": 0.7713}, {"filename": "6skts2", "similarity": 0.7697}, {"filename": "71kt9k", "similarity": 0.7691}, {"filename": "6k72kv", "similarity": 0.7682}, {"filename": "6gha21", "similarity": 0.765}, {"filename": "6izwgb", "similarity": 0.7641}, {"filename": "76xsjt", "similarity": 0.764}, {"filename": "81ozi4", "similarity": 0.762}, {"filename": "7zmvs5", "similarity": 0.7612}, {"filename": "6qj1t2", "similarity": 0.7587}, {"filename": "6zeefg", "similarity": 0.7579}, {"filename": "6rgn3c", "similarity": 0.7572}, {"filename": "73yp8c", "similarity": 0.7565}, {"filename": "6ajgjc", "similarity": 0.7538}, {"filename": "8208vm", "similarity": 0.7535}, {"filename": "7qc66j", "similarity": 0.7516}, {"filename": "6y67ml", "similarity": 0.7514}, {"filename": "71rd4g", "similarity": 0.7498}, {"filename": "7aykgj", "similarity": 0.748}, {"filename": "6ukb26", "similarity": 0.7478}, {"filename": "7duoem", "similarity": 0.7446}, {"filename": "6e0har", "similarity": 0.7445}, {"filename": "847hox", "similarity": 0.7439}, {"filename": "71s6g5", "similarity": 0.7431}]