[{"filename": "61tirk", "similarity": 1.0}, {"filename": "6dtouw", "similarity": 0.7477}, {"filename": "7rhnd1", "similarity": 0.7343}, {"filename": "70ts7w", "similarity": 0.7333}, {"filename": "6zk93p", "similarity": 0.7319}, {"filename": "78so15", "similarity": 0.7273}, {"filename": "7kvxa0", "similarity": 0.7213}, {"filename": "73ryqw", "similarity": 0.7199}, {"filename": "8545a0", "similarity": 0.7193}, {"filename": "72666v", "similarity": 0.7192}, {"filename": "6uw4h3", "similarity": 0.7181}, {"filename": "5nlru8", "similarity": 0.7177}, {"filename": "7018c6", "similarity": 0.7171}, {"filename": "34fi1c", "similarity": 0.7166}, {"filename": "6j0vae", "similarity": 0.7157}, {"filename": "74sbot", "similarity": 0.7137}, {"filename": "7brtso", "similarity": 0.7129}, {"filename": "7qzz1u", "similarity": 0.7125}, {"filename": "813ssk", "similarity": 0.7121}, {"filename": "7sgbjp", "similarity": 0.7107}, {"filename": "7j5wsn", "similarity": 0.7105}, {"filename": "5p2s2w", "similarity": 0.7101}, {"filename": "816an7", "similarity": 0.7099}, {"filename": "6m0uwa", "similarity": 0.7074}, {"filename": "76bgtf", "similarity": 0.707}, {"filename": "7g18cy", "similarity": 0.7068}, {"filename": "644p29", "similarity": 0.7051}, {"filename": "5t53rb", "similarity": 0.7049}, {"filename": "7vmwg7", "similarity": 0.7047}, {"filename": "799vyr", "similarity": 0.7041}]