[{"filename": "61y9e0", "similarity": 1.0}, {"filename": "881v1w", "similarity": 0.7345}, {"filename": "7z2iak", "similarity": 0.7239}, {"filename": "7d0kbf", "similarity": 0.7204}, {"filename": "64pf0c", "similarity": 0.7131}, {"filename": "70s4nk", "similarity": 0.7111}, {"filename": "7vdqaq", "similarity": 0.7092}, {"filename": "6m9zpb", "similarity": 0.7074}, {"filename": "68n19h", "similarity": 0.7051}, {"filename": "88fpmv", "similarity": 0.7043}, {"filename": "64vt66", "similarity": 0.7036}, {"filename": "83el8n", "similarity": 0.7018}, {"filename": "7vg0gc", "similarity": 0.7015}, {"filename": "6eg8zh", "similarity": 0.7008}, {"filename": "6c6uaz", "similarity": 0.6979}, {"filename": "7ksk62", "similarity": 0.6979}, {"filename": "84v18j", "similarity": 0.6933}, {"filename": "7kjxl9", "similarity": 0.6921}, {"filename": "5vip7r", "similarity": 0.6913}, {"filename": "6t2pcw", "similarity": 0.6906}, {"filename": "7ivcuz", "similarity": 0.6863}, {"filename": "7snc00", "similarity": 0.6862}, {"filename": "7v0chz", "similarity": 0.6854}, {"filename": "6jfvj2", "similarity": 0.6841}, {"filename": "6fldhu", "similarity": 0.6826}, {"filename": "65vkr7", "similarity": 0.6826}, {"filename": "847fnz", "similarity": 0.6818}, {"filename": "62j8yk", "similarity": 0.681}, {"filename": "7nuogh", "similarity": 0.6809}, {"filename": "6xkfxw", "similarity": 0.6809}]