[{"filename": "61yf19", "similarity": 1.0}, {"filename": "681zzn", "similarity": 0.8033}, {"filename": "7vn2yz", "similarity": 0.7927}, {"filename": "7o5ctm", "similarity": 0.7719}, {"filename": "6bbvrv", "similarity": 0.7716}, {"filename": "82lt3r", "similarity": 0.7701}, {"filename": "678jwd", "similarity": 0.7686}, {"filename": "6feflv", "similarity": 0.7665}, {"filename": "7uw4rk", "similarity": 0.7592}, {"filename": "7kdmjj", "similarity": 0.7551}, {"filename": "7vbgih", "similarity": 0.7544}, {"filename": "79ro8y", "similarity": 0.7515}, {"filename": "79msix", "similarity": 0.7487}, {"filename": "5yel0g", "similarity": 0.7471}, {"filename": "822zm2", "similarity": 0.7461}, {"filename": "6wiy6z", "similarity": 0.7445}, {"filename": "6rrmd3", "similarity": 0.7443}, {"filename": "7ljjyu", "similarity": 0.7442}, {"filename": "7urxui", "similarity": 0.7431}, {"filename": "7t3zx2", "similarity": 0.7426}, {"filename": "6p5wbm", "similarity": 0.7425}, {"filename": "76q5dn", "similarity": 0.7423}, {"filename": "6697tp", "similarity": 0.7421}, {"filename": "6l5imf", "similarity": 0.742}, {"filename": "5c0v6z", "similarity": 0.7417}, {"filename": "7cptyb", "similarity": 0.7406}, {"filename": "86zwky", "similarity": 0.7406}, {"filename": "6p0nwj", "similarity": 0.7404}, {"filename": "70s4nk", "similarity": 0.7385}, {"filename": "7nobgm", "similarity": 0.7385}]