[{"filename": "621plf", "similarity": 1.0}, {"filename": "6fqkkg", "similarity": 0.8452}, {"filename": "7ibwz7", "similarity": 0.8404}, {"filename": "636zxe", "similarity": 0.8345}, {"filename": "7pp195", "similarity": 0.8341}, {"filename": "79140k", "similarity": 0.8302}, {"filename": "8a0ppz", "similarity": 0.827}, {"filename": "56qdez", "similarity": 0.8254}, {"filename": "5xmw8j", "similarity": 0.824}, {"filename": "6a3b74", "similarity": 0.8223}, {"filename": "7yd50c", "similarity": 0.8177}, {"filename": "6qtqaj", "similarity": 0.8161}, {"filename": "6r45yj", "similarity": 0.8153}, {"filename": "86qzd9", "similarity": 0.8145}, {"filename": "71pwjj", "similarity": 0.8067}, {"filename": "6prl7d", "similarity": 0.8059}, {"filename": "7ivcuz", "similarity": 0.8029}, {"filename": "65vkr7", "similarity": 0.7959}, {"filename": "6m6ijv", "similarity": 0.7948}, {"filename": "7nuogh", "similarity": 0.786}, {"filename": "696yfo", "similarity": 0.7859}, {"filename": "8c4c1n", "similarity": 0.7842}, {"filename": "7tj8p4", "similarity": 0.7838}, {"filename": "7hqv1z", "similarity": 0.779}, {"filename": "742hob", "similarity": 0.7788}, {"filename": "84x373", "similarity": 0.7776}, {"filename": "6sbhhg", "similarity": 0.7747}, {"filename": "5mwqbb", "similarity": 0.7738}, {"filename": "7n3ucg", "similarity": 0.7731}, {"filename": "84mn8q", "similarity": 0.7717}]