[{"filename": "624dc6", "similarity": 1.0}, {"filename": "6z90ki", "similarity": 0.8803}, {"filename": "85carr", "similarity": 0.8623}, {"filename": "6oe37l", "similarity": 0.8557}, {"filename": "6xqxa0", "similarity": 0.8319}, {"filename": "6y1k4f", "similarity": 0.8305}, {"filename": "6lydhn", "similarity": 0.8295}, {"filename": "5qguxu", "similarity": 0.829}, {"filename": "79dda4", "similarity": 0.8264}, {"filename": "8c4c1n", "similarity": 0.8255}, {"filename": "6p0nwj", "similarity": 0.8177}, {"filename": "7uw4rk", "similarity": 0.8139}, {"filename": "72ulh4", "similarity": 0.8119}, {"filename": "6kngvy", "similarity": 0.8116}, {"filename": "6cu0j6", "similarity": 0.8107}, {"filename": "6k6dnn", "similarity": 0.8092}, {"filename": "6rck70", "similarity": 0.805}, {"filename": "7pwq7c", "similarity": 0.8039}, {"filename": "6sla0d", "similarity": 0.8029}, {"filename": "6gzee7", "similarity": 0.8023}, {"filename": "7cenf1", "similarity": 0.8016}, {"filename": "678jwd", "similarity": 0.8013}, {"filename": "791wn2", "similarity": 0.8009}, {"filename": "72bdli", "similarity": 0.8006}, {"filename": "7ljjyu", "similarity": 0.8003}, {"filename": "7cptyb", "similarity": 0.799}, {"filename": "7ivcuz", "similarity": 0.7984}, {"filename": "881q6s", "similarity": 0.7983}, {"filename": "7rilwk", "similarity": 0.7982}, {"filename": "5c0v6z", "similarity": 0.7981}]