[{"filename": "625203", "similarity": 1.0}, {"filename": "7ds19z", "similarity": 0.9026}, {"filename": "7qz0zf", "similarity": 0.9018}, {"filename": "72k64m", "similarity": 0.8942}, {"filename": "60s18n", "similarity": 0.8932}, {"filename": "7xbob9", "similarity": 0.8913}, {"filename": "2wod3h", "similarity": 0.8782}, {"filename": "6j9pi4", "similarity": 0.8738}, {"filename": "6ednbc", "similarity": 0.8727}, {"filename": "880mkn", "similarity": 0.8722}, {"filename": "88ha85", "similarity": 0.8683}, {"filename": "7r0rgu", "similarity": 0.8677}, {"filename": "6uotwz", "similarity": 0.8673}, {"filename": "845gft", "similarity": 0.8672}, {"filename": "7hyyka", "similarity": 0.8649}, {"filename": "6kh3ds", "similarity": 0.8626}, {"filename": "6ura8f", "similarity": 0.8624}, {"filename": "7jembg", "similarity": 0.8615}, {"filename": "7mjcis", "similarity": 0.86}, {"filename": "6ijnh3", "similarity": 0.8591}, {"filename": "6x626v", "similarity": 0.8564}, {"filename": "7yvhnn", "similarity": 0.856}, {"filename": "80suna", "similarity": 0.8559}, {"filename": "6hsdnb", "similarity": 0.8557}, {"filename": "6ejh59", "similarity": 0.855}, {"filename": "7lxm6a", "similarity": 0.8532}, {"filename": "5mhmjs", "similarity": 0.8503}, {"filename": "5mjv7o", "similarity": 0.8503}, {"filename": "7fzk5p", "similarity": 0.8497}, {"filename": "7bno60", "similarity": 0.8494}]