[{"filename": "626ec6", "similarity": 1.0}, {"filename": "76dc4q", "similarity": 0.7971}, {"filename": "6op5td", "similarity": 0.796}, {"filename": "6elhmh", "similarity": 0.7952}, {"filename": "7ksoks", "similarity": 0.7936}, {"filename": "7mkihv", "similarity": 0.7924}, {"filename": "6pbi0f", "similarity": 0.7852}, {"filename": "6lagsf", "similarity": 0.7764}, {"filename": "7b8ec6", "similarity": 0.7742}, {"filename": "6kei76", "similarity": 0.7725}, {"filename": "7kkyh7", "similarity": 0.7675}, {"filename": "65spo9", "similarity": 0.7614}, {"filename": "6b3d97", "similarity": 0.7576}, {"filename": "7ig1xw", "similarity": 0.7544}, {"filename": "79581u", "similarity": 0.753}, {"filename": "6dgau7", "similarity": 0.7454}, {"filename": "7v8n73", "similarity": 0.7434}, {"filename": "7v765s", "similarity": 0.7418}, {"filename": "6twqdf", "similarity": 0.7414}, {"filename": "83ekls", "similarity": 0.7403}, {"filename": "8c0hms", "similarity": 0.7379}, {"filename": "5sduvp", "similarity": 0.7378}, {"filename": "7qhl2b", "similarity": 0.7374}, {"filename": "5leyhf", "similarity": 0.7345}, {"filename": "53ckgb", "similarity": 0.7329}, {"filename": "61f7gj", "similarity": 0.7329}, {"filename": "61fd62", "similarity": 0.7329}, {"filename": "6i1vmg", "similarity": 0.7329}, {"filename": "6iku7j", "similarity": 0.7329}, {"filename": "6o8hil", "similarity": 0.7329}]