[{"filename": "628vmo", "similarity": 1.0}, {"filename": "64j9j3", "similarity": 0.7798}, {"filename": "5xlmey", "similarity": 0.7749}, {"filename": "70dbd2", "similarity": 0.7629}, {"filename": "7xxs1t", "similarity": 0.7579}, {"filename": "6t5y75", "similarity": 0.7485}, {"filename": "7ytmr6", "similarity": 0.7476}, {"filename": "871ith", "similarity": 0.7461}, {"filename": "7v7kq5", "similarity": 0.7415}, {"filename": "7rhnd1", "similarity": 0.7383}, {"filename": "73dseo", "similarity": 0.7369}, {"filename": "713ma3", "similarity": 0.7331}, {"filename": "7uryha", "similarity": 0.7316}, {"filename": "70r8o8", "similarity": 0.7283}, {"filename": "85rz6p", "similarity": 0.7269}, {"filename": "799vyr", "similarity": 0.7267}, {"filename": "6knenp", "similarity": 0.7266}, {"filename": "7xpw6y", "similarity": 0.7266}, {"filename": "813u7o", "similarity": 0.7261}, {"filename": "6jb6yp", "similarity": 0.7245}, {"filename": "8a2nwz", "similarity": 0.724}, {"filename": "7zmkyb", "similarity": 0.7239}, {"filename": "7456ky", "similarity": 0.7232}, {"filename": "83tato", "similarity": 0.7215}, {"filename": "822835", "similarity": 0.7212}, {"filename": "7e04om", "similarity": 0.7188}, {"filename": "7tpjg5", "similarity": 0.7186}, {"filename": "649ejf", "similarity": 0.7186}, {"filename": "5waw8f", "similarity": 0.7186}, {"filename": "6ghzlr", "similarity": 0.7182}]