[{"filename": "62c346", "similarity": 1.0}, {"filename": "5uekip", "similarity": 0.8413}, {"filename": "6pdpsq", "similarity": 0.8308}, {"filename": "6t31n1", "similarity": 0.8276}, {"filename": "7wtf45", "similarity": 0.823}, {"filename": "6z1fsd", "similarity": 0.8227}, {"filename": "7xo5vs", "similarity": 0.8226}, {"filename": "81cg2m", "similarity": 0.8212}, {"filename": "6isox5", "similarity": 0.8191}, {"filename": "83blya", "similarity": 0.8145}, {"filename": "7x9fnv", "similarity": 0.8134}, {"filename": "84z3f7", "similarity": 0.8127}, {"filename": "84ql3l", "similarity": 0.8102}, {"filename": "83zplj", "similarity": 0.8073}, {"filename": "7ureks", "similarity": 0.807}, {"filename": "7x0kju", "similarity": 0.806}, {"filename": "7m1014", "similarity": 0.8054}, {"filename": "80yxbc", "similarity": 0.8054}, {"filename": "884jb9", "similarity": 0.8053}, {"filename": "85xyng", "similarity": 0.8053}, {"filename": "7aizp1", "similarity": 0.805}, {"filename": "82rde5", "similarity": 0.8047}, {"filename": "7ycugd", "similarity": 0.8035}, {"filename": "6ro7q2", "similarity": 0.803}, {"filename": "87ws66", "similarity": 0.8022}, {"filename": "72ewmx", "similarity": 0.8004}, {"filename": "80llwi", "similarity": 0.8002}, {"filename": "6ov3fc", "similarity": 0.8001}, {"filename": "7u5qcz", "similarity": 0.7985}, {"filename": "88b0fm", "similarity": 0.7983}]