[{"filename": "62cggt", "similarity": 1.0}, {"filename": "6y6mbo", "similarity": 0.7865}, {"filename": "72kbnn", "similarity": 0.7784}, {"filename": "65odgr", "similarity": 0.7751}, {"filename": "707z6l", "similarity": 0.7737}, {"filename": "7mid49", "similarity": 0.7673}, {"filename": "8a8hkh", "similarity": 0.7665}, {"filename": "670iba", "similarity": 0.7646}, {"filename": "83t282", "similarity": 0.7631}, {"filename": "7aizp1", "similarity": 0.7598}, {"filename": "7q7qxv", "similarity": 0.7587}, {"filename": "7y5d58", "similarity": 0.7583}, {"filename": "7szctf", "similarity": 0.7576}, {"filename": "6tlmfx", "similarity": 0.754}, {"filename": "7tp55f", "similarity": 0.7499}, {"filename": "87qycb", "similarity": 0.7482}, {"filename": "7mefns", "similarity": 0.7463}, {"filename": "83c20w", "similarity": 0.746}, {"filename": "5zdcxz", "similarity": 0.745}, {"filename": "7o154m", "similarity": 0.7424}, {"filename": "5j8gyh", "similarity": 0.7401}, {"filename": "6plovv", "similarity": 0.7398}, {"filename": "6vakeh", "similarity": 0.7392}, {"filename": "77wi8r", "similarity": 0.7374}, {"filename": "6z1fbd", "similarity": 0.7372}, {"filename": "6uzn9s", "similarity": 0.7365}, {"filename": "6zt5g9", "similarity": 0.7363}, {"filename": "7g8rvt", "similarity": 0.7362}, {"filename": "7h9whe", "similarity": 0.7358}, {"filename": "70wgqy", "similarity": 0.7356}]