[{"filename": "62dcv9", "similarity": 1.0}, {"filename": "6sy786", "similarity": 0.7547}, {"filename": "7c0877", "similarity": 0.749}, {"filename": "7tuynj", "similarity": 0.7452}, {"filename": "7y0uz4", "similarity": 0.7351}, {"filename": "6xr0lb", "similarity": 0.7333}, {"filename": "73tsez", "similarity": 0.7329}, {"filename": "7on3ac", "similarity": 0.726}, {"filename": "814x99", "similarity": 0.7214}, {"filename": "8by5s6", "similarity": 0.7167}, {"filename": "7kvxa0", "similarity": 0.7153}, {"filename": "7x6sb2", "similarity": 0.7151}, {"filename": "7pbhh9", "similarity": 0.7143}, {"filename": "6ohxty", "similarity": 0.7131}, {"filename": "872w7m", "similarity": 0.7131}, {"filename": "87talx", "similarity": 0.7117}, {"filename": "724s3l", "similarity": 0.7101}, {"filename": "7ngkcn", "similarity": 0.7098}, {"filename": "7yyyje", "similarity": 0.7084}, {"filename": "6vyd0q", "similarity": 0.7081}, {"filename": "6c13dg", "similarity": 0.708}, {"filename": "6tubo2", "similarity": 0.7074}, {"filename": "6y0hku", "similarity": 0.7066}, {"filename": "5gz7xq", "similarity": 0.7055}, {"filename": "7f62cg", "similarity": 0.7051}, {"filename": "5j6mld", "similarity": 0.7051}, {"filename": "7uz140", "similarity": 0.704}, {"filename": "6xslte", "similarity": 0.7031}, {"filename": "5qgr23", "similarity": 0.7028}, {"filename": "5q9rs5", "similarity": 0.7021}]