[{"filename": "62dkau", "similarity": 1.0}, {"filename": "5fwtfc", "similarity": 0.6324}, {"filename": "878quf", "similarity": 0.6201}, {"filename": "7uq2ac", "similarity": 0.6112}, {"filename": "7oxw23", "similarity": 0.6}, {"filename": "6vyd0q", "similarity": 0.5965}, {"filename": "6x4e5g", "similarity": 0.5937}, {"filename": "833ihe", "similarity": 0.5906}, {"filename": "7zdsqd", "similarity": 0.5867}, {"filename": "76bgtf", "similarity": 0.5854}, {"filename": "51gyvc", "similarity": 0.5851}, {"filename": "7o5ctm", "similarity": 0.5846}, {"filename": "88hjja", "similarity": 0.583}, {"filename": "6ohxty", "similarity": 0.5826}, {"filename": "872w7m", "similarity": 0.5826}, {"filename": "5p2s2w", "similarity": 0.581}, {"filename": "6lkvxg", "similarity": 0.5801}, {"filename": "6lca4i", "similarity": 0.5798}, {"filename": "822zm2", "similarity": 0.5797}, {"filename": "6gzkgy", "similarity": 0.5791}, {"filename": "74uj30", "similarity": 0.579}, {"filename": "7qu2we", "similarity": 0.5787}, {"filename": "86wtfu", "similarity": 0.5782}, {"filename": "87ulnx", "similarity": 0.5778}, {"filename": "6hwupi", "similarity": 0.5775}, {"filename": "5fxef2", "similarity": 0.5772}, {"filename": "83ekls", "similarity": 0.5771}, {"filename": "7eh5w0", "similarity": 0.5767}, {"filename": "853c5d", "similarity": 0.5764}, {"filename": "88euiz", "similarity": 0.5764}]