[{"filename": "62gv9z", "similarity": 1.0}, {"filename": "7uieq2", "similarity": 0.769}, {"filename": "63xbhs", "similarity": 0.7478}, {"filename": "6c6uaz", "similarity": 0.7462}, {"filename": "6njmah", "similarity": 0.7355}, {"filename": "7p5r3i", "similarity": 0.73}, {"filename": "7g18cy", "similarity": 0.7262}, {"filename": "71l0xt", "similarity": 0.7255}, {"filename": "6b8643", "similarity": 0.7237}, {"filename": "5j6mld", "similarity": 0.723}, {"filename": "75bxvi", "similarity": 0.7194}, {"filename": "84bclj", "similarity": 0.7164}, {"filename": "77n2kc", "similarity": 0.7146}, {"filename": "74xhev", "similarity": 0.7142}, {"filename": "7dn9hj", "similarity": 0.7126}, {"filename": "6v4449", "similarity": 0.7121}, {"filename": "7pbhh9", "similarity": 0.7106}, {"filename": "5x6660", "similarity": 0.7105}, {"filename": "7iyyyq", "similarity": 0.7104}, {"filename": "6mvikj", "similarity": 0.7091}, {"filename": "6s67yv", "similarity": 0.709}, {"filename": "6pyc24", "similarity": 0.7082}, {"filename": "7p02i4", "similarity": 0.7076}, {"filename": "7b5973", "similarity": 0.706}, {"filename": "7f62cg", "similarity": 0.7058}, {"filename": "7obl70", "similarity": 0.7058}, {"filename": "7yyyje", "similarity": 0.7054}, {"filename": "7wp27w", "similarity": 0.7045}, {"filename": "79ug79", "similarity": 0.704}, {"filename": "5w3nru", "similarity": 0.702}]