[{"filename": "62j8yk", "similarity": 1.0}, {"filename": "8545a0", "similarity": 0.7972}, {"filename": "89jhg9", "similarity": 0.7718}, {"filename": "8706af", "similarity": 0.7707}, {"filename": "653bdt", "similarity": 0.7698}, {"filename": "64vt66", "similarity": 0.767}, {"filename": "7vp1nc", "similarity": 0.7654}, {"filename": "7an4ev", "similarity": 0.7492}, {"filename": "7v0chz", "similarity": 0.7465}, {"filename": "7z2iak", "similarity": 0.7452}, {"filename": "7wp27w", "similarity": 0.7449}, {"filename": "6m0uwa", "similarity": 0.742}, {"filename": "7jd8nw", "similarity": 0.7384}, {"filename": "6euamy", "similarity": 0.7356}, {"filename": "721nk7", "similarity": 0.7355}, {"filename": "6dqjle", "similarity": 0.7355}, {"filename": "7obl70", "similarity": 0.7351}, {"filename": "8bhizo", "similarity": 0.7322}, {"filename": "85w05m", "similarity": 0.7317}, {"filename": "8bfhdc", "similarity": 0.7286}, {"filename": "897bu8", "similarity": 0.7286}, {"filename": "74oqfs", "similarity": 0.728}, {"filename": "71xtda", "similarity": 0.7269}, {"filename": "6s929y", "similarity": 0.7261}, {"filename": "6cgq9p", "similarity": 0.7258}, {"filename": "7qm4v2", "similarity": 0.7236}, {"filename": "7bbx3t", "similarity": 0.723}, {"filename": "713ma3", "similarity": 0.7222}, {"filename": "644p29", "similarity": 0.7217}, {"filename": "6mdewc", "similarity": 0.721}]