[{"filename": "62keu3", "similarity": 1.0}, {"filename": "6jep8t", "similarity": 0.9075}, {"filename": "71ag2y", "similarity": 0.9033}, {"filename": "6gdhd9", "similarity": 0.9017}, {"filename": "7jr7wl", "similarity": 0.8986}, {"filename": "5y7fcn", "similarity": 0.8976}, {"filename": "6u4fiw", "similarity": 0.8974}, {"filename": "7teh4j", "similarity": 0.8827}, {"filename": "7hzxyp", "similarity": 0.8826}, {"filename": "72ulh4", "similarity": 0.8813}, {"filename": "6cu0j6", "similarity": 0.8805}, {"filename": "86k7d8", "similarity": 0.8752}, {"filename": "6ofdt6", "similarity": 0.8668}, {"filename": "7yow1z", "similarity": 0.8656}, {"filename": "881q6s", "similarity": 0.8652}, {"filename": "7d1gp6", "similarity": 0.8638}, {"filename": "65utsz", "similarity": 0.8627}, {"filename": "6cyyt6", "similarity": 0.8624}, {"filename": "6te5mc", "similarity": 0.8614}, {"filename": "81q1jc", "similarity": 0.8605}, {"filename": "6fc28u", "similarity": 0.8592}, {"filename": "6d52ri", "similarity": 0.8577}, {"filename": "85carr", "similarity": 0.8574}, {"filename": "6e6ffk", "similarity": 0.8567}, {"filename": "7clriw", "similarity": 0.8556}, {"filename": "791wn2", "similarity": 0.8546}, {"filename": "77g9al", "similarity": 0.8527}, {"filename": "6j9pi4", "similarity": 0.8492}, {"filename": "7dbs44", "similarity": 0.8477}, {"filename": "86ck8w", "similarity": 0.843}]