[{"filename": "62koca", "similarity": 1.0}, {"filename": "6kq4ct", "similarity": 0.8047}, {"filename": "74muva", "similarity": 0.799}, {"filename": "7d9g0y", "similarity": 0.7734}, {"filename": "6jfvj2", "similarity": 0.7712}, {"filename": "7wyl25", "similarity": 0.7699}, {"filename": "6wqefx", "similarity": 0.7606}, {"filename": "6ttv7t", "similarity": 0.7596}, {"filename": "822zm2", "similarity": 0.7588}, {"filename": "7teiru", "similarity": 0.756}, {"filename": "7wdi8n", "similarity": 0.7552}, {"filename": "861uzv", "similarity": 0.7533}, {"filename": "8ba611", "similarity": 0.752}, {"filename": "6ki9sh", "similarity": 0.7509}, {"filename": "7wsmdd", "similarity": 0.7506}, {"filename": "87iewf", "similarity": 0.7466}, {"filename": "7oqc27", "similarity": 0.7463}, {"filename": "748b0k", "similarity": 0.7456}, {"filename": "878quf", "similarity": 0.7449}, {"filename": "7vjh7h", "similarity": 0.744}, {"filename": "7ia8ck", "similarity": 0.7439}, {"filename": "6po1u4", "similarity": 0.7437}, {"filename": "6n10qg", "similarity": 0.7433}, {"filename": "6z7zyr", "similarity": 0.743}, {"filename": "7dbs44", "similarity": 0.7427}, {"filename": "6ic2ro", "similarity": 0.7424}, {"filename": "6f492x", "similarity": 0.7421}, {"filename": "7jt60o", "similarity": 0.7419}, {"filename": "7vys0s", "similarity": 0.7419}, {"filename": "6vz1ie", "similarity": 0.7415}]