[{"filename": "62mivr", "similarity": 1.0}, {"filename": "69qsw7", "similarity": 0.8205}, {"filename": "5ziik0", "similarity": 0.803}, {"filename": "886g8g", "similarity": 0.7914}, {"filename": "7hqv1z", "similarity": 0.7791}, {"filename": "6fqkkg", "similarity": 0.7654}, {"filename": "5ycqw0", "similarity": 0.7592}, {"filename": "696yfo", "similarity": 0.759}, {"filename": "654uru", "similarity": 0.7525}, {"filename": "5mwqbb", "similarity": 0.7513}, {"filename": "7wrw6t", "similarity": 0.751}, {"filename": "6m4on7", "similarity": 0.7504}, {"filename": "7ksk62", "similarity": 0.7476}, {"filename": "6vhecf", "similarity": 0.7462}, {"filename": "7930bl", "similarity": 0.744}, {"filename": "7f23mo", "similarity": 0.7418}, {"filename": "8039cx", "similarity": 0.7417}, {"filename": "5u9icj", "similarity": 0.7394}, {"filename": "7169op", "similarity": 0.7377}, {"filename": "88rflu", "similarity": 0.737}, {"filename": "7ckfcc", "similarity": 0.7347}, {"filename": "7dsx2w", "similarity": 0.7328}, {"filename": "6m6ijv", "similarity": 0.7316}, {"filename": "80c1tb", "similarity": 0.7307}, {"filename": "7ibwz7", "similarity": 0.7306}, {"filename": "5vip7r", "similarity": 0.7301}, {"filename": "75goge", "similarity": 0.7297}, {"filename": "7ivcuz", "similarity": 0.7289}, {"filename": "6jsy9q", "similarity": 0.7278}, {"filename": "746ua4", "similarity": 0.7262}]