[{"filename": "62mlsa", "similarity": 1.0}, {"filename": "85omnh", "similarity": 0.6795}, {"filename": "7hrfkb", "similarity": 0.6667}, {"filename": "7vmwtj", "similarity": 0.6651}, {"filename": "85kqsu", "similarity": 0.6605}, {"filename": "71arqv", "similarity": 0.6604}, {"filename": "5w66yx", "similarity": 0.6583}, {"filename": "7o3ly4", "similarity": 0.6552}, {"filename": "7x6sb2", "similarity": 0.6552}, {"filename": "6w6so6", "similarity": 0.6541}, {"filename": "63qpp0", "similarity": 0.6536}, {"filename": "6xr0lb", "similarity": 0.6523}, {"filename": "819uk8", "similarity": 0.6522}, {"filename": "6ha3wj", "similarity": 0.6508}, {"filename": "816an7", "similarity": 0.6502}, {"filename": "7uieq2", "similarity": 0.6499}, {"filename": "7wp27w", "similarity": 0.6487}, {"filename": "7jti9y", "similarity": 0.6481}, {"filename": "6y0hku", "similarity": 0.6478}, {"filename": "7zp74r", "similarity": 0.6473}, {"filename": "7jy1s0", "similarity": 0.647}, {"filename": "85x7k2", "similarity": 0.6465}, {"filename": "84280i", "similarity": 0.6464}, {"filename": "8aqs4u", "similarity": 0.6462}, {"filename": "6lca4i", "similarity": 0.6446}, {"filename": "83p7ov", "similarity": 0.6433}, {"filename": "7gt22g", "similarity": 0.642}, {"filename": "7nlq1z", "similarity": 0.64}, {"filename": "6ie00b", "similarity": 0.6397}, {"filename": "85jvhs", "similarity": 0.6394}]