[{"filename": "62qebj", "similarity": 1.0}, {"filename": "7uw4rk", "similarity": 0.7776}, {"filename": "6u9bh1", "similarity": 0.7711}, {"filename": "87kksm", "similarity": 0.7636}, {"filename": "6jsy9q", "similarity": 0.763}, {"filename": "6axb43", "similarity": 0.7595}, {"filename": "636ufe", "similarity": 0.7581}, {"filename": "77dcmc", "similarity": 0.7557}, {"filename": "7hce9u", "similarity": 0.7529}, {"filename": "7z7y2s", "similarity": 0.7525}, {"filename": "7cbh1v", "similarity": 0.7516}, {"filename": "7rilwk", "similarity": 0.7513}, {"filename": "7cptyb", "similarity": 0.7505}, {"filename": "7ber0v", "similarity": 0.7498}, {"filename": "6p5wbm", "similarity": 0.749}, {"filename": "777dq8", "similarity": 0.7489}, {"filename": "6dcsmi", "similarity": 0.7479}, {"filename": "6dej2e", "similarity": 0.7479}, {"filename": "7vbgih", "similarity": 0.7478}, {"filename": "6zg6pr", "similarity": 0.7452}, {"filename": "6rtc5m", "similarity": 0.7451}, {"filename": "6z4tfz", "similarity": 0.7449}, {"filename": "6xtm2u", "similarity": 0.7436}, {"filename": "7i10gv", "similarity": 0.7433}, {"filename": "78v78c", "similarity": 0.7424}, {"filename": "6tf4id", "similarity": 0.7422}, {"filename": "6tfkzr", "similarity": 0.7422}, {"filename": "7roc9a", "similarity": 0.7419}, {"filename": "7xc7ro", "similarity": 0.7418}, {"filename": "7mvaxw", "similarity": 0.7415}]