[{"filename": "62r235", "similarity": 1.0}, {"filename": "6j9pi4", "similarity": 0.8337}, {"filename": "7fzk5p", "similarity": 0.8317}, {"filename": "88ha85", "similarity": 0.8312}, {"filename": "7yvhnn", "similarity": 0.8267}, {"filename": "701ec1", "similarity": 0.8235}, {"filename": "7lxm6a", "similarity": 0.822}, {"filename": "63d1n0", "similarity": 0.8198}, {"filename": "7xxv3g", "similarity": 0.8195}, {"filename": "74oi6k", "similarity": 0.8178}, {"filename": "86k7d8", "similarity": 0.816}, {"filename": "845gft", "similarity": 0.8157}, {"filename": "6nwzsl", "similarity": 0.8146}, {"filename": "65utsz", "similarity": 0.8144}, {"filename": "7fcsdj", "similarity": 0.814}, {"filename": "5jlwgs", "similarity": 0.8137}, {"filename": "7ljjyu", "similarity": 0.8127}, {"filename": "880mkn", "similarity": 0.8117}, {"filename": "6d52ri", "similarity": 0.8116}, {"filename": "7xbob9", "similarity": 0.8086}, {"filename": "5wik1c", "similarity": 0.8082}, {"filename": "7jembg", "similarity": 0.8073}, {"filename": "625203", "similarity": 0.8072}, {"filename": "7zxjo1", "similarity": 0.806}, {"filename": "7fs1gt", "similarity": 0.8058}, {"filename": "7r0rgu", "similarity": 0.8056}, {"filename": "83j56y", "similarity": 0.8051}, {"filename": "8bqnpi", "similarity": 0.8044}, {"filename": "8bfn44", "similarity": 0.8039}, {"filename": "7clriw", "similarity": 0.8038}]