[{"filename": "62s484", "similarity": 1.0}, {"filename": "6zekf3", "similarity": 0.8732}, {"filename": "7zhi8k", "similarity": 0.7497}, {"filename": "80g2gk", "similarity": 0.7439}, {"filename": "7tzxbu", "similarity": 0.7365}, {"filename": "6t8d97", "similarity": 0.7361}, {"filename": "7teiru", "similarity": 0.7346}, {"filename": "6697tp", "similarity": 0.7333}, {"filename": "87bui9", "similarity": 0.7307}, {"filename": "7wsmdd", "similarity": 0.7287}, {"filename": "74n3el", "similarity": 0.7282}, {"filename": "8ajt81", "similarity": 0.7264}, {"filename": "7f16s9", "similarity": 0.7243}, {"filename": "6ss9a5", "similarity": 0.7205}, {"filename": "87ulnx", "similarity": 0.7204}, {"filename": "8b1pgt", "similarity": 0.7203}, {"filename": "6dtouw", "similarity": 0.7202}, {"filename": "7xy43u", "similarity": 0.719}, {"filename": "7u24es", "similarity": 0.7185}, {"filename": "610uyg", "similarity": 0.7181}, {"filename": "74k64t", "similarity": 0.7181}, {"filename": "7lk4y3", "similarity": 0.7174}, {"filename": "7bv17w", "similarity": 0.7166}, {"filename": "777dq8", "similarity": 0.7164}, {"filename": "7p2xby", "similarity": 0.7163}, {"filename": "7ia8ck", "similarity": 0.7151}, {"filename": "6ohxty", "similarity": 0.7145}, {"filename": "872w7m", "similarity": 0.7145}, {"filename": "5ts0u0", "similarity": 0.7143}, {"filename": "74uj30", "similarity": 0.7141}]