[{"filename": "62sqm9", "similarity": 1.0}, {"filename": "77zsna", "similarity": 0.776}, {"filename": "7uwxmc", "similarity": 0.7756}, {"filename": "7vsye0", "similarity": 0.7702}, {"filename": "82thtd", "similarity": 0.77}, {"filename": "86a9rb", "similarity": 0.7687}, {"filename": "75pd9h", "similarity": 0.7639}, {"filename": "5en86y", "similarity": 0.7604}, {"filename": "56h87o", "similarity": 0.7592}, {"filename": "82x7fx", "similarity": 0.7591}, {"filename": "7wc6ix", "similarity": 0.7542}, {"filename": "6jlf3y", "similarity": 0.7505}, {"filename": "6ms6r0", "similarity": 0.7502}, {"filename": "7xiji5", "similarity": 0.7481}, {"filename": "88jf9g", "similarity": 0.748}, {"filename": "66gica", "similarity": 0.7476}, {"filename": "8bvet6", "similarity": 0.7457}, {"filename": "7t5vnh", "similarity": 0.7447}, {"filename": "6ggaih", "similarity": 0.7445}, {"filename": "5xvu22", "similarity": 0.7411}, {"filename": "7yuxeb", "similarity": 0.7407}, {"filename": "6y67ml", "similarity": 0.7345}, {"filename": "799ynr", "similarity": 0.734}, {"filename": "824e09", "similarity": 0.7273}, {"filename": "617lqz", "similarity": 0.727}, {"filename": "7by162", "similarity": 0.7261}, {"filename": "74gc2m", "similarity": 0.725}, {"filename": "85805u", "similarity": 0.7244}, {"filename": "7lll3r", "similarity": 0.722}, {"filename": "70oi62", "similarity": 0.7217}]