[{"filename": "62xfyd", "similarity": 1.0}, {"filename": "649ejf", "similarity": 0.8525}, {"filename": "5oi9ua", "similarity": 0.852}, {"filename": "85x4se", "similarity": 0.8331}, {"filename": "7ytmr6", "similarity": 0.8153}, {"filename": "71qpl2", "similarity": 0.8135}, {"filename": "6ok7mv", "similarity": 0.8078}, {"filename": "5waw8f", "similarity": 0.8063}, {"filename": "7o6dzg", "similarity": 0.8035}, {"filename": "61a889", "similarity": 0.8023}, {"filename": "6vkhe3", "similarity": 0.8018}, {"filename": "5yl3ig", "similarity": 0.7992}, {"filename": "82gpmu", "similarity": 0.7981}, {"filename": "822835", "similarity": 0.7975}, {"filename": "5xlmey", "similarity": 0.7971}, {"filename": "7jpzfc", "similarity": 0.7941}, {"filename": "80qdkj", "similarity": 0.7917}, {"filename": "7ilxxh", "similarity": 0.7915}, {"filename": "78gun7", "similarity": 0.7915}, {"filename": "81g42s", "similarity": 0.7886}, {"filename": "84y4hd", "similarity": 0.7833}, {"filename": "6j8mcb", "similarity": 0.7825}, {"filename": "6p3mye", "similarity": 0.78}, {"filename": "5c0v6z", "similarity": 0.7794}, {"filename": "7ber0v", "similarity": 0.7788}, {"filename": "80q5kn", "similarity": 0.7775}, {"filename": "72ilwd", "similarity": 0.7755}, {"filename": "6gdyy6", "similarity": 0.7746}, {"filename": "7zo3g7", "similarity": 0.7742}, {"filename": "5x7lxv", "similarity": 0.7725}]