[{"filename": "636s4m", "similarity": 1.0}, {"filename": "79581u", "similarity": 0.7805}, {"filename": "6x23n6", "similarity": 0.7606}, {"filename": "8c0hms", "similarity": 0.7562}, {"filename": "8070t1", "similarity": 0.7555}, {"filename": "7mefns", "similarity": 0.7542}, {"filename": "7v8n73", "similarity": 0.7507}, {"filename": "83ekls", "similarity": 0.748}, {"filename": "7v765s", "similarity": 0.7468}, {"filename": "7b8ec6", "similarity": 0.7463}, {"filename": "7aykwe", "similarity": 0.7458}, {"filename": "7q7qxv", "similarity": 0.7437}, {"filename": "5zdcxz", "similarity": 0.7431}, {"filename": "82o73g", "similarity": 0.7411}, {"filename": "7yaxav", "similarity": 0.7398}, {"filename": "86zwky", "similarity": 0.7362}, {"filename": "7cuicc", "similarity": 0.7359}, {"filename": "7k9fr0", "similarity": 0.7359}, {"filename": "7kkyh7", "similarity": 0.7341}, {"filename": "7pui3d", "similarity": 0.7324}, {"filename": "72k64m", "similarity": 0.7312}, {"filename": "7zxxkq", "similarity": 0.7307}, {"filename": "7eqpoq", "similarity": 0.7306}, {"filename": "7x0kju", "similarity": 0.728}, {"filename": "5mhmjs", "similarity": 0.7271}, {"filename": "5mjv7o", "similarity": 0.7271}, {"filename": "6isox5", "similarity": 0.7266}, {"filename": "83c20w", "similarity": 0.7257}, {"filename": "7gzgbv", "similarity": 0.7255}, {"filename": "7vv93y", "similarity": 0.725}]