[{"filename": "636ufe", "similarity": 1.0}, {"filename": "6kq4ct", "similarity": 0.8353}, {"filename": "6ml1a6", "similarity": 0.8251}, {"filename": "5qguxu", "similarity": 0.8239}, {"filename": "7uw4rk", "similarity": 0.8234}, {"filename": "7ber0v", "similarity": 0.8234}, {"filename": "6lydhn", "similarity": 0.823}, {"filename": "7ukwg1", "similarity": 0.8225}, {"filename": "6xtm2u", "similarity": 0.8224}, {"filename": "79dda4", "similarity": 0.8217}, {"filename": "5x7lxv", "similarity": 0.8215}, {"filename": "81cgxo", "similarity": 0.8191}, {"filename": "751g7p", "similarity": 0.8172}, {"filename": "7z6hsi", "similarity": 0.8169}, {"filename": "744o0r", "similarity": 0.8144}, {"filename": "6ic2ro", "similarity": 0.8131}, {"filename": "861fhz", "similarity": 0.8126}, {"filename": "846dgt", "similarity": 0.8108}, {"filename": "6oe37l", "similarity": 0.8108}, {"filename": "88f6ci", "similarity": 0.8106}, {"filename": "822zm2", "similarity": 0.8094}, {"filename": "74n6q8", "similarity": 0.8079}, {"filename": "7zzpep", "similarity": 0.8062}, {"filename": "6rxz8n", "similarity": 0.806}, {"filename": "85carr", "similarity": 0.8059}, {"filename": "7y8x85", "similarity": 0.8036}, {"filename": "7mvaxw", "similarity": 0.803}, {"filename": "678jwd", "similarity": 0.8029}, {"filename": "5szv0l", "similarity": 0.8029}, {"filename": "87kksm", "similarity": 0.8023}]