[{"filename": "636zxe", "similarity": 1.0}, {"filename": "621plf", "similarity": 0.8345}, {"filename": "6fqkkg", "similarity": 0.8192}, {"filename": "8a0ppz", "similarity": 0.8176}, {"filename": "6a3b74", "similarity": 0.8134}, {"filename": "7nuogh", "similarity": 0.8103}, {"filename": "8bjae3", "similarity": 0.8069}, {"filename": "7yd50c", "similarity": 0.804}, {"filename": "7ibwz7", "similarity": 0.7962}, {"filename": "86qzd9", "similarity": 0.7861}, {"filename": "7pp195", "similarity": 0.7847}, {"filename": "56qdez", "similarity": 0.7838}, {"filename": "5mwqbb", "similarity": 0.7728}, {"filename": "6apqws", "similarity": 0.7712}, {"filename": "6prl7d", "similarity": 0.7711}, {"filename": "7ivcuz", "similarity": 0.766}, {"filename": "79140k", "similarity": 0.7634}, {"filename": "6m6ijv", "similarity": 0.7628}, {"filename": "71pwjj", "similarity": 0.7612}, {"filename": "64pf0c", "similarity": 0.761}, {"filename": "5vip7r", "similarity": 0.7608}, {"filename": "7hqv1z", "similarity": 0.7596}, {"filename": "88fpmv", "similarity": 0.7574}, {"filename": "83el8n", "similarity": 0.7573}, {"filename": "82lt3r", "similarity": 0.7559}, {"filename": "696yfo", "similarity": 0.755}, {"filename": "88rflu", "similarity": 0.7525}, {"filename": "81uqyz", "similarity": 0.7522}, {"filename": "6r45yj", "similarity": 0.7519}, {"filename": "6qtqaj", "similarity": 0.749}]