[{"filename": "63d1n0", "similarity": 1.0}, {"filename": "701ec1", "similarity": 0.9914}, {"filename": "880mkn", "similarity": 0.9167}, {"filename": "7v7iwe", "similarity": 0.8959}, {"filename": "6wboov", "similarity": 0.8954}, {"filename": "6kus6b", "similarity": 0.8868}, {"filename": "5jlwgs", "similarity": 0.8863}, {"filename": "88ha85", "similarity": 0.8805}, {"filename": "7xbob9", "similarity": 0.8788}, {"filename": "8bqnpi", "similarity": 0.8787}, {"filename": "6j9pi4", "similarity": 0.8783}, {"filename": "7v41jx", "similarity": 0.8782}, {"filename": "845gft", "similarity": 0.8708}, {"filename": "80suna", "similarity": 0.8702}, {"filename": "7ds19z", "similarity": 0.8665}, {"filename": "7zxjo1", "similarity": 0.8641}, {"filename": "74oi6k", "similarity": 0.8635}, {"filename": "6uotwz", "similarity": 0.8609}, {"filename": "7qbcqw", "similarity": 0.859}, {"filename": "6d52ri", "similarity": 0.859}, {"filename": "7v6p4f", "similarity": 0.8589}, {"filename": "4c12i4", "similarity": 0.8585}, {"filename": "7rwp97", "similarity": 0.856}, {"filename": "7qz0zf", "similarity": 0.8553}, {"filename": "7tp55f", "similarity": 0.8541}, {"filename": "7uzqxc", "similarity": 0.854}, {"filename": "7xxv3g", "similarity": 0.852}, {"filename": "6x626v", "similarity": 0.8519}, {"filename": "7yqjpv", "similarity": 0.8513}, {"filename": "7aee7l", "similarity": 0.8512}]