[{"filename": "63doy2", "similarity": 1.0}, {"filename": "7xxs1t", "similarity": 0.7821}, {"filename": "799vyr", "similarity": 0.7687}, {"filename": "80gc00", "similarity": 0.7682}, {"filename": "64x971", "similarity": 0.7638}, {"filename": "6qz3u0", "similarity": 0.7631}, {"filename": "75pd9h", "similarity": 0.7597}, {"filename": "681sxi", "similarity": 0.7565}, {"filename": "85805u", "similarity": 0.7514}, {"filename": "7zi4p8", "similarity": 0.7477}, {"filename": "706pop", "similarity": 0.7461}, {"filename": "8bvet6", "similarity": 0.7436}, {"filename": "7kjhc5", "similarity": 0.742}, {"filename": "74u3dj", "similarity": 0.7414}, {"filename": "7jk01u", "similarity": 0.741}, {"filename": "7b1uzr", "similarity": 0.7407}, {"filename": "871ith", "similarity": 0.7403}, {"filename": "7xc8om", "similarity": 0.7392}, {"filename": "6f1n9w", "similarity": 0.7386}, {"filename": "7n0roh", "similarity": 0.7384}, {"filename": "751g7p", "similarity": 0.7383}, {"filename": "5oi9ua", "similarity": 0.7383}, {"filename": "73oeac", "similarity": 0.7382}, {"filename": "7m3ou9", "similarity": 0.7379}, {"filename": "80vtqz", "similarity": 0.7359}, {"filename": "813u7o", "similarity": 0.7353}, {"filename": "6m0uwa", "similarity": 0.7352}, {"filename": "6wy4j9", "similarity": 0.7351}, {"filename": "7wdi8n", "similarity": 0.7335}, {"filename": "6kq4ct", "similarity": 0.7327}]