[{"filename": "63e0tl", "similarity": 1.0}, {"filename": "5xzz65", "similarity": 0.7481}, {"filename": "7v0mj7", "similarity": 0.7002}, {"filename": "6dtouw", "similarity": 0.6808}, {"filename": "7hlqyv", "similarity": 0.6762}, {"filename": "5k32be", "similarity": 0.6715}, {"filename": "6y0hku", "similarity": 0.6664}, {"filename": "7vt5yg", "similarity": 0.6649}, {"filename": "7x88fk", "similarity": 0.6646}, {"filename": "34fi1c", "similarity": 0.6644}, {"filename": "6yesy7", "similarity": 0.6634}, {"filename": "82928s", "similarity": 0.6607}, {"filename": "5etltn", "similarity": 0.6579}, {"filename": "5zwgmm", "similarity": 0.6557}, {"filename": "7qjbn8", "similarity": 0.6543}, {"filename": "6zk93p", "similarity": 0.6537}, {"filename": "7rhnd1", "similarity": 0.6533}, {"filename": "7utqot", "similarity": 0.6526}, {"filename": "77zd6d", "similarity": 0.6523}, {"filename": "63qpp0", "similarity": 0.652}, {"filename": "67nxwc", "similarity": 0.6515}, {"filename": "85kqsu", "similarity": 0.6508}, {"filename": "7844po", "similarity": 0.6508}, {"filename": "6cfms2", "similarity": 0.6499}, {"filename": "6xslte", "similarity": 0.6495}, {"filename": "7x6sb2", "similarity": 0.6492}, {"filename": "6ltb44", "similarity": 0.6488}, {"filename": "81rej8", "similarity": 0.6481}, {"filename": "5nlru8", "similarity": 0.6477}, {"filename": "85omnh", "similarity": 0.6467}]