[{"filename": "63e94t", "similarity": 1.0}, {"filename": "63hr7f", "similarity": 0.9692}, {"filename": "7r8r08", "similarity": 0.8619}, {"filename": "6kei76", "similarity": 0.8614}, {"filename": "81cfzm", "similarity": 0.8547}, {"filename": "65spo9", "similarity": 0.8521}, {"filename": "7ksoks", "similarity": 0.8456}, {"filename": "7io1hk", "similarity": 0.8404}, {"filename": "7uphc0", "similarity": 0.8385}, {"filename": "7r6fwd", "similarity": 0.8383}, {"filename": "7b8ec6", "similarity": 0.8297}, {"filename": "6fywgb", "similarity": 0.8278}, {"filename": "6b3pmb", "similarity": 0.8229}, {"filename": "88obdj", "similarity": 0.8224}, {"filename": "6ya7q0", "similarity": 0.8218}, {"filename": "7mkihv", "similarity": 0.8193}, {"filename": "678jwd", "similarity": 0.8143}, {"filename": "6s4ukh", "similarity": 0.8119}, {"filename": "6elhmh", "similarity": 0.8112}, {"filename": "73jmgo", "similarity": 0.8092}, {"filename": "7hgq0j", "similarity": 0.8084}, {"filename": "7kkyh7", "similarity": 0.8077}, {"filename": "7zl28j", "similarity": 0.8062}, {"filename": "7x3j6b", "similarity": 0.8045}, {"filename": "6lmlsh", "similarity": 0.8042}, {"filename": "7i8x64", "similarity": 0.8037}, {"filename": "6p5wbm", "similarity": 0.8019}, {"filename": "82nc00", "similarity": 0.7998}, {"filename": "7imloe", "similarity": 0.7987}, {"filename": "81sqby", "similarity": 0.7977}]