[{"filename": "63fdis", "similarity": 1.0}, {"filename": "84msts", "similarity": 0.7987}, {"filename": "8ajt81", "similarity": 0.747}, {"filename": "7jt60o", "similarity": 0.7383}, {"filename": "7cid5a", "similarity": 0.7296}, {"filename": "6ll67v", "similarity": 0.7253}, {"filename": "7xy7z8", "similarity": 0.7238}, {"filename": "6g7079", "similarity": 0.7236}, {"filename": "7xvc6j", "similarity": 0.723}, {"filename": "74k64t", "similarity": 0.7194}, {"filename": "73jmgo", "similarity": 0.7183}, {"filename": "61beyg", "similarity": 0.7154}, {"filename": "8c6k50", "similarity": 0.714}, {"filename": "763jwv", "similarity": 0.7127}, {"filename": "6ymik2", "similarity": 0.7115}, {"filename": "7bllvq", "similarity": 0.7105}, {"filename": "85l8kv", "similarity": 0.7104}, {"filename": "7n2o6p", "similarity": 0.7104}, {"filename": "6wz6fm", "similarity": 0.7099}, {"filename": "6zet3p", "similarity": 0.7096}, {"filename": "73m2dn", "similarity": 0.7087}, {"filename": "838k8s", "similarity": 0.7083}, {"filename": "5btgto", "similarity": 0.708}, {"filename": "7h4t8r", "similarity": 0.708}, {"filename": "777dq8", "similarity": 0.7074}, {"filename": "7wodlf", "similarity": 0.706}, {"filename": "7a36t6", "similarity": 0.7039}, {"filename": "60uded", "similarity": 0.7027}, {"filename": "6vl0mu", "similarity": 0.7022}, {"filename": "78so15", "similarity": 0.7008}]