[{"filename": "63hr7f", "similarity": 1.0}, {"filename": "63e94t", "similarity": 0.9692}, {"filename": "7r8r08", "similarity": 0.8701}, {"filename": "6kei76", "similarity": 0.8665}, {"filename": "7ksoks", "similarity": 0.8607}, {"filename": "7io1hk", "similarity": 0.8588}, {"filename": "81cfzm", "similarity": 0.8583}, {"filename": "7r6fwd", "similarity": 0.8523}, {"filename": "7uphc0", "similarity": 0.8498}, {"filename": "7hgq0j", "similarity": 0.844}, {"filename": "88obdj", "similarity": 0.836}, {"filename": "678jwd", "similarity": 0.8339}, {"filename": "65spo9", "similarity": 0.8332}, {"filename": "6ya7q0", "similarity": 0.8306}, {"filename": "6fywgb", "similarity": 0.8265}, {"filename": "7mkihv", "similarity": 0.8255}, {"filename": "6b3pmb", "similarity": 0.8241}, {"filename": "73jmgo", "similarity": 0.8226}, {"filename": "7imloe", "similarity": 0.8219}, {"filename": "6ofdt6", "similarity": 0.8209}, {"filename": "81sqby", "similarity": 0.8205}, {"filename": "7b8ec6", "similarity": 0.8162}, {"filename": "6lmlsh", "similarity": 0.8162}, {"filename": "7ztxmg", "similarity": 0.8118}, {"filename": "6bbvrv", "similarity": 0.8112}, {"filename": "7ljjyu", "similarity": 0.8108}, {"filename": "7rxxan", "similarity": 0.8064}, {"filename": "7vd50u", "similarity": 0.8059}, {"filename": "6y6m6o", "similarity": 0.8057}, {"filename": "82nc00", "similarity": 0.8053}]