[{"filename": "63k6mh", "similarity": 1.0}, {"filename": "6tvecu", "similarity": 0.9495}, {"filename": "7gt22g", "similarity": 0.7569}, {"filename": "6zk93p", "similarity": 0.7499}, {"filename": "7a831r", "similarity": 0.7485}, {"filename": "34fi1c", "similarity": 0.7479}, {"filename": "74t4md", "similarity": 0.7414}, {"filename": "7qfguq", "similarity": 0.7387}, {"filename": "57fz1k", "similarity": 0.7384}, {"filename": "7wnz50", "similarity": 0.7375}, {"filename": "7vmuz7", "similarity": 0.7373}, {"filename": "7jbryf", "similarity": 0.7366}, {"filename": "6if78k", "similarity": 0.7353}, {"filename": "7yyyje", "similarity": 0.7344}, {"filename": "8545a0", "similarity": 0.7343}, {"filename": "89swch", "similarity": 0.7341}, {"filename": "7y2t5y", "similarity": 0.7335}, {"filename": "6ci259", "similarity": 0.7321}, {"filename": "8as66c", "similarity": 0.7321}, {"filename": "6l6jbv", "similarity": 0.7318}, {"filename": "7pbhh9", "similarity": 0.7302}, {"filename": "845o5g", "similarity": 0.7302}, {"filename": "85ljmi", "similarity": 0.7301}, {"filename": "871ith", "similarity": 0.7291}, {"filename": "82xmua", "similarity": 0.7283}, {"filename": "7a326f", "similarity": 0.7279}, {"filename": "87e4p0", "similarity": 0.7276}, {"filename": "7300vx", "similarity": 0.725}, {"filename": "653bdt", "similarity": 0.7248}, {"filename": "83p7ov", "similarity": 0.7241}]