[{"filename": "63ko9o", "similarity": 1.0}, {"filename": "813u7o", "similarity": 0.7638}, {"filename": "76m13w", "similarity": 0.7578}, {"filename": "7rhnd1", "similarity": 0.7567}, {"filename": "681sxi", "similarity": 0.7532}, {"filename": "8545a0", "similarity": 0.7531}, {"filename": "68me7o", "similarity": 0.7528}, {"filename": "7zk2o5", "similarity": 0.7519}, {"filename": "799vyr", "similarity": 0.7505}, {"filename": "89jhg9", "similarity": 0.7451}, {"filename": "85ksdy", "similarity": 0.7439}, {"filename": "6nnb08", "similarity": 0.7426}, {"filename": "74oqfs", "similarity": 0.7381}, {"filename": "6vyd0q", "similarity": 0.7373}, {"filename": "7buz0j", "similarity": 0.7362}, {"filename": "7mqf0a", "similarity": 0.7361}, {"filename": "7akjya", "similarity": 0.7352}, {"filename": "82x7fx", "similarity": 0.7337}, {"filename": "644p29", "similarity": 0.7333}, {"filename": "737x1q", "similarity": 0.7308}, {"filename": "7uryha", "similarity": 0.7305}, {"filename": "70dbd2", "similarity": 0.7295}, {"filename": "7wyl25", "similarity": 0.7282}, {"filename": "7t75fl", "similarity": 0.7272}, {"filename": "64j9j3", "similarity": 0.7267}, {"filename": "7e9j57", "similarity": 0.7261}, {"filename": "73mbq6", "similarity": 0.7248}, {"filename": "8315w5", "similarity": 0.7248}, {"filename": "74muva", "similarity": 0.7247}, {"filename": "7tqedo", "similarity": 0.7241}]