[{"filename": "63lg42", "similarity": 1.0}, {"filename": "6mdhpg", "similarity": 0.7275}, {"filename": "6g7079", "similarity": 0.7243}, {"filename": "70u2w1", "similarity": 0.7079}, {"filename": "79g2lm", "similarity": 0.7031}, {"filename": "87ulnx", "similarity": 0.6906}, {"filename": "74eutg", "similarity": 0.689}, {"filename": "80vncl", "similarity": 0.6888}, {"filename": "7v8azb", "similarity": 0.6868}, {"filename": "81w9vk", "similarity": 0.6811}, {"filename": "6m5k0o", "similarity": 0.6801}, {"filename": "7y0uz4", "similarity": 0.6798}, {"filename": "7jzk9y", "similarity": 0.6777}, {"filename": "6ljzir", "similarity": 0.6765}, {"filename": "60uded", "similarity": 0.6748}, {"filename": "763jwv", "similarity": 0.6725}, {"filename": "7ajlug", "similarity": 0.6719}, {"filename": "8az3tp", "similarity": 0.6707}, {"filename": "80nma3", "similarity": 0.6704}, {"filename": "852pfn", "similarity": 0.67}, {"filename": "7jb6ra", "similarity": 0.6698}, {"filename": "7jj5s0", "similarity": 0.6694}, {"filename": "6q2pbf", "similarity": 0.6684}, {"filename": "6ohxty", "similarity": 0.6678}, {"filename": "872w7m", "similarity": 0.6678}, {"filename": "74sbot", "similarity": 0.6676}, {"filename": "85rdbi", "similarity": 0.6674}, {"filename": "85o7z6", "similarity": 0.6671}, {"filename": "70dbd2", "similarity": 0.6669}, {"filename": "7pbhh9", "similarity": 0.6654}]