[{"filename": "63nedn", "similarity": 1.0}, {"filename": "7hwup6", "similarity": 0.8444}, {"filename": "8970ol", "similarity": 0.8169}, {"filename": "77zi1c", "similarity": 0.8161}, {"filename": "7h2egc", "similarity": 0.7974}, {"filename": "77cu2p", "similarity": 0.7967}, {"filename": "7k1yon", "similarity": 0.7942}, {"filename": "8bfhyy", "similarity": 0.7869}, {"filename": "6ywan1", "similarity": 0.7847}, {"filename": "7uqq3i", "similarity": 0.78}, {"filename": "85je13", "similarity": 0.7782}, {"filename": "7xr1gm", "similarity": 0.7782}, {"filename": "7ojqjm", "similarity": 0.7762}, {"filename": "7sht0r", "similarity": 0.7729}, {"filename": "71nlyp", "similarity": 0.7688}, {"filename": "5y977j", "similarity": 0.7659}, {"filename": "5zitbt", "similarity": 0.7626}, {"filename": "6b4khu", "similarity": 0.7622}, {"filename": "80nl7s", "similarity": 0.7597}, {"filename": "6vkhe3", "similarity": 0.7578}, {"filename": "83p8gj", "similarity": 0.7525}, {"filename": "7m4y65", "similarity": 0.7474}, {"filename": "8c3oy0", "similarity": 0.7465}, {"filename": "6j8mcb", "similarity": 0.7439}, {"filename": "7d8wwt", "similarity": 0.7433}, {"filename": "7c6x9d", "similarity": 0.7421}, {"filename": "6cnxlz", "similarity": 0.7409}, {"filename": "8b6q2h", "similarity": 0.7393}, {"filename": "859ryk", "similarity": 0.7365}, {"filename": "7zm6u8", "similarity": 0.7355}]