[{"filename": "63qpp0", "similarity": 1.0}, {"filename": "7rhnd1", "similarity": 0.7528}, {"filename": "7u02wz", "similarity": 0.7462}, {"filename": "6lca4i", "similarity": 0.7425}, {"filename": "7wsm6s", "similarity": 0.7351}, {"filename": "7zk2o5", "similarity": 0.7341}, {"filename": "6wbw3w", "similarity": 0.7331}, {"filename": "7x6sb2", "similarity": 0.7293}, {"filename": "7uhliv", "similarity": 0.729}, {"filename": "7maghw", "similarity": 0.7287}, {"filename": "6hgevb", "similarity": 0.7279}, {"filename": "85kqsu", "similarity": 0.7277}, {"filename": "7a831r", "similarity": 0.7275}, {"filename": "34fi1c", "similarity": 0.7272}, {"filename": "7ve2pk", "similarity": 0.7271}, {"filename": "6dn5rj", "similarity": 0.7264}, {"filename": "8as66c", "similarity": 0.7253}, {"filename": "85omnh", "similarity": 0.7247}, {"filename": "8545a0", "similarity": 0.7241}, {"filename": "6nh3he", "similarity": 0.7238}, {"filename": "78pgze", "similarity": 0.7219}, {"filename": "64pzpi", "similarity": 0.7211}, {"filename": "73cufe", "similarity": 0.721}, {"filename": "63k6mh", "similarity": 0.7199}, {"filename": "7pbhh9", "similarity": 0.7191}, {"filename": "6tvecu", "similarity": 0.719}, {"filename": "70go50", "similarity": 0.7189}, {"filename": "7eh5w0", "similarity": 0.7189}, {"filename": "7i9499", "similarity": 0.7187}, {"filename": "68me7o", "similarity": 0.7179}]