[{"filename": "63qxz4", "similarity": 1.0}, {"filename": "8a4jv7", "similarity": 0.8345}, {"filename": "6t8hxx", "similarity": 0.7934}, {"filename": "736f87", "similarity": 0.7903}, {"filename": "7j5bcc", "similarity": 0.7871}, {"filename": "7t6xqh", "similarity": 0.7783}, {"filename": "6rlp0c", "similarity": 0.7777}, {"filename": "6p3mye", "similarity": 0.7756}, {"filename": "89uh7j", "similarity": 0.7685}, {"filename": "6nmy28", "similarity": 0.7604}, {"filename": "6m1myx", "similarity": 0.7576}, {"filename": "6gdyy6", "similarity": 0.7575}, {"filename": "8c30hr", "similarity": 0.7571}, {"filename": "7aa1mf", "similarity": 0.757}, {"filename": "7iuczt", "similarity": 0.756}, {"filename": "86q5nw", "similarity": 0.7526}, {"filename": "6o854h", "similarity": 0.7482}, {"filename": "69c3jn", "similarity": 0.7482}, {"filename": "8a2nwz", "similarity": 0.7469}, {"filename": "71de5f", "similarity": 0.7455}, {"filename": "71nlyp", "similarity": 0.7423}, {"filename": "5zitbt", "similarity": 0.742}, {"filename": "5y1bvy", "similarity": 0.7413}, {"filename": "77t3l8", "similarity": 0.74}, {"filename": "87iewf", "similarity": 0.74}, {"filename": "7pwlu5", "similarity": 0.7394}, {"filename": "84fncd", "similarity": 0.739}, {"filename": "7o58ke", "similarity": 0.7373}, {"filename": "70r8o8", "similarity": 0.7369}, {"filename": "88avgn", "similarity": 0.734}]