[{"filename": "63rabg", "similarity": 1.0}, {"filename": "89hp2e", "similarity": 0.8336}, {"filename": "76c7tg", "similarity": 0.7782}, {"filename": "5tsg7a", "similarity": 0.7362}, {"filename": "71xtda", "similarity": 0.7273}, {"filename": "8bfhdc", "similarity": 0.7244}, {"filename": "7hpv6n", "similarity": 0.7197}, {"filename": "7ytmr6", "similarity": 0.7156}, {"filename": "7jrau9", "similarity": 0.7133}, {"filename": "86ftdk", "similarity": 0.7096}, {"filename": "6uw4h3", "similarity": 0.7074}, {"filename": "7aa1mf", "similarity": 0.7072}, {"filename": "5s0jin", "similarity": 0.7068}, {"filename": "7vp1nc", "similarity": 0.7018}, {"filename": "71nusf", "similarity": 0.7015}, {"filename": "8a0t3u", "similarity": 0.7005}, {"filename": "87e4p0", "similarity": 0.7005}, {"filename": "74muva", "similarity": 0.7003}, {"filename": "75l8k4", "similarity": 0.6999}, {"filename": "721nk7", "similarity": 0.6996}, {"filename": "7v7kq5", "similarity": 0.6992}, {"filename": "5rn537", "similarity": 0.699}, {"filename": "7m3ou9", "similarity": 0.6976}, {"filename": "7g18cy", "similarity": 0.6974}, {"filename": "7zo3g7", "similarity": 0.6972}, {"filename": "7nqmqn", "similarity": 0.6967}, {"filename": "649ejf", "similarity": 0.6957}, {"filename": "6zk93p", "similarity": 0.6953}, {"filename": "75bxvi", "similarity": 0.6951}, {"filename": "74uj30", "similarity": 0.6941}]