[{"filename": "63vkec", "similarity": 1.0}, {"filename": "7n83ln", "similarity": 0.6942}, {"filename": "7yogqq", "similarity": 0.6788}, {"filename": "6z9rhr", "similarity": 0.674}, {"filename": "7hxpge", "similarity": 0.6695}, {"filename": "5yt12v", "similarity": 0.6667}, {"filename": "7uieq2", "similarity": 0.6658}, {"filename": "7bkx79", "similarity": 0.6656}, {"filename": "864g97", "similarity": 0.6644}, {"filename": "64wync", "similarity": 0.6621}, {"filename": "7p02i4", "similarity": 0.6597}, {"filename": "7p5r3i", "similarity": 0.6559}, {"filename": "8bwsj2", "similarity": 0.6545}, {"filename": "6gisvm", "similarity": 0.6532}, {"filename": "5nlru8", "similarity": 0.6522}, {"filename": "84bclj", "similarity": 0.652}, {"filename": "6y0hku", "similarity": 0.6512}, {"filename": "870c47", "similarity": 0.6507}, {"filename": "83p7ov", "similarity": 0.6501}, {"filename": "86dthn", "similarity": 0.6501}, {"filename": "82tz11", "similarity": 0.6495}, {"filename": "777ts1", "similarity": 0.649}, {"filename": "6abve7", "similarity": 0.6483}, {"filename": "7z4vhl", "similarity": 0.6483}, {"filename": "76802b", "similarity": 0.6481}, {"filename": "7ymtgl", "similarity": 0.6471}, {"filename": "64pzpi", "similarity": 0.6466}, {"filename": "5xf809", "similarity": 0.6465}, {"filename": "7haijt", "similarity": 0.6448}, {"filename": "6dfmm4", "similarity": 0.6447}]