[{"filename": "63xbhs", "similarity": 1.0}, {"filename": "62gv9z", "similarity": 0.7478}, {"filename": "7b5973", "similarity": 0.7308}, {"filename": "7jl045", "similarity": 0.7226}, {"filename": "5x6660", "similarity": 0.7165}, {"filename": "7timyg", "similarity": 0.7059}, {"filename": "7uieq2", "similarity": 0.7007}, {"filename": "74xhev", "similarity": 0.6994}, {"filename": "6prl7d", "similarity": 0.6973}, {"filename": "7zn10d", "similarity": 0.6892}, {"filename": "82tz11", "similarity": 0.689}, {"filename": "5bnbyl", "similarity": 0.6878}, {"filename": "787v5p", "similarity": 0.686}, {"filename": "80zngm", "similarity": 0.6843}, {"filename": "6s67yv", "similarity": 0.684}, {"filename": "84bclj", "similarity": 0.6803}, {"filename": "7m1ec3", "similarity": 0.6793}, {"filename": "73tzpe", "similarity": 0.6786}, {"filename": "7che49", "similarity": 0.6778}, {"filename": "6b8643", "similarity": 0.6768}, {"filename": "6a8rj1", "similarity": 0.6768}, {"filename": "6m4on7", "similarity": 0.6761}, {"filename": "79ug79", "similarity": 0.6725}, {"filename": "8ag558", "similarity": 0.6703}, {"filename": "6f6rdl", "similarity": 0.6699}, {"filename": "88dca0", "similarity": 0.6694}, {"filename": "7ulthr", "similarity": 0.667}, {"filename": "871ith", "similarity": 0.6667}, {"filename": "80m4yj", "similarity": 0.6665}, {"filename": "7msepc", "similarity": 0.6653}]