[{"filename": "63y8xp", "similarity": 1.0}, {"filename": "8bnhu4", "similarity": 0.7625}, {"filename": "5rn537", "similarity": 0.7594}, {"filename": "7sht0r", "similarity": 0.7554}, {"filename": "5cvoe1", "similarity": 0.7545}, {"filename": "78586f", "similarity": 0.7473}, {"filename": "8bhizo", "similarity": 0.7464}, {"filename": "83tato", "similarity": 0.744}, {"filename": "8c3oy0", "similarity": 0.7426}, {"filename": "7saixk", "similarity": 0.7377}, {"filename": "6ywan1", "similarity": 0.7355}, {"filename": "7erm8n", "similarity": 0.735}, {"filename": "89jhg9", "similarity": 0.732}, {"filename": "7ls5if", "similarity": 0.7303}, {"filename": "6zk93p", "similarity": 0.73}, {"filename": "7k66ah", "similarity": 0.7264}, {"filename": "6i535n", "similarity": 0.7264}, {"filename": "860mv0", "similarity": 0.7259}, {"filename": "7cgigc", "similarity": 0.724}, {"filename": "7ksk62", "similarity": 0.7235}, {"filename": "7bllvq", "similarity": 0.7234}, {"filename": "7c6x9d", "similarity": 0.723}, {"filename": "6axb43", "similarity": 0.7226}, {"filename": "8bfhyy", "similarity": 0.7205}, {"filename": "70vs05", "similarity": 0.7204}, {"filename": "879n66", "similarity": 0.72}, {"filename": "6x8f2e", "similarity": 0.72}, {"filename": "7ojqjm", "similarity": 0.7192}, {"filename": "73dseo", "similarity": 0.7183}, {"filename": "7qnqxc", "similarity": 0.7179}]