[{"filename": "642grw", "similarity": 1.0}, {"filename": "79ro8y", "similarity": 0.7873}, {"filename": "7z6hsi", "similarity": 0.7784}, {"filename": "822zm2", "similarity": 0.7671}, {"filename": "6bv1z3", "similarity": 0.7653}, {"filename": "74n3el", "similarity": 0.7639}, {"filename": "6u9bh1", "similarity": 0.7631}, {"filename": "7ia8ck", "similarity": 0.7607}, {"filename": "7uw4rk", "similarity": 0.7603}, {"filename": "6dcsmi", "similarity": 0.7586}, {"filename": "6dej2e", "similarity": 0.7586}, {"filename": "79msix", "similarity": 0.7575}, {"filename": "88e54b", "similarity": 0.7545}, {"filename": "6fc28u", "similarity": 0.7536}, {"filename": "798vdy", "similarity": 0.7532}, {"filename": "77g9al", "similarity": 0.7487}, {"filename": "7ncmkx", "similarity": 0.7485}, {"filename": "84yba5", "similarity": 0.7472}, {"filename": "7uphc0", "similarity": 0.7466}, {"filename": "6p5wbm", "similarity": 0.7458}, {"filename": "678jwd", "similarity": 0.7458}, {"filename": "8afl1a", "similarity": 0.7453}, {"filename": "83p7yy", "similarity": 0.7444}, {"filename": "7uq2ac", "similarity": 0.7441}, {"filename": "69cvux", "similarity": 0.744}, {"filename": "87kksm", "similarity": 0.7435}, {"filename": "7vbgih", "similarity": 0.7434}, {"filename": "744o0r", "similarity": 0.7431}, {"filename": "7cptyb", "similarity": 0.7426}, {"filename": "7vys0s", "similarity": 0.7417}]