[{"filename": "6443jo", "similarity": 1.0}, {"filename": "7mgslw", "similarity": 0.894}, {"filename": "888odi", "similarity": 0.8928}, {"filename": "6pbrwn", "similarity": 0.8891}, {"filename": "80yxbc", "similarity": 0.8864}, {"filename": "6wvp3n", "similarity": 0.886}, {"filename": "6mxs5h", "similarity": 0.8768}, {"filename": "6qb7el", "similarity": 0.8712}, {"filename": "87ws66", "similarity": 0.868}, {"filename": "72f8l9", "similarity": 0.867}, {"filename": "6wlot2", "similarity": 0.8663}, {"filename": "7zwdgp", "similarity": 0.8614}, {"filename": "7xqv7g", "similarity": 0.8597}, {"filename": "602zf4", "similarity": 0.8576}, {"filename": "6pdpsq", "similarity": 0.8563}, {"filename": "6gv6iq", "similarity": 0.8554}, {"filename": "8c4i3b", "similarity": 0.8546}, {"filename": "8b74ih", "similarity": 0.8525}, {"filename": "7zeuql", "similarity": 0.8508}, {"filename": "6ym28s", "similarity": 0.8493}, {"filename": "5uekip", "similarity": 0.8492}, {"filename": "6z1fsd", "similarity": 0.8473}, {"filename": "6fuiba", "similarity": 0.844}, {"filename": "7wlb49", "similarity": 0.8384}, {"filename": "77efel", "similarity": 0.8375}, {"filename": "6iwsrt", "similarity": 0.8319}, {"filename": "6c3hgz", "similarity": 0.8313}, {"filename": "7l7e3a", "similarity": 0.8305}, {"filename": "82w2py", "similarity": 0.8289}, {"filename": "688ow5", "similarity": 0.8248}]