[{"filename": "644p29", "similarity": 1.0}, {"filename": "70ts7w", "similarity": 0.7774}, {"filename": "71xtda", "similarity": 0.7722}, {"filename": "6axb43", "similarity": 0.7586}, {"filename": "681sxi", "similarity": 0.758}, {"filename": "7oi2bw", "similarity": 0.7573}, {"filename": "6wi37k", "similarity": 0.7569}, {"filename": "7qm4v2", "similarity": 0.7567}, {"filename": "6etmdv", "similarity": 0.7565}, {"filename": "8545a0", "similarity": 0.7551}, {"filename": "6te9fv", "similarity": 0.7529}, {"filename": "653bdt", "similarity": 0.7525}, {"filename": "6ci259", "similarity": 0.751}, {"filename": "7t75fl", "similarity": 0.75}, {"filename": "6m0uwa", "similarity": 0.7499}, {"filename": "71nusf", "similarity": 0.7496}, {"filename": "7rhnd1", "similarity": 0.7489}, {"filename": "6dyhpc", "similarity": 0.748}, {"filename": "6epvnq", "similarity": 0.7446}, {"filename": "7a326f", "similarity": 0.7443}, {"filename": "6vyd0q", "similarity": 0.7442}, {"filename": "813u7o", "similarity": 0.7436}, {"filename": "7oam47", "similarity": 0.7434}, {"filename": "7qjbn8", "similarity": 0.7431}, {"filename": "799vyr", "similarity": 0.742}, {"filename": "7uf1ct", "similarity": 0.7417}, {"filename": "6nnb08", "similarity": 0.7401}, {"filename": "86tspq", "similarity": 0.7383}, {"filename": "7eh5w0", "similarity": 0.7378}, {"filename": "73dseo", "similarity": 0.7376}]