[{"filename": "64767b", "similarity": 1.0}, {"filename": "6qgh3m", "similarity": 0.7699}, {"filename": "6tnp32", "similarity": 0.7597}, {"filename": "84z0kc", "similarity": 0.7444}, {"filename": "7b4968", "similarity": 0.7429}, {"filename": "70s4nk", "similarity": 0.7426}, {"filename": "6uw4h3", "similarity": 0.7414}, {"filename": "86189j", "similarity": 0.7402}, {"filename": "777dq8", "similarity": 0.74}, {"filename": "7l8d84", "similarity": 0.7356}, {"filename": "86x5jb", "similarity": 0.7352}, {"filename": "6x42j9", "similarity": 0.7332}, {"filename": "88obdj", "similarity": 0.7325}, {"filename": "7snc00", "similarity": 0.7304}, {"filename": "74k64t", "similarity": 0.7303}, {"filename": "5xzz65", "similarity": 0.7289}, {"filename": "7ia8ck", "similarity": 0.7283}, {"filename": "7o5ctm", "similarity": 0.7278}, {"filename": "7bv17w", "similarity": 0.7275}, {"filename": "5yy9nw", "similarity": 0.7267}, {"filename": "5ts0u0", "similarity": 0.7267}, {"filename": "735p0m", "similarity": 0.7246}, {"filename": "6ymik2", "similarity": 0.7241}, {"filename": "6knenp", "similarity": 0.7239}, {"filename": "824se7", "similarity": 0.7236}, {"filename": "75l8k4", "similarity": 0.7229}, {"filename": "6u152p", "similarity": 0.7226}, {"filename": "7dd698", "similarity": 0.7226}, {"filename": "87ulnx", "similarity": 0.7224}, {"filename": "7873q9", "similarity": 0.7224}]