[{"filename": "649ejf", "similarity": 1.0}, {"filename": "7ytmr6", "similarity": 0.8541}, {"filename": "62xfyd", "similarity": 0.8525}, {"filename": "822835", "similarity": 0.833}, {"filename": "7ber0v", "similarity": 0.8122}, {"filename": "61a889", "similarity": 0.8092}, {"filename": "78gun7", "similarity": 0.8073}, {"filename": "85x4se", "similarity": 0.8057}, {"filename": "7o6dzg", "similarity": 0.8021}, {"filename": "5oi9ua", "similarity": 0.8019}, {"filename": "6ok7mv", "similarity": 0.8001}, {"filename": "7l872g", "similarity": 0.7989}, {"filename": "6b9goy", "similarity": 0.7988}, {"filename": "6bgbhl", "similarity": 0.7988}, {"filename": "7vc482", "similarity": 0.7978}, {"filename": "7zo3g7", "similarity": 0.7956}, {"filename": "7m4y65", "similarity": 0.7949}, {"filename": "71qpl2", "similarity": 0.7928}, {"filename": "6vkhe3", "similarity": 0.7927}, {"filename": "6lkvxg", "similarity": 0.7916}, {"filename": "71xtda", "similarity": 0.786}, {"filename": "6j8mcb", "similarity": 0.7845}, {"filename": "7wt8ej", "similarity": 0.7845}, {"filename": "6nnb08", "similarity": 0.7824}, {"filename": "80395m", "similarity": 0.7809}, {"filename": "7ac0k9", "similarity": 0.7805}, {"filename": "5waw8f", "similarity": 0.7797}, {"filename": "5yl3ig", "similarity": 0.7793}, {"filename": "822zm2", "similarity": 0.7793}, {"filename": "84y4hd", "similarity": 0.7784}]