[{"filename": "64bvdp", "similarity": 1.0}, {"filename": "6a6t1t", "similarity": 0.9563}, {"filename": "69cvux", "similarity": 0.9434}, {"filename": "6grujq", "similarity": 0.9333}, {"filename": "88e54b", "similarity": 0.9185}, {"filename": "81pzgm", "similarity": 0.7607}, {"filename": "822zm2", "similarity": 0.7457}, {"filename": "74n3el", "similarity": 0.7432}, {"filename": "8537j5", "similarity": 0.743}, {"filename": "8aq7b2", "similarity": 0.7397}, {"filename": "79ro8y", "similarity": 0.7395}, {"filename": "642grw", "similarity": 0.7394}, {"filename": "71nusf", "similarity": 0.735}, {"filename": "7n0roh", "similarity": 0.7344}, {"filename": "79msix", "similarity": 0.7326}, {"filename": "7jk01u", "similarity": 0.7308}, {"filename": "84xfm4", "similarity": 0.7304}, {"filename": "71xtda", "similarity": 0.7299}, {"filename": "6wy4j9", "similarity": 0.7298}, {"filename": "74k64t", "similarity": 0.7284}, {"filename": "87ulnx", "similarity": 0.7259}, {"filename": "83wup6", "similarity": 0.7251}, {"filename": "6j0bdi", "similarity": 0.7246}, {"filename": "7urxui", "similarity": 0.7242}, {"filename": "6ykn7w", "similarity": 0.7232}, {"filename": "84yba5", "similarity": 0.7219}, {"filename": "8bm0hc", "similarity": 0.7216}, {"filename": "6h5tlt", "similarity": 0.7215}, {"filename": "7z6hsi", "similarity": 0.7197}, {"filename": "6tf4id", "similarity": 0.7188}]