[{"filename": "64cuvf", "similarity": 1.0}, {"filename": "80g2gk", "similarity": 0.7764}, {"filename": "87ez80", "similarity": 0.7136}, {"filename": "824se7", "similarity": 0.6956}, {"filename": "7cfknv", "similarity": 0.6849}, {"filename": "70afiw", "similarity": 0.6845}, {"filename": "72666v", "similarity": 0.684}, {"filename": "62s484", "similarity": 0.6839}, {"filename": "5zopsf", "similarity": 0.6806}, {"filename": "7jbjg0", "similarity": 0.6751}, {"filename": "8545a0", "similarity": 0.67}, {"filename": "64pzpi", "similarity": 0.6674}, {"filename": "87bui9", "similarity": 0.6655}, {"filename": "7yyyje", "similarity": 0.6634}, {"filename": "6njmah", "similarity": 0.6631}, {"filename": "7x6sb2", "similarity": 0.6631}, {"filename": "7jab5w", "similarity": 0.6626}, {"filename": "2bvcu7", "similarity": 0.6608}, {"filename": "7x88fk", "similarity": 0.6606}, {"filename": "67b4nk", "similarity": 0.6606}, {"filename": "6v4449", "similarity": 0.6605}, {"filename": "7n4rku", "similarity": 0.6596}, {"filename": "7kjxl9", "similarity": 0.6587}, {"filename": "87zhhr", "similarity": 0.6582}, {"filename": "7pbhh9", "similarity": 0.6578}, {"filename": "7b4968", "similarity": 0.6576}, {"filename": "80m4yj", "similarity": 0.6575}, {"filename": "7puhoh", "similarity": 0.6574}, {"filename": "7i9499", "similarity": 0.6567}, {"filename": "73vt5m", "similarity": 0.6567}]