[{"filename": "64dh9i", "similarity": 1.0}, {"filename": "777dq8", "similarity": 0.7755}, {"filename": "77dcmc", "similarity": 0.7734}, {"filename": "5ts0u0", "similarity": 0.7726}, {"filename": "7ostjp", "similarity": 0.769}, {"filename": "87ulnx", "similarity": 0.7655}, {"filename": "74n3el", "similarity": 0.7654}, {"filename": "6uw4h3", "similarity": 0.7651}, {"filename": "7teiru", "similarity": 0.7603}, {"filename": "881lvb", "similarity": 0.7593}, {"filename": "7jt60o", "similarity": 0.7592}, {"filename": "6axb43", "similarity": 0.7574}, {"filename": "7bllvq", "similarity": 0.7551}, {"filename": "6ymik2", "similarity": 0.7532}, {"filename": "6jsy9q", "similarity": 0.7529}, {"filename": "7q5gx6", "similarity": 0.7529}, {"filename": "8c1zjk", "similarity": 0.7523}, {"filename": "6tf4id", "similarity": 0.7521}, {"filename": "6tfkzr", "similarity": 0.7521}, {"filename": "7ve2pk", "similarity": 0.7521}, {"filename": "6m0uwa", "similarity": 0.752}, {"filename": "7a326f", "similarity": 0.7515}, {"filename": "7h4t8r", "similarity": 0.7513}, {"filename": "5pzeu9", "similarity": 0.7512}, {"filename": "7o5ctm", "similarity": 0.7509}, {"filename": "7b4968", "similarity": 0.75}, {"filename": "6dtouw", "similarity": 0.7476}, {"filename": "8545a0", "similarity": 0.7472}, {"filename": "74uj30", "similarity": 0.7471}, {"filename": "6wi37k", "similarity": 0.747}]