[{"filename": "64dn4g", "similarity": 1.0}, {"filename": "5zwgmm", "similarity": 0.7336}, {"filename": "85omnh", "similarity": 0.7059}, {"filename": "84b0eb", "similarity": 0.6857}, {"filename": "6akqkh", "similarity": 0.6849}, {"filename": "86zqdp", "similarity": 0.6739}, {"filename": "6uiilj", "similarity": 0.6698}, {"filename": "84469p", "similarity": 0.6693}, {"filename": "85kqsu", "similarity": 0.6683}, {"filename": "6k0tuw", "similarity": 0.6683}, {"filename": "86hsqq", "similarity": 0.6644}, {"filename": "80n8vu", "similarity": 0.664}, {"filename": "7oq2xz", "similarity": 0.6599}, {"filename": "7wpqa3", "similarity": 0.6562}, {"filename": "824se7", "similarity": 0.6544}, {"filename": "7x88fk", "similarity": 0.6523}, {"filename": "6xzxto", "similarity": 0.6505}, {"filename": "7aiksi", "similarity": 0.6503}, {"filename": "85hluq", "similarity": 0.6499}, {"filename": "7xgya2", "similarity": 0.6497}, {"filename": "69e30r", "similarity": 0.6488}, {"filename": "7puhoh", "similarity": 0.6467}, {"filename": "5yy9nw", "similarity": 0.6467}, {"filename": "79koa9", "similarity": 0.6445}, {"filename": "68n28c", "similarity": 0.6444}, {"filename": "8aaqdw", "similarity": 0.6442}, {"filename": "72jsri", "similarity": 0.6435}, {"filename": "6586ox", "similarity": 0.6434}, {"filename": "6wmf8d", "similarity": 0.6433}, {"filename": "64pzpi", "similarity": 0.6426}]