[{"filename": "64j9j3", "similarity": 1.0}, {"filename": "628vmo", "similarity": 0.7798}, {"filename": "799vyr", "similarity": 0.7784}, {"filename": "7xxs1t", "similarity": 0.7775}, {"filename": "7zmkyb", "similarity": 0.7705}, {"filename": "8545a0", "similarity": 0.7699}, {"filename": "70r8o8", "similarity": 0.7659}, {"filename": "871ith", "similarity": 0.7658}, {"filename": "70dbd2", "similarity": 0.7642}, {"filename": "813u7o", "similarity": 0.7641}, {"filename": "7uryha", "similarity": 0.7634}, {"filename": "74muva", "similarity": 0.7631}, {"filename": "6knenp", "similarity": 0.763}, {"filename": "7xc8om", "similarity": 0.7615}, {"filename": "7wdi8n", "similarity": 0.7605}, {"filename": "73dseo", "similarity": 0.7578}, {"filename": "7pbhh9", "similarity": 0.7574}, {"filename": "85rz6p", "similarity": 0.7543}, {"filename": "7rhnd1", "similarity": 0.7494}, {"filename": "7oam47", "similarity": 0.749}, {"filename": "7zdswk", "similarity": 0.7486}, {"filename": "84280i", "similarity": 0.7483}, {"filename": "649ejf", "similarity": 0.7467}, {"filename": "7qjbn8", "similarity": 0.7453}, {"filename": "66qxv9", "similarity": 0.7451}, {"filename": "7f6z11", "similarity": 0.7438}, {"filename": "6g7079", "similarity": 0.7429}, {"filename": "5vpore", "similarity": 0.7419}, {"filename": "82qtst", "similarity": 0.7413}, {"filename": "89g8x9", "similarity": 0.7411}]