[{"filename": "64k96k", "similarity": 1.0}, {"filename": "6hk078", "similarity": 0.7397}, {"filename": "83c20w", "similarity": 0.7392}, {"filename": "746ldz", "similarity": 0.7359}, {"filename": "6ss6j4", "similarity": 0.7344}, {"filename": "7zxxkq", "similarity": 0.7311}, {"filename": "84zucb", "similarity": 0.7257}, {"filename": "7k9fr0", "similarity": 0.7249}, {"filename": "6q2pbf", "similarity": 0.7237}, {"filename": "7h8t8p", "similarity": 0.7232}, {"filename": "7a36t6", "similarity": 0.7228}, {"filename": "6fu7xz", "similarity": 0.7206}, {"filename": "5sduvp", "similarity": 0.7198}, {"filename": "6lln8d", "similarity": 0.7157}, {"filename": "7uhliv", "similarity": 0.7145}, {"filename": "7wtf45", "similarity": 0.7135}, {"filename": "7wp27w", "similarity": 0.7133}, {"filename": "7bllvq", "similarity": 0.7131}, {"filename": "7vv93y", "similarity": 0.7118}, {"filename": "777dq8", "similarity": 0.7112}, {"filename": "7nlq1z", "similarity": 0.7108}, {"filename": "5btgto", "similarity": 0.7105}, {"filename": "8545a0", "similarity": 0.7104}, {"filename": "7v8azb", "similarity": 0.7103}, {"filename": "838k8s", "similarity": 0.7088}, {"filename": "7g5usx", "similarity": 0.7087}, {"filename": "88m8ed", "similarity": 0.7083}, {"filename": "7vz59p", "similarity": 0.7082}, {"filename": "7m16wo", "similarity": 0.7066}, {"filename": "6g7079", "similarity": 0.7063}]