[{"filename": "64kmpj", "similarity": 1.0}, {"filename": "817guu", "similarity": 0.8571}, {"filename": "6ax6zi", "similarity": 0.7855}, {"filename": "7tj8p4", "similarity": 0.7754}, {"filename": "82rf0h", "similarity": 0.7545}, {"filename": "5ju0by", "similarity": 0.7375}, {"filename": "7gl3uw", "similarity": 0.7371}, {"filename": "5tn9h2", "similarity": 0.7367}, {"filename": "7uzqxc", "similarity": 0.7324}, {"filename": "7g8rvt", "similarity": 0.7265}, {"filename": "7v8n73", "similarity": 0.7207}, {"filename": "7v765s", "similarity": 0.7192}, {"filename": "6j7482", "similarity": 0.7184}, {"filename": "7if9qa", "similarity": 0.7172}, {"filename": "7wtf45", "similarity": 0.7145}, {"filename": "6xe38e", "similarity": 0.7141}, {"filename": "6vijkj", "similarity": 0.7139}, {"filename": "4mkbbr", "similarity": 0.7135}, {"filename": "6hqdv7", "similarity": 0.7131}, {"filename": "708wf7", "similarity": 0.7125}, {"filename": "7rwp97", "similarity": 0.7119}, {"filename": "6kr5az", "similarity": 0.7106}, {"filename": "7mmnmw", "similarity": 0.7076}, {"filename": "7aizp1", "similarity": 0.707}, {"filename": "7jembg", "similarity": 0.7067}, {"filename": "80suna", "similarity": 0.7066}, {"filename": "6h81f0", "similarity": 0.7055}, {"filename": "7eqpoq", "similarity": 0.705}, {"filename": "696yfo", "similarity": 0.7031}, {"filename": "84zucb", "similarity": 0.7023}]