[{"filename": "64leom", "similarity": 1.0}, {"filename": "6b7ndl", "similarity": 0.6923}, {"filename": "7f62cg", "similarity": 0.6879}, {"filename": "7za17j", "similarity": 0.6836}, {"filename": "7ngkcn", "similarity": 0.682}, {"filename": "7zp2ao", "similarity": 0.6678}, {"filename": "62dcv9", "similarity": 0.6607}, {"filename": "7r9zam", "similarity": 0.6605}, {"filename": "6xslte", "similarity": 0.6498}, {"filename": "7xy3lu", "similarity": 0.6485}, {"filename": "5j6mld", "similarity": 0.6444}, {"filename": "72jsri", "similarity": 0.6419}, {"filename": "7tuynj", "similarity": 0.6396}, {"filename": "6c13dg", "similarity": 0.6381}, {"filename": "6tubo2", "similarity": 0.633}, {"filename": "7yx9pf", "similarity": 0.6308}, {"filename": "6uiilj", "similarity": 0.6306}, {"filename": "6xr0lb", "similarity": 0.6286}, {"filename": "7h5vl2", "similarity": 0.6262}, {"filename": "70dtv1", "similarity": 0.6242}, {"filename": "89nxd5", "similarity": 0.6238}, {"filename": "879n66", "similarity": 0.6216}, {"filename": "6tffks", "similarity": 0.6209}, {"filename": "84847q", "similarity": 0.6204}, {"filename": "3x3bqx", "similarity": 0.6198}, {"filename": "809iqy", "similarity": 0.6192}, {"filename": "6ohxty", "similarity": 0.6188}, {"filename": "872w7m", "similarity": 0.6188}, {"filename": "7kvxa0", "similarity": 0.6176}, {"filename": "6u1xb1", "similarity": 0.616}]