[{"filename": "64n0r5", "similarity": 1.0}, {"filename": "6fzxsd", "similarity": 0.7727}, {"filename": "7qnyh1", "similarity": 0.765}, {"filename": "7z1rjy", "similarity": 0.7533}, {"filename": "7qd9yt", "similarity": 0.7518}, {"filename": "7ve2pk", "similarity": 0.749}, {"filename": "7qnqxc", "similarity": 0.7453}, {"filename": "67sija", "similarity": 0.7408}, {"filename": "8545a0", "similarity": 0.7392}, {"filename": "86189j", "similarity": 0.7364}, {"filename": "7teiru", "similarity": 0.7356}, {"filename": "86g7ce", "similarity": 0.7355}, {"filename": "8c1zjk", "similarity": 0.7355}, {"filename": "5ts0u0", "similarity": 0.7346}, {"filename": "7oyzhj", "similarity": 0.7311}, {"filename": "777dq8", "similarity": 0.7262}, {"filename": "7gt22g", "similarity": 0.7261}, {"filename": "6dqjle", "similarity": 0.7257}, {"filename": "6b9r4t", "similarity": 0.7242}, {"filename": "7ia8ck", "similarity": 0.7239}, {"filename": "6uiwov", "similarity": 0.7232}, {"filename": "34fi1c", "similarity": 0.7222}, {"filename": "7t75fl", "similarity": 0.7222}, {"filename": "7mjb0q", "similarity": 0.7209}, {"filename": "6697tp", "similarity": 0.7204}, {"filename": "824se7", "similarity": 0.7204}, {"filename": "6qgh3m", "similarity": 0.7192}, {"filename": "7l8d84", "similarity": 0.7189}, {"filename": "79zju3", "similarity": 0.7185}, {"filename": "7ysowr", "similarity": 0.7184}]