[{"filename": "64n4gv", "similarity": 1.0}, {"filename": "6c3hgz", "similarity": 0.7852}, {"filename": "65odgr", "similarity": 0.7812}, {"filename": "64v3iy", "similarity": 0.7748}, {"filename": "6ss6j4", "similarity": 0.7469}, {"filename": "81vgv7", "similarity": 0.7375}, {"filename": "6sslva", "similarity": 0.7339}, {"filename": "6wlot2", "similarity": 0.7318}, {"filename": "6rbzav", "similarity": 0.731}, {"filename": "6443jo", "similarity": 0.729}, {"filename": "6uzn9s", "similarity": 0.728}, {"filename": "7mgslw", "similarity": 0.7259}, {"filename": "888odi", "similarity": 0.7245}, {"filename": "7e86rk", "similarity": 0.7206}, {"filename": "5gf6j8", "similarity": 0.7205}, {"filename": "6z1fsd", "similarity": 0.7202}, {"filename": "5zdcxz", "similarity": 0.7199}, {"filename": "7zwdgp", "similarity": 0.7194}, {"filename": "6rzcjl", "similarity": 0.7187}, {"filename": "6kwi05", "similarity": 0.7185}, {"filename": "7a36t6", "similarity": 0.7149}, {"filename": "7l7e3a", "similarity": 0.7145}, {"filename": "7vv93y", "similarity": 0.7127}, {"filename": "7mid49", "similarity": 0.7111}, {"filename": "82w2py", "similarity": 0.7109}, {"filename": "7wtf45", "similarity": 0.7104}, {"filename": "87fijo", "similarity": 0.7098}, {"filename": "84zucb", "similarity": 0.7093}, {"filename": "77wi8r", "similarity": 0.7091}, {"filename": "6izzgq", "similarity": 0.7091}]