[{"filename": "64nsa1", "similarity": 1.0}, {"filename": "6ugry3", "similarity": 0.7794}, {"filename": "88z4wb", "similarity": 0.7524}, {"filename": "77af67", "similarity": 0.7404}, {"filename": "4n03j2", "similarity": 0.7383}, {"filename": "64tivo", "similarity": 0.7378}, {"filename": "7whlev", "similarity": 0.7285}, {"filename": "7kuh9z", "similarity": 0.7266}, {"filename": "6gzfra", "similarity": 0.7245}, {"filename": "7ksggs", "similarity": 0.7222}, {"filename": "7iyyyq", "similarity": 0.7217}, {"filename": "7x8lih", "similarity": 0.7162}, {"filename": "6goraj", "similarity": 0.7146}, {"filename": "2dxg4j", "similarity": 0.7111}, {"filename": "7pbhh9", "similarity": 0.7082}, {"filename": "7p5r3i", "similarity": 0.7059}, {"filename": "60em7d", "similarity": 0.7042}, {"filename": "7ajlug", "similarity": 0.7041}, {"filename": "7yv9xi", "similarity": 0.7036}, {"filename": "76zs8f", "similarity": 0.7027}, {"filename": "7p3ymq", "similarity": 0.7025}, {"filename": "2g0uu5", "similarity": 0.7005}, {"filename": "86k6bi", "similarity": 0.6993}, {"filename": "6yesy7", "similarity": 0.6989}, {"filename": "87pxlg", "similarity": 0.6986}, {"filename": "5wczbq", "similarity": 0.6984}, {"filename": "6jde19", "similarity": 0.698}, {"filename": "8bccii", "similarity": 0.6975}, {"filename": "6bbk1f", "similarity": 0.6964}, {"filename": "78r5t9", "similarity": 0.6952}]