[{"filename": "64pf0c", "similarity": 1.0}, {"filename": "5y7wbg", "similarity": 0.7799}, {"filename": "860mv0", "similarity": 0.7793}, {"filename": "7ivcuz", "similarity": 0.7745}, {"filename": "6m6ijv", "similarity": 0.7737}, {"filename": "6lto1t", "similarity": 0.7708}, {"filename": "75goge", "similarity": 0.7699}, {"filename": "82sf0q", "similarity": 0.7698}, {"filename": "6s1yh6", "similarity": 0.7681}, {"filename": "8c30hr", "similarity": 0.7671}, {"filename": "6s929y", "similarity": 0.7667}, {"filename": "5mwqbb", "similarity": 0.7647}, {"filename": "7nuogh", "similarity": 0.7612}, {"filename": "636zxe", "similarity": 0.761}, {"filename": "7v0chz", "similarity": 0.7604}, {"filename": "8a0ppz", "similarity": 0.7594}, {"filename": "7ia8ck", "similarity": 0.7583}, {"filename": "7g4g6f", "similarity": 0.7582}, {"filename": "7pp195", "similarity": 0.7562}, {"filename": "6jrqvz", "similarity": 0.7561}, {"filename": "70s4nk", "similarity": 0.7548}, {"filename": "84v18j", "similarity": 0.7546}, {"filename": "80c1tb", "similarity": 0.754}, {"filename": "881v1w", "similarity": 0.7533}, {"filename": "7hqv1z", "similarity": 0.7528}, {"filename": "6fqkkg", "similarity": 0.7525}, {"filename": "6n10qg", "similarity": 0.7508}, {"filename": "6gndiv", "similarity": 0.7506}, {"filename": "7i0pep", "similarity": 0.7492}, {"filename": "7n3ucg", "similarity": 0.7489}]