[{"filename": "64pzpi", "similarity": 1.0}, {"filename": "73cufe", "similarity": 0.7661}, {"filename": "74xhev", "similarity": 0.7558}, {"filename": "6s67yv", "similarity": 0.7489}, {"filename": "2niehv", "similarity": 0.7442}, {"filename": "7pbhh9", "similarity": 0.7409}, {"filename": "7yyyje", "similarity": 0.7394}, {"filename": "663hgx", "similarity": 0.7391}, {"filename": "81y6a9", "similarity": 0.7342}, {"filename": "7p5r3i", "similarity": 0.7326}, {"filename": "80n8vu", "similarity": 0.7325}, {"filename": "7gt22g", "similarity": 0.7313}, {"filename": "84wwcx", "similarity": 0.7305}, {"filename": "87txrx", "similarity": 0.73}, {"filename": "6b45sk", "similarity": 0.729}, {"filename": "7zn10d", "similarity": 0.7284}, {"filename": "7vuzzg", "similarity": 0.7283}, {"filename": "85omnh", "similarity": 0.728}, {"filename": "60luhe", "similarity": 0.7278}, {"filename": "83p8ks", "similarity": 0.7272}, {"filename": "7puhoh", "similarity": 0.7269}, {"filename": "6uiwov", "similarity": 0.7262}, {"filename": "80m4yj", "similarity": 0.7261}, {"filename": "7vwhyi", "similarity": 0.7261}, {"filename": "8agvye", "similarity": 0.7253}, {"filename": "6usbpx", "similarity": 0.7247}, {"filename": "77p1g3", "similarity": 0.7241}, {"filename": "6msu80", "similarity": 0.7235}, {"filename": "5z4kzq", "similarity": 0.7234}, {"filename": "7n4rku", "similarity": 0.7228}]