[{"filename": "64qlrf", "similarity": 1.0}, {"filename": "8bp25n", "similarity": 0.7453}, {"filename": "7wlsay", "similarity": 0.7316}, {"filename": "7erm8n", "similarity": 0.7282}, {"filename": "4yfw74", "similarity": 0.7272}, {"filename": "75bxvi", "similarity": 0.7238}, {"filename": "662rju", "similarity": 0.7078}, {"filename": "7vn2yz", "similarity": 0.7075}, {"filename": "7uieq2", "similarity": 0.7066}, {"filename": "79ug79", "similarity": 0.7066}, {"filename": "6764p6", "similarity": 0.7054}, {"filename": "87c229", "similarity": 0.7033}, {"filename": "860mv0", "similarity": 0.7012}, {"filename": "72tsx3", "similarity": 0.7007}, {"filename": "7i9499", "similarity": 0.696}, {"filename": "88aixz", "similarity": 0.6949}, {"filename": "73lhor", "similarity": 0.6947}, {"filename": "6vx5pd", "similarity": 0.6943}, {"filename": "879n66", "similarity": 0.6932}, {"filename": "7836pp", "similarity": 0.6912}, {"filename": "7msepc", "similarity": 0.6911}, {"filename": "7e1ei4", "similarity": 0.6909}, {"filename": "6ldzxu", "similarity": 0.6891}, {"filename": "5q9rs5", "similarity": 0.6876}, {"filename": "8ai500", "similarity": 0.6872}, {"filename": "5xnclw", "similarity": 0.6872}, {"filename": "7va9or", "similarity": 0.6869}, {"filename": "7p7ghy", "similarity": 0.6861}, {"filename": "7i0pep", "similarity": 0.6856}, {"filename": "5p2s2w", "similarity": 0.6855}]