[{"filename": "64tivo", "similarity": 1.0}, {"filename": "6ag0ao", "similarity": 0.7841}, {"filename": "7kuh9z", "similarity": 0.7811}, {"filename": "81rlby", "similarity": 0.781}, {"filename": "88z4wb", "similarity": 0.7561}, {"filename": "2x430e", "similarity": 0.7424}, {"filename": "64nsa1", "similarity": 0.7378}, {"filename": "6fifua", "similarity": 0.7365}, {"filename": "7ksggs", "similarity": 0.7281}, {"filename": "76ytpe", "similarity": 0.7276}, {"filename": "6gzfra", "similarity": 0.7207}, {"filename": "891an6", "similarity": 0.7197}, {"filename": "7x8lih", "similarity": 0.7109}, {"filename": "76zs8f", "similarity": 0.7025}, {"filename": "5wte5s", "similarity": 0.7024}, {"filename": "81rkv7", "similarity": 0.6982}, {"filename": "7w3er2", "similarity": 0.6957}, {"filename": "7whlev", "similarity": 0.695}, {"filename": "7dtqxu", "similarity": 0.6949}, {"filename": "6goraj", "similarity": 0.6918}, {"filename": "7qst8m", "similarity": 0.6885}, {"filename": "6fjiu4", "similarity": 0.6862}, {"filename": "2g0uu5", "similarity": 0.6856}, {"filename": "8ailel", "similarity": 0.6838}, {"filename": "6ptndk", "similarity": 0.6836}, {"filename": "78r5t9", "similarity": 0.6817}, {"filename": "68bi5k", "similarity": 0.6799}, {"filename": "77af67", "similarity": 0.6792}, {"filename": "6kmgj8", "similarity": 0.6786}, {"filename": "7zp74r", "similarity": 0.6772}]