[{"filename": "64v3iy", "similarity": 1.0}, {"filename": "64n4gv", "similarity": 0.7748}, {"filename": "6ss6j4", "similarity": 0.749}, {"filename": "6c3hgz", "similarity": 0.7391}, {"filename": "7rq6km", "similarity": 0.7334}, {"filename": "61beyg", "similarity": 0.7221}, {"filename": "6uzn9s", "similarity": 0.7131}, {"filename": "6sslva", "similarity": 0.7124}, {"filename": "6l9ieh", "similarity": 0.7107}, {"filename": "65odgr", "similarity": 0.7104}, {"filename": "7jb6ra", "similarity": 0.7098}, {"filename": "7perwn", "similarity": 0.7091}, {"filename": "75gsh4", "similarity": 0.7087}, {"filename": "7a36t6", "similarity": 0.7055}, {"filename": "7vdz2n", "similarity": 0.7037}, {"filename": "7p77q5", "similarity": 0.703}, {"filename": "7h8t8p", "similarity": 0.7013}, {"filename": "5gf6j8", "similarity": 0.6989}, {"filename": "7l7e3a", "similarity": 0.6983}, {"filename": "7jj5s0", "similarity": 0.6983}, {"filename": "6rzcjl", "similarity": 0.6976}, {"filename": "5zdcxz", "similarity": 0.6957}, {"filename": "7zwdgp", "similarity": 0.6954}, {"filename": "7aizp1", "similarity": 0.6939}, {"filename": "7v13wq", "similarity": 0.6936}, {"filename": "87fijo", "similarity": 0.6935}, {"filename": "710rq3", "similarity": 0.6924}, {"filename": "746ldz", "similarity": 0.6913}, {"filename": "7bllvq", "similarity": 0.6902}, {"filename": "6g7079", "similarity": 0.688}]