[{"filename": "64vt66", "similarity": 1.0}, {"filename": "6gndiv", "similarity": 0.7774}, {"filename": "6fqkkg", "similarity": 0.7726}, {"filename": "7hqv1z", "similarity": 0.7706}, {"filename": "62j8yk", "similarity": 0.767}, {"filename": "7z2iak", "similarity": 0.7665}, {"filename": "7ksk62", "similarity": 0.7658}, {"filename": "886g8g", "similarity": 0.7615}, {"filename": "5vip7r", "similarity": 0.7613}, {"filename": "881v1w", "similarity": 0.7605}, {"filename": "7snc00", "similarity": 0.7542}, {"filename": "6s929y", "similarity": 0.7459}, {"filename": "6s1yh6", "similarity": 0.7452}, {"filename": "6dqjle", "similarity": 0.7442}, {"filename": "66h8cq", "similarity": 0.7427}, {"filename": "6m4on7", "similarity": 0.7363}, {"filename": "6m6ijv", "similarity": 0.7361}, {"filename": "7vp1nc", "similarity": 0.7327}, {"filename": "696yfo", "similarity": 0.7324}, {"filename": "8bhizo", "similarity": 0.7306}, {"filename": "80c1tb", "similarity": 0.7304}, {"filename": "7d0kbf", "similarity": 0.7293}, {"filename": "69qsw7", "similarity": 0.729}, {"filename": "6vhecf", "similarity": 0.7278}, {"filename": "88rflu", "similarity": 0.7273}, {"filename": "89jhg9", "similarity": 0.7273}, {"filename": "5mwqbb", "similarity": 0.7252}, {"filename": "7cw9q6", "similarity": 0.7242}, {"filename": "7ckfcc", "similarity": 0.7241}, {"filename": "7obl70", "similarity": 0.724}]