[{"filename": "64ws31", "similarity": 1.0}, {"filename": "7yyyje", "similarity": 0.7395}, {"filename": "7ve2pk", "similarity": 0.7188}, {"filename": "73cufe", "similarity": 0.7167}, {"filename": "7pox2b", "similarity": 0.7068}, {"filename": "6uiwov", "similarity": 0.7002}, {"filename": "7uieq2", "similarity": 0.697}, {"filename": "7p5r3i", "similarity": 0.6969}, {"filename": "64pzpi", "similarity": 0.6957}, {"filename": "68n28c", "similarity": 0.6946}, {"filename": "7ak982", "similarity": 0.6943}, {"filename": "83p8ks", "similarity": 0.6942}, {"filename": "6nh3he", "similarity": 0.6941}, {"filename": "5xgvo6", "similarity": 0.6909}, {"filename": "7n4rku", "similarity": 0.6894}, {"filename": "897ha8", "similarity": 0.6893}, {"filename": "7a831r", "similarity": 0.6876}, {"filename": "7o78xa", "similarity": 0.6855}, {"filename": "6aqzdk", "similarity": 0.6843}, {"filename": "63qpp0", "similarity": 0.6838}, {"filename": "80n8vu", "similarity": 0.6829}, {"filename": "7msepc", "similarity": 0.6824}, {"filename": "79zju3", "similarity": 0.6824}, {"filename": "7dqx7v", "similarity": 0.6816}, {"filename": "7wsm6s", "similarity": 0.6812}, {"filename": "79ug79", "similarity": 0.6808}, {"filename": "6x8hy2", "similarity": 0.6807}, {"filename": "6qgh3m", "similarity": 0.6802}, {"filename": "6njmah", "similarity": 0.6799}, {"filename": "7z1rjy", "similarity": 0.6795}]