[{"filename": "64wync", "similarity": 1.0}, {"filename": "6qvdgy", "similarity": 0.7455}, {"filename": "7o7d5t", "similarity": 0.7148}, {"filename": "6wbw3w", "similarity": 0.6986}, {"filename": "7n83ln", "similarity": 0.6928}, {"filename": "6ckjmn", "similarity": 0.6914}, {"filename": "72666v", "similarity": 0.6885}, {"filename": "5nt46a", "similarity": 0.6835}, {"filename": "7p02i4", "similarity": 0.6787}, {"filename": "813ssk", "similarity": 0.6785}, {"filename": "7pngnm", "similarity": 0.6738}, {"filename": "6pyc24", "similarity": 0.6737}, {"filename": "5yt12v", "similarity": 0.6679}, {"filename": "7z4vhl", "similarity": 0.6642}, {"filename": "7g18cy", "similarity": 0.6633}, {"filename": "7pbhh9", "similarity": 0.6632}, {"filename": "77n2kc", "similarity": 0.6627}, {"filename": "63vkec", "similarity": 0.6621}, {"filename": "7mekhr", "similarity": 0.6614}, {"filename": "7haijt", "similarity": 0.6598}, {"filename": "71fzpo", "similarity": 0.6588}, {"filename": "6y0hku", "similarity": 0.6587}, {"filename": "809iqy", "similarity": 0.6575}, {"filename": "88c04v", "similarity": 0.6566}, {"filename": "50bm0e", "similarity": 0.6564}, {"filename": "6zekf3", "similarity": 0.6557}, {"filename": "822auv", "similarity": 0.6555}, {"filename": "7p5r3i", "similarity": 0.6539}, {"filename": "86shbs", "similarity": 0.653}, {"filename": "76m13w", "similarity": 0.6528}]