[{"filename": "64x971", "similarity": 1.0}, {"filename": "6zeefg", "similarity": 0.8321}, {"filename": "706pop", "similarity": 0.8265}, {"filename": "744o0r", "similarity": 0.8254}, {"filename": "8bvet6", "similarity": 0.8235}, {"filename": "751g7p", "similarity": 0.8183}, {"filename": "861fhz", "similarity": 0.8159}, {"filename": "7yuxeb", "similarity": 0.8148}, {"filename": "83mewc", "similarity": 0.8113}, {"filename": "6ybalg", "similarity": 0.8068}, {"filename": "86a9rb", "similarity": 0.8061}, {"filename": "6ykn7w", "similarity": 0.8059}, {"filename": "6g0b1s", "similarity": 0.8058}, {"filename": "6z4tfz", "similarity": 0.8054}, {"filename": "6qz3u0", "similarity": 0.8052}, {"filename": "71nusf", "similarity": 0.804}, {"filename": "7lll3r", "similarity": 0.8034}, {"filename": "7vgx6l", "similarity": 0.8034}, {"filename": "5urj4x", "similarity": 0.8024}, {"filename": "8aq7b2", "similarity": 0.8006}, {"filename": "799ynr", "similarity": 0.7999}, {"filename": "8c0u4i", "similarity": 0.7999}, {"filename": "681sxi", "similarity": 0.7984}, {"filename": "8bse8k", "similarity": 0.7978}, {"filename": "7y8x85", "similarity": 0.7973}, {"filename": "636ufe", "similarity": 0.7973}, {"filename": "6f1n9w", "similarity": 0.7972}, {"filename": "7oesnc", "similarity": 0.7971}, {"filename": "71kt9k", "similarity": 0.7966}, {"filename": "6g10x5", "similarity": 0.7952}]