[{"filename": "64xo1a", "similarity": 1.0}, {"filename": "7ilgg3", "similarity": 0.8122}, {"filename": "6qj1t2", "similarity": 0.8074}, {"filename": "872jv6", "similarity": 0.8025}, {"filename": "8bhjkp", "similarity": 0.7951}, {"filename": "7wl1z6", "similarity": 0.7889}, {"filename": "7jj5s0", "similarity": 0.7817}, {"filename": "6y67ml", "similarity": 0.7802}, {"filename": "6hleny", "similarity": 0.7796}, {"filename": "7vgx6l", "similarity": 0.7725}, {"filename": "6skts2", "similarity": 0.7711}, {"filename": "69l8rb", "similarity": 0.7708}, {"filename": "7nbmg0", "similarity": 0.7694}, {"filename": "8aztiw", "similarity": 0.7644}, {"filename": "6ajgjc", "similarity": 0.7642}, {"filename": "6g7079", "similarity": 0.7623}, {"filename": "6d26ic", "similarity": 0.762}, {"filename": "6frw6o", "similarity": 0.7612}, {"filename": "7ghicf", "similarity": 0.7596}, {"filename": "88wdk1", "similarity": 0.759}, {"filename": "7iifli", "similarity": 0.7585}, {"filename": "805qko", "similarity": 0.7584}, {"filename": "7duoem", "similarity": 0.7554}, {"filename": "7qtej0", "similarity": 0.7535}, {"filename": "7dcoel", "similarity": 0.7523}, {"filename": "847hox", "similarity": 0.7517}, {"filename": "6n5cob", "similarity": 0.7515}, {"filename": "80u0v8", "similarity": 0.751}, {"filename": "7td6mg", "similarity": 0.7496}, {"filename": "7zmvs5", "similarity": 0.7464}]