[{"filename": "650psz", "similarity": 1.0}, {"filename": "5urj4x", "similarity": 0.822}, {"filename": "8aq7b2", "similarity": 0.8191}, {"filename": "751g7p", "similarity": 0.8126}, {"filename": "753vo2", "similarity": 0.8122}, {"filename": "6fnyl9", "similarity": 0.8113}, {"filename": "6zobxz", "similarity": 0.8082}, {"filename": "721q6q", "similarity": 0.8063}, {"filename": "5wgd96", "similarity": 0.8057}, {"filename": "7ey3yp", "similarity": 0.8011}, {"filename": "846dgt", "similarity": 0.7995}, {"filename": "881lvb", "similarity": 0.7983}, {"filename": "7b1uzr", "similarity": 0.7973}, {"filename": "73vfo2", "similarity": 0.796}, {"filename": "7duoem", "similarity": 0.7942}, {"filename": "8a4hrz", "similarity": 0.7927}, {"filename": "83mewc", "similarity": 0.7912}, {"filename": "7zaftt", "similarity": 0.791}, {"filename": "799ynr", "similarity": 0.7884}, {"filename": "7y8x85", "similarity": 0.7873}, {"filename": "71kt9k", "similarity": 0.7867}, {"filename": "6ibpgx", "similarity": 0.7844}, {"filename": "83deug", "similarity": 0.7827}, {"filename": "75yit6", "similarity": 0.781}, {"filename": "6n5cob", "similarity": 0.7803}, {"filename": "88wdk1", "similarity": 0.7784}, {"filename": "716ius", "similarity": 0.7773}, {"filename": "6hleny", "similarity": 0.7772}, {"filename": "81evgp", "similarity": 0.7755}, {"filename": "6g10x5", "similarity": 0.773}]