[{"filename": "652al9", "similarity": 1.0}, {"filename": "2niehv", "similarity": 0.7258}, {"filename": "7yx9pf", "similarity": 0.7197}, {"filename": "5qzkz4", "similarity": 0.684}, {"filename": "81yiw4", "similarity": 0.6744}, {"filename": "7dqx7v", "similarity": 0.6706}, {"filename": "7oxqg1", "similarity": 0.6688}, {"filename": "64pzpi", "similarity": 0.6684}, {"filename": "73cufe", "similarity": 0.6635}, {"filename": "79zju3", "similarity": 0.6633}, {"filename": "8aaqdw", "similarity": 0.6631}, {"filename": "89na6d", "similarity": 0.6629}, {"filename": "85xpmy", "similarity": 0.6599}, {"filename": "751l49", "similarity": 0.6591}, {"filename": "6njmah", "similarity": 0.6582}, {"filename": "85igm2", "similarity": 0.6569}, {"filename": "7mjw12", "similarity": 0.6556}, {"filename": "6s67yv", "similarity": 0.6526}, {"filename": "6764p6", "similarity": 0.6522}, {"filename": "7ek4z2", "similarity": 0.6519}, {"filename": "7qnqxc", "similarity": 0.6515}, {"filename": "7qd9yt", "similarity": 0.651}, {"filename": "6nh3he", "similarity": 0.6498}, {"filename": "6c13dg", "similarity": 0.649}, {"filename": "7zn10d", "similarity": 0.6476}, {"filename": "7yjwqh", "similarity": 0.6474}, {"filename": "7yyyje", "similarity": 0.6445}, {"filename": "6k4u8e", "similarity": 0.6435}, {"filename": "7bbx3t", "similarity": 0.6432}, {"filename": "897ha8", "similarity": 0.6409}]