[{"filename": "653bdt", "similarity": 1.0}, {"filename": "34fi1c", "similarity": 0.7832}, {"filename": "57llud", "similarity": 0.7792}, {"filename": "6dqjle", "similarity": 0.7781}, {"filename": "8bm0hc", "similarity": 0.7779}, {"filename": "8545a0", "similarity": 0.776}, {"filename": "71xtda", "similarity": 0.7756}, {"filename": "7whlev", "similarity": 0.7738}, {"filename": "7vp1nc", "similarity": 0.7726}, {"filename": "75ce2o", "similarity": 0.772}, {"filename": "75l8k4", "similarity": 0.7701}, {"filename": "62j8yk", "similarity": 0.7698}, {"filename": "7yc681", "similarity": 0.7689}, {"filename": "6m0uwa", "similarity": 0.7683}, {"filename": "68bi5k", "similarity": 0.7676}, {"filename": "71nusf", "similarity": 0.7665}, {"filename": "89jhg9", "similarity": 0.7655}, {"filename": "777dq8", "similarity": 0.7652}, {"filename": "71x43t", "similarity": 0.7607}, {"filename": "83rsj6", "similarity": 0.7595}, {"filename": "72eue8", "similarity": 0.758}, {"filename": "6zk93p", "similarity": 0.757}, {"filename": "7ve2pk", "similarity": 0.7565}, {"filename": "6i535n", "similarity": 0.7539}, {"filename": "7kvxa0", "similarity": 0.7537}, {"filename": "8bfhdc", "similarity": 0.7534}, {"filename": "644p29", "similarity": 0.7525}, {"filename": "80ppdt", "similarity": 0.752}, {"filename": "61beyg", "similarity": 0.7518}, {"filename": "6cnxlz", "similarity": 0.7512}]