[{"filename": "654uru", "similarity": 1.0}, {"filename": "7g10xb", "similarity": 0.9351}, {"filename": "7wrw6t", "similarity": 0.8877}, {"filename": "7hqv1z", "similarity": 0.8744}, {"filename": "5ziik0", "similarity": 0.872}, {"filename": "8039cx", "similarity": 0.8499}, {"filename": "7wp608", "similarity": 0.845}, {"filename": "5cvoe1", "similarity": 0.8433}, {"filename": "7169op", "similarity": 0.8426}, {"filename": "7ksk62", "similarity": 0.841}, {"filename": "6x8f2e", "similarity": 0.8258}, {"filename": "886g8g", "similarity": 0.8221}, {"filename": "7f23mo", "similarity": 0.8175}, {"filename": "70iv5x", "similarity": 0.8163}, {"filename": "7suu6t", "similarity": 0.8159}, {"filename": "88zu29", "similarity": 0.8137}, {"filename": "6dprzc", "similarity": 0.8131}, {"filename": "766tm6", "similarity": 0.8122}, {"filename": "6s1yh6", "similarity": 0.8102}, {"filename": "746ua4", "similarity": 0.8097}, {"filename": "864qpz", "similarity": 0.8074}, {"filename": "5vip7r", "similarity": 0.8005}, {"filename": "8c3oy0", "similarity": 0.7985}, {"filename": "7zm6u8", "similarity": 0.796}, {"filename": "6s929y", "similarity": 0.7939}, {"filename": "6feflv", "similarity": 0.7928}, {"filename": "6m6ijv", "similarity": 0.7926}, {"filename": "7h0598", "similarity": 0.7926}, {"filename": "7vscl8", "similarity": 0.7924}, {"filename": "8bfhyy", "similarity": 0.7899}]