[{"filename": "6586ox", "similarity": 1.0}, {"filename": "6pyc24", "similarity": 0.7425}, {"filename": "6aqzdk", "similarity": 0.7392}, {"filename": "7n4rku", "similarity": 0.7382}, {"filename": "8bwsj2", "similarity": 0.7366}, {"filename": "7pox2b", "similarity": 0.7351}, {"filename": "7qd9yt", "similarity": 0.7345}, {"filename": "7t75fl", "similarity": 0.7317}, {"filename": "84b0eb", "similarity": 0.7291}, {"filename": "7wp27w", "similarity": 0.7291}, {"filename": "87e4p0", "similarity": 0.7291}, {"filename": "6xlhtv", "similarity": 0.7286}, {"filename": "6uiwov", "similarity": 0.727}, {"filename": "6z2jdl", "similarity": 0.7262}, {"filename": "7x88fk", "similarity": 0.7256}, {"filename": "6akyca", "similarity": 0.7248}, {"filename": "7z1rjy", "similarity": 0.7237}, {"filename": "7gt22g", "similarity": 0.7228}, {"filename": "7qfguq", "similarity": 0.721}, {"filename": "7qnqxc", "similarity": 0.7203}, {"filename": "7pbhh9", "similarity": 0.7184}, {"filename": "7qnyh1", "similarity": 0.7183}, {"filename": "67nxwc", "similarity": 0.7177}, {"filename": "659xhm", "similarity": 0.7173}, {"filename": "3x3bqx", "similarity": 0.7168}, {"filename": "73cufe", "similarity": 0.7157}, {"filename": "7vt5yg", "similarity": 0.7147}, {"filename": "877i5c", "similarity": 0.7142}, {"filename": "64n0r5", "similarity": 0.7139}, {"filename": "877uio", "similarity": 0.7133}]