[{"filename": "659xhm", "similarity": 1.0}, {"filename": "824se7", "similarity": 0.7612}, {"filename": "7gt22g", "similarity": 0.7458}, {"filename": "7p5r3i", "similarity": 0.7335}, {"filename": "7pox2b", "similarity": 0.7302}, {"filename": "6586ox", "similarity": 0.7173}, {"filename": "8ag558", "similarity": 0.7166}, {"filename": "877uio", "similarity": 0.7163}, {"filename": "79zju3", "similarity": 0.715}, {"filename": "6q2pbf", "similarity": 0.7142}, {"filename": "7wnz50", "similarity": 0.7118}, {"filename": "4n03j2", "similarity": 0.7115}, {"filename": "7wp27w", "similarity": 0.7109}, {"filename": "663hgx", "similarity": 0.7104}, {"filename": "7yv9xi", "similarity": 0.7069}, {"filename": "7pflwy", "similarity": 0.7068}, {"filename": "739j8j", "similarity": 0.7059}, {"filename": "7e7loi", "similarity": 0.7059}, {"filename": "3x3bqx", "similarity": 0.7057}, {"filename": "63k6mh", "similarity": 0.7028}, {"filename": "7puhoh", "similarity": 0.702}, {"filename": "7n9j3b", "similarity": 0.7015}, {"filename": "7yyyje", "similarity": 0.7014}, {"filename": "7fjkmu", "similarity": 0.7012}, {"filename": "7wtf45", "similarity": 0.7012}, {"filename": "6v4449", "similarity": 0.7007}, {"filename": "7z1rjy", "similarity": 0.7002}, {"filename": "6usbpx", "similarity": 0.7001}, {"filename": "877i5c", "similarity": 0.7}, {"filename": "7sycrm", "similarity": 0.6995}]