[{"filename": "65bak5", "similarity": 1.0}, {"filename": "5501pr", "similarity": 0.684}, {"filename": "76e06a", "similarity": 0.6764}, {"filename": "857k07", "similarity": 0.6662}, {"filename": "7kbtkt", "similarity": 0.6608}, {"filename": "7j3gm6", "similarity": 0.6505}, {"filename": "6mdhpg", "similarity": 0.6488}, {"filename": "8aqrd3", "similarity": 0.6463}, {"filename": "62s484", "similarity": 0.6432}, {"filename": "824se7", "similarity": 0.6425}, {"filename": "8av4gy", "similarity": 0.6423}, {"filename": "8aqi20", "similarity": 0.6406}, {"filename": "7cgigc", "similarity": 0.6398}, {"filename": "7zhi8k", "similarity": 0.6366}, {"filename": "6zekf3", "similarity": 0.6362}, {"filename": "6wgrkp", "similarity": 0.6358}, {"filename": "7nrv7c", "similarity": 0.6347}, {"filename": "7qfguq", "similarity": 0.6343}, {"filename": "7haijt", "similarity": 0.6334}, {"filename": "7vt5yg", "similarity": 0.6318}, {"filename": "76bgtf", "similarity": 0.6316}, {"filename": "6oypom", "similarity": 0.6303}, {"filename": "7rnod5", "similarity": 0.6287}, {"filename": "83h7cr", "similarity": 0.6282}, {"filename": "3x3bqx", "similarity": 0.6269}, {"filename": "87bui9", "similarity": 0.6265}, {"filename": "85azfl", "similarity": 0.6256}, {"filename": "85zcnv", "similarity": 0.6252}, {"filename": "88qqdr", "similarity": 0.624}, {"filename": "7ta3zq", "similarity": 0.6231}]