[{"filename": "65c5u7", "similarity": 1.0}, {"filename": "6es5y1", "similarity": 0.8201}, {"filename": "6110zu", "similarity": 0.8083}, {"filename": "7cid5a", "similarity": 0.7768}, {"filename": "6w4yg1", "similarity": 0.7727}, {"filename": "636ufe", "similarity": 0.768}, {"filename": "7eqpoq", "similarity": 0.7661}, {"filename": "7h4t8r", "similarity": 0.7651}, {"filename": "7y8x85", "similarity": 0.7644}, {"filename": "2jwc52", "similarity": 0.7621}, {"filename": "6ofdt6", "similarity": 0.7594}, {"filename": "7qu2we", "similarity": 0.7592}, {"filename": "7ljjyu", "similarity": 0.7578}, {"filename": "7uw4rk", "similarity": 0.7574}, {"filename": "7jt60o", "similarity": 0.7571}, {"filename": "6p5wbm", "similarity": 0.7563}, {"filename": "878rhh", "similarity": 0.7556}, {"filename": "5c0v6z", "similarity": 0.7547}, {"filename": "7qzywt", "similarity": 0.7543}, {"filename": "8537j5", "similarity": 0.7525}, {"filename": "7ia8ck", "similarity": 0.7519}, {"filename": "5szv0l", "similarity": 0.7518}, {"filename": "80gpw5", "similarity": 0.7504}, {"filename": "6u152p", "similarity": 0.7498}, {"filename": "8ayzpt", "similarity": 0.7496}, {"filename": "88n07f", "similarity": 0.7494}, {"filename": "678jwd", "similarity": 0.7484}, {"filename": "7eadxh", "similarity": 0.7473}, {"filename": "6p0nwj", "similarity": 0.7467}, {"filename": "798vdy", "similarity": 0.7466}]