[{"filename": "65cb4b", "similarity": 1.0}, {"filename": "6gdhd9", "similarity": 0.8577}, {"filename": "8bfn44", "similarity": 0.8553}, {"filename": "81q1jc", "similarity": 0.8461}, {"filename": "7hzxyp", "similarity": 0.8446}, {"filename": "7ljjyu", "similarity": 0.8412}, {"filename": "6jep8t", "similarity": 0.8361}, {"filename": "7ox2av", "similarity": 0.8345}, {"filename": "7jr7wl", "similarity": 0.8326}, {"filename": "5wik1c", "similarity": 0.8296}, {"filename": "881q6s", "similarity": 0.8289}, {"filename": "6u4fiw", "similarity": 0.827}, {"filename": "89nf29", "similarity": 0.827}, {"filename": "6x626v", "similarity": 0.8261}, {"filename": "6j9pi4", "similarity": 0.8252}, {"filename": "6zobxz", "similarity": 0.8237}, {"filename": "7cptyb", "similarity": 0.8231}, {"filename": "2wod3h", "similarity": 0.8211}, {"filename": "85carr", "similarity": 0.821}, {"filename": "6ofdt6", "similarity": 0.8202}, {"filename": "716ius", "similarity": 0.8201}, {"filename": "6k6dnn", "similarity": 0.8184}, {"filename": "7dbs44", "similarity": 0.8183}, {"filename": "6d52ri", "similarity": 0.8169}, {"filename": "74n3el", "similarity": 0.8165}, {"filename": "60s18n", "similarity": 0.815}, {"filename": "5y7fcn", "similarity": 0.8131}, {"filename": "66vnlg", "similarity": 0.8116}, {"filename": "6cyyt6", "similarity": 0.8116}, {"filename": "7hyyka", "similarity": 0.811}]