[{"filename": "65d0ky", "similarity": 1.0}, {"filename": "757bqz", "similarity": 0.9231}, {"filename": "6cmto4", "similarity": 0.9222}, {"filename": "8c59br", "similarity": 0.9207}, {"filename": "7ktfew", "similarity": 0.9163}, {"filename": "82m3m3", "similarity": 0.9157}, {"filename": "7ltar8", "similarity": 0.8952}, {"filename": "83xgkx", "similarity": 0.8877}, {"filename": "7yli4c", "similarity": 0.883}, {"filename": "6lt1hj", "similarity": 0.8643}, {"filename": "5x9d94", "similarity": 0.8563}, {"filename": "84am2u", "similarity": 0.8402}, {"filename": "8aqcnp", "similarity": 0.8319}, {"filename": "8bh2qw", "similarity": 0.8282}, {"filename": "5wh2wp", "similarity": 0.8253}, {"filename": "8433t9", "similarity": 0.8186}, {"filename": "840hbv", "similarity": 0.8178}, {"filename": "7ydwav", "similarity": 0.8063}, {"filename": "73u6oo", "similarity": 0.8025}, {"filename": "7fxmbq", "similarity": 0.7875}, {"filename": "881bt7", "similarity": 0.7801}, {"filename": "6uuzvv", "similarity": 0.7744}, {"filename": "7hndap", "similarity": 0.7678}, {"filename": "6ic9b0", "similarity": 0.7661}, {"filename": "7io1hk", "similarity": 0.7464}, {"filename": "5v689g", "similarity": 0.7387}, {"filename": "86ck8w", "similarity": 0.7331}, {"filename": "7d1gp6", "similarity": 0.7312}, {"filename": "6p5wbm", "similarity": 0.7312}, {"filename": "6te5mc", "similarity": 0.7302}]