[{"filename": "65euyu", "similarity": 1.0}, {"filename": "5tn9h2", "similarity": 0.8273}, {"filename": "7xxv3g", "similarity": 0.8271}, {"filename": "7cptyb", "similarity": 0.8224}, {"filename": "7rwp97", "similarity": 0.8199}, {"filename": "7ljjyu", "similarity": 0.8177}, {"filename": "7yqjpv", "similarity": 0.8138}, {"filename": "7eqpoq", "similarity": 0.8121}, {"filename": "8bqnpi", "similarity": 0.8116}, {"filename": "7cfedi", "similarity": 0.8115}, {"filename": "701ec1", "similarity": 0.8114}, {"filename": "845gft", "similarity": 0.811}, {"filename": "7szctf", "similarity": 0.8108}, {"filename": "7rgyvn", "similarity": 0.8108}, {"filename": "7lxm6a", "similarity": 0.8102}, {"filename": "8bfn44", "similarity": 0.8095}, {"filename": "7uzqxc", "similarity": 0.8095}, {"filename": "7qbcqw", "similarity": 0.8092}, {"filename": "80suna", "similarity": 0.809}, {"filename": "7i10gv", "similarity": 0.808}, {"filename": "7uw4rk", "similarity": 0.8079}, {"filename": "63d1n0", "similarity": 0.8071}, {"filename": "7heqcp", "similarity": 0.8045}, {"filename": "7mvaxw", "similarity": 0.8043}, {"filename": "5zdcxz", "similarity": 0.8042}, {"filename": "7v41jx", "similarity": 0.804}, {"filename": "694o6h", "similarity": 0.8034}, {"filename": "7jembg", "similarity": 0.803}, {"filename": "7cbh1v", "similarity": 0.8029}, {"filename": "72k64m", "similarity": 0.8025}]