[{"filename": "65i1da", "similarity": 1.0}, {"filename": "782334", "similarity": 0.9057}, {"filename": "7w6kkr", "similarity": 0.8213}, {"filename": "7w3wcr", "similarity": 0.7438}, {"filename": "7836iy", "similarity": 0.7382}, {"filename": "7a2isq", "similarity": 0.7296}, {"filename": "7300ji", "similarity": 0.7251}, {"filename": "7y8x85", "similarity": 0.7224}, {"filename": "878rhh", "similarity": 0.7212}, {"filename": "798vdy", "similarity": 0.7176}, {"filename": "88n07f", "similarity": 0.7131}, {"filename": "852pfn", "similarity": 0.7126}, {"filename": "6z2jdl", "similarity": 0.7117}, {"filename": "851dx4", "similarity": 0.7115}, {"filename": "88hu7n", "similarity": 0.7109}, {"filename": "7bdw6h", "similarity": 0.7106}, {"filename": "8b1pgt", "similarity": 0.7088}, {"filename": "796l3m", "similarity": 0.7085}, {"filename": "88c47q", "similarity": 0.7059}, {"filename": "8c0u4i", "similarity": 0.705}, {"filename": "65c5u7", "similarity": 0.7043}, {"filename": "7gmr2n", "similarity": 0.7043}, {"filename": "6uw4h3", "similarity": 0.7034}, {"filename": "6nkdii", "similarity": 0.701}, {"filename": "7n0roh", "similarity": 0.7009}, {"filename": "78b7ee", "similarity": 0.6996}, {"filename": "6g10x5", "similarity": 0.6996}, {"filename": "84469p", "similarity": 0.6988}, {"filename": "6974vw", "similarity": 0.6969}, {"filename": "8537j5", "similarity": 0.6968}]