[{"filename": "65infn", "similarity": 1.0}, {"filename": "7r1j9u", "similarity": 0.8444}, {"filename": "72k64m", "similarity": 0.8254}, {"filename": "7bno60", "similarity": 0.8034}, {"filename": "625203", "similarity": 0.792}, {"filename": "6togaj", "similarity": 0.7839}, {"filename": "7hyyka", "similarity": 0.7769}, {"filename": "2g54cq", "similarity": 0.776}, {"filename": "60s18n", "similarity": 0.7735}, {"filename": "7mjcis", "similarity": 0.7711}, {"filename": "6ejh59", "similarity": 0.7704}, {"filename": "85j4li", "similarity": 0.7701}, {"filename": "6ednbc", "similarity": 0.7679}, {"filename": "6x23n6", "similarity": 0.7635}, {"filename": "865b08", "similarity": 0.7572}, {"filename": "7yaxav", "similarity": 0.757}, {"filename": "6hsdnb", "similarity": 0.7539}, {"filename": "7kkyh7", "similarity": 0.7532}, {"filename": "8bfn44", "similarity": 0.7506}, {"filename": "2wod3h", "similarity": 0.7462}, {"filename": "6ura8f", "similarity": 0.7462}, {"filename": "6qhjvw", "similarity": 0.7435}, {"filename": "7qz0zf", "similarity": 0.7416}, {"filename": "7jembg", "similarity": 0.7394}, {"filename": "5mhmjs", "similarity": 0.7369}, {"filename": "5mjv7o", "similarity": 0.7369}, {"filename": "83ekzr", "similarity": 0.7363}, {"filename": "7cptyb", "similarity": 0.7355}, {"filename": "6ijnh3", "similarity": 0.7345}, {"filename": "79zqqj", "similarity": 0.7343}]