[{"filename": "65jrh4", "similarity": 1.0}, {"filename": "82w2py", "similarity": 0.8419}, {"filename": "805q79", "similarity": 0.8399}, {"filename": "80echz", "similarity": 0.8394}, {"filename": "7x2ktx", "similarity": 0.838}, {"filename": "6tpk84", "similarity": 0.8318}, {"filename": "6ym28s", "similarity": 0.8276}, {"filename": "8b4vul", "similarity": 0.8262}, {"filename": "7v41jx", "similarity": 0.8246}, {"filename": "6kflib", "similarity": 0.8238}, {"filename": "5tn9h2", "similarity": 0.8227}, {"filename": "7xxv3g", "similarity": 0.8219}, {"filename": "65odgr", "similarity": 0.8204}, {"filename": "6rcqoy", "similarity": 0.82}, {"filename": "6xzk1w", "similarity": 0.8198}, {"filename": "6ky0k1", "similarity": 0.8187}, {"filename": "5j8gyh", "similarity": 0.8187}, {"filename": "6qraiw", "similarity": 0.8166}, {"filename": "7uzqxc", "similarity": 0.8162}, {"filename": "7y5d58", "similarity": 0.8161}, {"filename": "6hqdv7", "similarity": 0.8154}, {"filename": "6kh3ds", "similarity": 0.8115}, {"filename": "7g8rvt", "similarity": 0.8091}, {"filename": "7rwp97", "similarity": 0.8066}, {"filename": "7mgvpu", "similarity": 0.8066}, {"filename": "6xdgj1", "similarity": 0.8051}, {"filename": "7kl6ng", "similarity": 0.8035}, {"filename": "7heqcp", "similarity": 0.8031}, {"filename": "7h9whe", "similarity": 0.8016}, {"filename": "7tp55f", "similarity": 0.8006}]