[{"filename": "65odgr", "similarity": 1.0}, {"filename": "7mgslw", "similarity": 0.8684}, {"filename": "6vakeh", "similarity": 0.8601}, {"filename": "6wlot2", "similarity": 0.8511}, {"filename": "670iba", "similarity": 0.842}, {"filename": "7h9whe", "similarity": 0.8416}, {"filename": "707z6l", "similarity": 0.838}, {"filename": "8a8hkh", "similarity": 0.8369}, {"filename": "7aizp1", "similarity": 0.8369}, {"filename": "7mid49", "similarity": 0.8365}, {"filename": "6tlmfx", "similarity": 0.8311}, {"filename": "6ss6j4", "similarity": 0.83}, {"filename": "77wi8r", "similarity": 0.8254}, {"filename": "6wboov", "similarity": 0.8245}, {"filename": "6kflib", "similarity": 0.8208}, {"filename": "65jrh4", "similarity": 0.8204}, {"filename": "7v41jx", "similarity": 0.8167}, {"filename": "87qycb", "similarity": 0.8154}, {"filename": "7l7e3a", "similarity": 0.8114}, {"filename": "82w2py", "similarity": 0.811}, {"filename": "6uzn9s", "similarity": 0.811}, {"filename": "7e86rk", "similarity": 0.8103}, {"filename": "6ym28s", "similarity": 0.8093}, {"filename": "602zf4", "similarity": 0.8091}, {"filename": "8b4vul", "similarity": 0.8085}, {"filename": "83c20w", "similarity": 0.8081}, {"filename": "6y6mbo", "similarity": 0.8043}, {"filename": "7x2ktx", "similarity": 0.8035}, {"filename": "6pbrwn", "similarity": 0.803}, {"filename": "6443jo", "similarity": 0.8009}]