[{"filename": "65ohp4", "similarity": 1.0}, {"filename": "878r2b", "similarity": 0.7035}, {"filename": "8btxp7", "similarity": 0.7035}, {"filename": "5rxd0s", "similarity": 0.7016}, {"filename": "81s3n5", "similarity": 0.6869}, {"filename": "7qnqxc", "similarity": 0.6868}, {"filename": "853uun", "similarity": 0.6866}, {"filename": "7qd9yt", "similarity": 0.6824}, {"filename": "6kdsps", "similarity": 0.6819}, {"filename": "7whlev", "similarity": 0.6781}, {"filename": "84yt2z", "similarity": 0.6781}, {"filename": "6pyc24", "similarity": 0.6759}, {"filename": "7eqxcd", "similarity": 0.6731}, {"filename": "7qfguq", "similarity": 0.6685}, {"filename": "68f2vk", "similarity": 0.6676}, {"filename": "70dtv1", "similarity": 0.663}, {"filename": "82010j", "similarity": 0.6625}, {"filename": "805hum", "similarity": 0.6623}, {"filename": "74oqfs", "similarity": 0.6621}, {"filename": "7or4qw", "similarity": 0.6599}, {"filename": "34fi1c", "similarity": 0.6584}, {"filename": "80nma3", "similarity": 0.6547}, {"filename": "73cufe", "similarity": 0.654}, {"filename": "6ihqvf", "similarity": 0.654}, {"filename": "7zcu3r", "similarity": 0.6534}, {"filename": "6gm3uv", "similarity": 0.6527}, {"filename": "7ve2pk", "similarity": 0.6526}, {"filename": "87ya6w", "similarity": 0.6521}, {"filename": "7w9ssy", "similarity": 0.6521}, {"filename": "8a7wqo", "similarity": 0.6519}]