[{"filename": "65qlm7", "similarity": 1.0}, {"filename": "7wnz50", "similarity": 0.7489}, {"filename": "87bui9", "similarity": 0.7473}, {"filename": "68f5yw", "similarity": 0.7443}, {"filename": "76bgtf", "similarity": 0.7435}, {"filename": "7eyfx8", "similarity": 0.7353}, {"filename": "6w3zoq", "similarity": 0.7329}, {"filename": "7evkia", "similarity": 0.7315}, {"filename": "7zk2o5", "similarity": 0.731}, {"filename": "7bbx3t", "similarity": 0.7282}, {"filename": "6pfrsw", "similarity": 0.7254}, {"filename": "83ogwn", "similarity": 0.7253}, {"filename": "74sbot", "similarity": 0.7247}, {"filename": "7jb6ra", "similarity": 0.7237}, {"filename": "71xtda", "similarity": 0.723}, {"filename": "6gfixi", "similarity": 0.7226}, {"filename": "71qgl8", "similarity": 0.7221}, {"filename": "6jjs76", "similarity": 0.7219}, {"filename": "6zk93p", "similarity": 0.7217}, {"filename": "8545a0", "similarity": 0.7204}, {"filename": "7yc681", "similarity": 0.7204}, {"filename": "7bllvq", "similarity": 0.7202}, {"filename": "89jhg9", "similarity": 0.7188}, {"filename": "84276b", "similarity": 0.7188}, {"filename": "88m8ed", "similarity": 0.7185}, {"filename": "6wiy6z", "similarity": 0.7183}, {"filename": "860mv0", "similarity": 0.716}, {"filename": "813u7o", "similarity": 0.7159}, {"filename": "7oi2bw", "similarity": 0.7158}, {"filename": "8bfhdc", "similarity": 0.7155}]