[{"filename": "65qpqo", "similarity": 1.0}, {"filename": "76py0q", "similarity": 0.7684}, {"filename": "5tn9h2", "similarity": 0.7633}, {"filename": "7eqpoq", "similarity": 0.7627}, {"filename": "6a5x8z", "similarity": 0.757}, {"filename": "2jwc52", "similarity": 0.7538}, {"filename": "87qycb", "similarity": 0.7534}, {"filename": "6w4yg1", "similarity": 0.7528}, {"filename": "80vbs9", "similarity": 0.7528}, {"filename": "7krkja", "similarity": 0.7471}, {"filename": "7qs2j1", "similarity": 0.7469}, {"filename": "6rcqoy", "similarity": 0.7461}, {"filename": "7qbcqw", "similarity": 0.7461}, {"filename": "7g8rvt", "similarity": 0.7455}, {"filename": "764ipi", "similarity": 0.7445}, {"filename": "6qraiw", "similarity": 0.7445}, {"filename": "6vakeh", "similarity": 0.7438}, {"filename": "7tp55f", "similarity": 0.742}, {"filename": "6110zu", "similarity": 0.7417}, {"filename": "7xxv3g", "similarity": 0.7417}, {"filename": "5ju0by", "similarity": 0.7407}, {"filename": "72kbnn", "similarity": 0.7406}, {"filename": "5zdcxz", "similarity": 0.7399}, {"filename": "6uotwz", "similarity": 0.7397}, {"filename": "66v42v", "similarity": 0.7393}, {"filename": "5arvnc", "similarity": 0.7382}, {"filename": "694o6h", "similarity": 0.7377}, {"filename": "7eadxh", "similarity": 0.7375}, {"filename": "7gl3uw", "similarity": 0.7355}, {"filename": "7ljjyu", "similarity": 0.7342}]