[{"filename": "65ryr3", "similarity": 1.0}, {"filename": "6zswhs", "similarity": 0.7007}, {"filename": "753ya6", "similarity": 0.694}, {"filename": "6ht583", "similarity": 0.6898}, {"filename": "5bnbyl", "similarity": 0.6672}, {"filename": "79c8ut", "similarity": 0.6603}, {"filename": "7z6wn5", "similarity": 0.6578}, {"filename": "7yv9xi", "similarity": 0.6577}, {"filename": "79zju3", "similarity": 0.6526}, {"filename": "7iyyyq", "similarity": 0.6506}, {"filename": "659xhm", "similarity": 0.6496}, {"filename": "7zojp5", "similarity": 0.6494}, {"filename": "5jz83w", "similarity": 0.646}, {"filename": "64nsa1", "similarity": 0.6447}, {"filename": "85q168", "similarity": 0.6444}, {"filename": "6mj84n", "similarity": 0.6444}, {"filename": "7pbhh9", "similarity": 0.6413}, {"filename": "824se7", "similarity": 0.6404}, {"filename": "7pflwy", "similarity": 0.64}, {"filename": "6ugry3", "similarity": 0.6373}, {"filename": "5jy6j5", "similarity": 0.6371}, {"filename": "7z3rzi", "similarity": 0.637}, {"filename": "67b4nk", "similarity": 0.6365}, {"filename": "6h81f0", "similarity": 0.636}, {"filename": "6m4on7", "similarity": 0.6351}, {"filename": "7yhaey", "similarity": 0.6336}, {"filename": "758iwv", "similarity": 0.6322}, {"filename": "7n4rku", "similarity": 0.6321}, {"filename": "7wp27w", "similarity": 0.6316}, {"filename": "4n03j2", "similarity": 0.6301}]