[{"filename": "65spo9", "similarity": 1.0}, {"filename": "6kei76", "similarity": 0.8927}, {"filename": "6fywgb", "similarity": 0.8639}, {"filename": "6b3pmb", "similarity": 0.8615}, {"filename": "7kkyh7", "similarity": 0.858}, {"filename": "780ou2", "similarity": 0.8577}, {"filename": "63e94t", "similarity": 0.8521}, {"filename": "6op5td", "similarity": 0.849}, {"filename": "7ksoks", "similarity": 0.8441}, {"filename": "7b8ec6", "similarity": 0.8424}, {"filename": "7hgq0j", "similarity": 0.8385}, {"filename": "6elhmh", "similarity": 0.8381}, {"filename": "7r6fwd", "similarity": 0.836}, {"filename": "63hr7f", "similarity": 0.8332}, {"filename": "7uphc0", "similarity": 0.8317}, {"filename": "7v765s", "similarity": 0.8301}, {"filename": "7v8n73", "similarity": 0.8281}, {"filename": "6y6m6o", "similarity": 0.827}, {"filename": "7i8x64", "similarity": 0.8261}, {"filename": "7zl28j", "similarity": 0.8244}, {"filename": "7q7qxv", "similarity": 0.8241}, {"filename": "7x3j6b", "similarity": 0.8185}, {"filename": "6zt5g9", "similarity": 0.8171}, {"filename": "7mefns", "similarity": 0.811}, {"filename": "7r8r08", "similarity": 0.8074}, {"filename": "7mkihv", "similarity": 0.8065}, {"filename": "6s4ukh", "similarity": 0.8048}, {"filename": "7io1hk", "similarity": 0.8041}, {"filename": "81cfzm", "similarity": 0.8039}, {"filename": "83j56y", "similarity": 0.8031}]