[{"filename": "65utsz", "similarity": 1.0}, {"filename": "7yvhnn", "similarity": 0.9385}, {"filename": "6cyyt6", "similarity": 0.9267}, {"filename": "6uaaig", "similarity": 0.9224}, {"filename": "6jep8t", "similarity": 0.917}, {"filename": "7lxm6a", "similarity": 0.9154}, {"filename": "8bqnpi", "similarity": 0.9143}, {"filename": "6d52ri", "similarity": 0.9108}, {"filename": "6u4fiw", "similarity": 0.9106}, {"filename": "86k7d8", "similarity": 0.909}, {"filename": "6ura8f", "similarity": 0.9057}, {"filename": "5y7fcn", "similarity": 0.9056}, {"filename": "7zxjo1", "similarity": 0.9052}, {"filename": "71ag2y", "similarity": 0.9048}, {"filename": "6ar6jp", "similarity": 0.9032}, {"filename": "8au6w5", "similarity": 0.9019}, {"filename": "7aee7l", "similarity": 0.901}, {"filename": "7hzxyp", "similarity": 0.8999}, {"filename": "81q1jc", "similarity": 0.8997}, {"filename": "6g7zy4", "similarity": 0.8993}, {"filename": "7kgp7b", "similarity": 0.898}, {"filename": "694o6h", "similarity": 0.8977}, {"filename": "7ds19z", "similarity": 0.8958}, {"filename": "845gft", "similarity": 0.8936}, {"filename": "7r0rgu", "similarity": 0.8904}, {"filename": "7d1gp6", "similarity": 0.8903}, {"filename": "6x626v", "similarity": 0.8903}, {"filename": "2wod3h", "similarity": 0.8901}, {"filename": "7jr7wl", "similarity": 0.8896}, {"filename": "6j9pi4", "similarity": 0.8831}]