[{"filename": "65vkr7", "similarity": 1.0}, {"filename": "6qtqaj", "similarity": 0.8189}, {"filename": "6r45yj", "similarity": 0.8134}, {"filename": "6prl7d", "similarity": 0.7992}, {"filename": "742hob", "similarity": 0.7968}, {"filename": "621plf", "similarity": 0.7959}, {"filename": "7pp195", "similarity": 0.7874}, {"filename": "56qdez", "similarity": 0.7872}, {"filename": "7ivcuz", "similarity": 0.7837}, {"filename": "70s4nk", "similarity": 0.7792}, {"filename": "79140k", "similarity": 0.7764}, {"filename": "6m9zpb", "similarity": 0.7729}, {"filename": "5xmw8j", "similarity": 0.7709}, {"filename": "6m6ijv", "similarity": 0.7637}, {"filename": "6s929y", "similarity": 0.7614}, {"filename": "7sl3bo", "similarity": 0.7608}, {"filename": "78v78c", "similarity": 0.7607}, {"filename": "6sbhhg", "similarity": 0.7606}, {"filename": "7yc681", "similarity": 0.7599}, {"filename": "7n3ucg", "similarity": 0.7595}, {"filename": "7nuogh", "similarity": 0.7584}, {"filename": "6s1yh6", "similarity": 0.7574}, {"filename": "696yfo", "similarity": 0.7557}, {"filename": "7v0chz", "similarity": 0.755}, {"filename": "7xhd7e", "similarity": 0.7505}, {"filename": "7yd50c", "similarity": 0.7503}, {"filename": "72bdli", "similarity": 0.7501}, {"filename": "814x99", "similarity": 0.7501}, {"filename": "86qzd9", "similarity": 0.7494}, {"filename": "74sbot", "similarity": 0.7491}]