[{"filename": "65vn0c", "similarity": 1.0}, {"filename": "877uio", "similarity": 0.7976}, {"filename": "57llud", "similarity": 0.7784}, {"filename": "67uw7a", "similarity": 0.7618}, {"filename": "6zr2d1", "similarity": 0.7618}, {"filename": "76bgtf", "similarity": 0.7613}, {"filename": "681sxi", "similarity": 0.7542}, {"filename": "7m8av1", "similarity": 0.7532}, {"filename": "64x971", "similarity": 0.7507}, {"filename": "649ejf", "similarity": 0.7504}, {"filename": "7nobgm", "similarity": 0.749}, {"filename": "71xtda", "similarity": 0.7464}, {"filename": "6axb43", "similarity": 0.7462}, {"filename": "77dcmc", "similarity": 0.7453}, {"filename": "84v18j", "similarity": 0.7451}, {"filename": "813u7o", "similarity": 0.7447}, {"filename": "7yuvie", "similarity": 0.7438}, {"filename": "6jfvj2", "similarity": 0.7435}, {"filename": "8c1zjk", "similarity": 0.7434}, {"filename": "6v0ttt", "similarity": 0.7428}, {"filename": "7awy3m", "similarity": 0.7423}, {"filename": "777dq8", "similarity": 0.7419}, {"filename": "8alael", "similarity": 0.7417}, {"filename": "6uiwov", "similarity": 0.7406}, {"filename": "6n10qg", "similarity": 0.7401}, {"filename": "5ts0u0", "similarity": 0.7394}, {"filename": "6b4p6i", "similarity": 0.7393}, {"filename": "89jhg9", "similarity": 0.7391}, {"filename": "6jjs76", "similarity": 0.7378}, {"filename": "6hzhr7", "similarity": 0.7367}]