[{"filename": "65xxek", "similarity": 1.0}, {"filename": "7cbeqr", "similarity": 0.7619}, {"filename": "83xauq", "similarity": 0.7619}, {"filename": "6ydocu", "similarity": 0.7612}, {"filename": "6kwi05", "similarity": 0.758}, {"filename": "7xy7z8", "similarity": 0.7558}, {"filename": "7jb6ra", "similarity": 0.7536}, {"filename": "6ohxty", "similarity": 0.7496}, {"filename": "872w7m", "similarity": 0.7496}, {"filename": "796l3m", "similarity": 0.7483}, {"filename": "7jt60o", "similarity": 0.748}, {"filename": "7kl6ng", "similarity": 0.7466}, {"filename": "60uded", "similarity": 0.7464}, {"filename": "798vdy", "similarity": 0.7464}, {"filename": "8ajt81", "similarity": 0.7462}, {"filename": "7bllvq", "similarity": 0.7455}, {"filename": "87ulnx", "similarity": 0.7455}, {"filename": "8537j5", "similarity": 0.7452}, {"filename": "75gsh4", "similarity": 0.7448}, {"filename": "5zdcxz", "similarity": 0.7446}, {"filename": "7ycugd", "similarity": 0.7446}, {"filename": "6ll67v", "similarity": 0.7442}, {"filename": "7x9fnv", "similarity": 0.7427}, {"filename": "7nbmg0", "similarity": 0.7425}, {"filename": "84ql3l", "similarity": 0.7421}, {"filename": "8amvlk", "similarity": 0.742}, {"filename": "6xzk1w", "similarity": 0.7409}, {"filename": "7es70k", "similarity": 0.7393}, {"filename": "8b4vul", "similarity": 0.7387}, {"filename": "76py0q", "similarity": 0.7383}]