[{"filename": "661q07", "similarity": 1.0}, {"filename": "73lhor", "similarity": 0.7473}, {"filename": "7053ed", "similarity": 0.7402}, {"filename": "7tpjg5", "similarity": 0.7282}, {"filename": "5p2s2w", "similarity": 0.7266}, {"filename": "8545a0", "similarity": 0.7148}, {"filename": "72666v", "similarity": 0.7109}, {"filename": "8bp25n", "similarity": 0.7092}, {"filename": "6usbpx", "similarity": 0.7085}, {"filename": "7uhliv", "similarity": 0.7077}, {"filename": "50bm0e", "similarity": 0.7066}, {"filename": "7qjbn8", "similarity": 0.7058}, {"filename": "82xmua", "similarity": 0.7056}, {"filename": "7g18cy", "similarity": 0.7032}, {"filename": "7wdi8n", "similarity": 0.7024}, {"filename": "852pfn", "similarity": 0.6992}, {"filename": "8a0t3u", "similarity": 0.6975}, {"filename": "7eh5w0", "similarity": 0.6974}, {"filename": "84c224", "similarity": 0.6969}, {"filename": "7sgbjp", "similarity": 0.6968}, {"filename": "6fldhu", "similarity": 0.6962}, {"filename": "7leo29", "similarity": 0.6958}, {"filename": "6gzkgy", "similarity": 0.6955}, {"filename": "7y0uz4", "similarity": 0.6951}, {"filename": "84ibm0", "similarity": 0.6944}, {"filename": "6hgevb", "similarity": 0.6944}, {"filename": "6gk6aq", "similarity": 0.6903}, {"filename": "8bzlp5", "similarity": 0.6897}, {"filename": "822zm2", "similarity": 0.6887}, {"filename": "6sy786", "similarity": 0.6883}]