[{"filename": "661ycu", "similarity": 1.0}, {"filename": "79581u", "similarity": 0.7182}, {"filename": "65qpqo", "similarity": 0.7168}, {"filename": "6hk078", "similarity": 0.7028}, {"filename": "7eqpoq", "similarity": 0.6995}, {"filename": "7oe04z", "similarity": 0.6906}, {"filename": "764ipi", "similarity": 0.6899}, {"filename": "6o05ag", "similarity": 0.6879}, {"filename": "746ldz", "similarity": 0.6872}, {"filename": "7bllvq", "similarity": 0.6863}, {"filename": "7jt60o", "similarity": 0.6829}, {"filename": "8c0hms", "similarity": 0.6827}, {"filename": "7gzgbv", "similarity": 0.6824}, {"filename": "6twqdf", "similarity": 0.6804}, {"filename": "7ds72n", "similarity": 0.6799}, {"filename": "88m8ed", "similarity": 0.6791}, {"filename": "838k8s", "similarity": 0.6778}, {"filename": "7vscl8", "similarity": 0.6766}, {"filename": "6tf4id", "similarity": 0.6761}, {"filename": "6tfkzr", "similarity": 0.6761}, {"filename": "7ig1xw", "similarity": 0.6756}, {"filename": "7cn0vu", "similarity": 0.6755}, {"filename": "82nhek", "similarity": 0.6755}, {"filename": "7cppoy", "similarity": 0.6748}, {"filename": "82o73g", "similarity": 0.672}, {"filename": "7x0kju", "similarity": 0.6718}, {"filename": "7joubl", "similarity": 0.6709}, {"filename": "5j8gyh", "similarity": 0.6709}, {"filename": "777dq8", "similarity": 0.6704}, {"filename": "80dddd", "similarity": 0.6697}]