[{"filename": "662rju", "similarity": 1.0}, {"filename": "87hxtr", "similarity": 0.794}, {"filename": "82lt3r", "similarity": 0.7827}, {"filename": "6nh3he", "similarity": 0.7802}, {"filename": "7wq7q4", "similarity": 0.7793}, {"filename": "6uw4h3", "similarity": 0.7715}, {"filename": "89dnlq", "similarity": 0.7658}, {"filename": "6wiy6z", "similarity": 0.7624}, {"filename": "7ws6ou", "similarity": 0.7622}, {"filename": "8b1u7r", "similarity": 0.7617}, {"filename": "7msepc", "similarity": 0.7593}, {"filename": "871ith", "similarity": 0.7554}, {"filename": "6ml1a6", "similarity": 0.7549}, {"filename": "6knenp", "similarity": 0.7538}, {"filename": "7t75fl", "similarity": 0.7534}, {"filename": "68zhl0", "similarity": 0.7529}, {"filename": "86lolr", "similarity": 0.7524}, {"filename": "76q5dn", "similarity": 0.7505}, {"filename": "8c30hr", "similarity": 0.7505}, {"filename": "861uzv", "similarity": 0.7475}, {"filename": "6lcnf5", "similarity": 0.7463}, {"filename": "7qm4v2", "similarity": 0.746}, {"filename": "86wayp", "similarity": 0.7454}, {"filename": "85xpmy", "similarity": 0.7449}, {"filename": "8bpwl8", "similarity": 0.7447}, {"filename": "5nlru8", "similarity": 0.7441}, {"filename": "6l5imf", "similarity": 0.7438}, {"filename": "7bllvq", "similarity": 0.7438}, {"filename": "6901p4", "similarity": 0.7436}, {"filename": "7lswh6", "similarity": 0.7434}]