[{"filename": "663hgx", "similarity": 1.0}, {"filename": "7imuah", "similarity": 0.7506}, {"filename": "71xtda", "similarity": 0.7424}, {"filename": "64pzpi", "similarity": 0.7391}, {"filename": "7vt5yg", "similarity": 0.7345}, {"filename": "57llud", "similarity": 0.7334}, {"filename": "76bgtf", "similarity": 0.7333}, {"filename": "7oi2bw", "similarity": 0.733}, {"filename": "778qpa", "similarity": 0.7319}, {"filename": "6w3zoq", "similarity": 0.7307}, {"filename": "7bbx3t", "similarity": 0.7276}, {"filename": "6wiy6z", "similarity": 0.7269}, {"filename": "7t75fl", "similarity": 0.7267}, {"filename": "7vwhyi", "similarity": 0.7263}, {"filename": "681sxi", "similarity": 0.7261}, {"filename": "7ry1nn", "similarity": 0.7252}, {"filename": "6l5imf", "similarity": 0.7251}, {"filename": "7mdw63", "similarity": 0.7244}, {"filename": "8by5s6", "similarity": 0.7243}, {"filename": "84c77w", "similarity": 0.7232}, {"filename": "6zk93p", "similarity": 0.723}, {"filename": "7s5vtd", "similarity": 0.7226}, {"filename": "6msu80", "similarity": 0.7225}, {"filename": "6fldhu", "similarity": 0.7225}, {"filename": "5kd1cs", "similarity": 0.7224}, {"filename": "6jrqvz", "similarity": 0.7222}, {"filename": "71nusf", "similarity": 0.7222}, {"filename": "7feyjq", "similarity": 0.7211}, {"filename": "72eue8", "similarity": 0.7209}, {"filename": "6zf56f", "similarity": 0.7205}]