[{"filename": "664lop", "similarity": 1.0}, {"filename": "86ra59", "similarity": 0.7768}, {"filename": "73cufe", "similarity": 0.7398}, {"filename": "8agvye", "similarity": 0.7223}, {"filename": "79koa9", "similarity": 0.7198}, {"filename": "6uiilj", "similarity": 0.7138}, {"filename": "6w6so6", "similarity": 0.7116}, {"filename": "6myafs", "similarity": 0.706}, {"filename": "5z4kzq", "similarity": 0.7001}, {"filename": "83p8ks", "similarity": 0.7001}, {"filename": "7hnx4g", "similarity": 0.6995}, {"filename": "84cmm7", "similarity": 0.6991}, {"filename": "6mvikj", "similarity": 0.6952}, {"filename": "7n4rku", "similarity": 0.6944}, {"filename": "6v4449", "similarity": 0.6922}, {"filename": "74eutg", "similarity": 0.6919}, {"filename": "7msepc", "similarity": 0.6916}, {"filename": "88hcjq", "similarity": 0.691}, {"filename": "6nh3he", "similarity": 0.6904}, {"filename": "67nxwc", "similarity": 0.6901}, {"filename": "34fi1c", "similarity": 0.6895}, {"filename": "798286", "similarity": 0.6872}, {"filename": "777ts1", "similarity": 0.6868}, {"filename": "72jsri", "similarity": 0.6866}, {"filename": "8bp25n", "similarity": 0.6864}, {"filename": "8aaqdw", "similarity": 0.6854}, {"filename": "7xgya2", "similarity": 0.6852}, {"filename": "7vuzzg", "similarity": 0.6846}, {"filename": "7a0mxs", "similarity": 0.6844}, {"filename": "7uieq2", "similarity": 0.6838}]