[{"filename": "66913o", "similarity": 1.0}, {"filename": "7h0598", "similarity": 0.8523}, {"filename": "6v9raf", "similarity": 0.8237}, {"filename": "859ryk", "similarity": 0.8101}, {"filename": "8bhgy4", "similarity": 0.7972}, {"filename": "5cvoe1", "similarity": 0.7937}, {"filename": "88zu29", "similarity": 0.7924}, {"filename": "78586f", "similarity": 0.7876}, {"filename": "7wp608", "similarity": 0.7837}, {"filename": "7oobdy", "similarity": 0.7787}, {"filename": "8bjwxl", "similarity": 0.7754}, {"filename": "7wrw6t", "similarity": 0.7716}, {"filename": "8bfhyy", "similarity": 0.7702}, {"filename": "6agrw7", "similarity": 0.7702}, {"filename": "5qmz6x", "similarity": 0.77}, {"filename": "85je13", "similarity": 0.7679}, {"filename": "8039cx", "similarity": 0.7674}, {"filename": "7xymri", "similarity": 0.7672}, {"filename": "654uru", "similarity": 0.7668}, {"filename": "7suu6t", "similarity": 0.764}, {"filename": "7zm6u8", "similarity": 0.7637}, {"filename": "7g10xb", "similarity": 0.7586}, {"filename": "7xs3ce", "similarity": 0.7584}, {"filename": "5ziik0", "similarity": 0.7544}, {"filename": "7k66ah", "similarity": 0.7524}, {"filename": "70iv5x", "similarity": 0.7521}, {"filename": "7ojqjm", "similarity": 0.7513}, {"filename": "5rn537", "similarity": 0.7504}, {"filename": "5y977j", "similarity": 0.7497}, {"filename": "6ywan1", "similarity": 0.7472}]