[{"filename": "6697tp", "similarity": 1.0}, {"filename": "7vys0s", "similarity": 0.8169}, {"filename": "7teiru", "similarity": 0.8101}, {"filename": "7zhi8k", "similarity": 0.7938}, {"filename": "6wi37k", "similarity": 0.7932}, {"filename": "777dq8", "similarity": 0.7929}, {"filename": "88obdj", "similarity": 0.7918}, {"filename": "7wsmdd", "similarity": 0.7911}, {"filename": "7qnyh1", "similarity": 0.7909}, {"filename": "6cf95j", "similarity": 0.7908}, {"filename": "7fjkmu", "similarity": 0.7901}, {"filename": "6rrnmh", "similarity": 0.7867}, {"filename": "71nusf", "similarity": 0.7863}, {"filename": "7ostjp", "similarity": 0.785}, {"filename": "8545a0", "similarity": 0.7848}, {"filename": "7ia8ck", "similarity": 0.7847}, {"filename": "74n3el", "similarity": 0.7829}, {"filename": "76bgtf", "similarity": 0.781}, {"filename": "87ulnx", "similarity": 0.7807}, {"filename": "74muva", "similarity": 0.7804}, {"filename": "6pvi1m", "similarity": 0.7802}, {"filename": "7ry1nn", "similarity": 0.7799}, {"filename": "5ts0u0", "similarity": 0.7787}, {"filename": "71xtda", "similarity": 0.7777}, {"filename": "6t5y75", "similarity": 0.7764}, {"filename": "83tato", "similarity": 0.7755}, {"filename": "7oam47", "similarity": 0.7754}, {"filename": "82lt3r", "similarity": 0.7747}, {"filename": "6ic2ro", "similarity": 0.7746}, {"filename": "6dyhpc", "similarity": 0.7736}]