[{"filename": "669lzy", "similarity": 1.0}, {"filename": "8bqxxu", "similarity": 0.9715}, {"filename": "86ra8o", "similarity": 0.9631}, {"filename": "7jj3am", "similarity": 0.9208}, {"filename": "7uqq3i", "similarity": 0.8853}, {"filename": "5rn537", "similarity": 0.828}, {"filename": "6feflv", "similarity": 0.8279}, {"filename": "76q5dn", "similarity": 0.8276}, {"filename": "77zi1c", "similarity": 0.8165}, {"filename": "7zm6u8", "similarity": 0.8132}, {"filename": "7h2egc", "similarity": 0.8131}, {"filename": "8bhizo", "similarity": 0.8094}, {"filename": "6c18mu", "similarity": 0.8077}, {"filename": "8bfhyy", "similarity": 0.8072}, {"filename": "60sn7y", "similarity": 0.8019}, {"filename": "5qmz6x", "similarity": 0.8015}, {"filename": "7kdmjj", "similarity": 0.7983}, {"filename": "7hwup6", "similarity": 0.7971}, {"filename": "7d8wwt", "similarity": 0.7952}, {"filename": "7fwh9f", "similarity": 0.7915}, {"filename": "8c3oy0", "similarity": 0.7897}, {"filename": "6rrnmh", "similarity": 0.7846}, {"filename": "7xh5sk", "similarity": 0.784}, {"filename": "7ay0mc", "similarity": 0.7819}, {"filename": "5cvoe1", "similarity": 0.7818}, {"filename": "8aiynr", "similarity": 0.7814}, {"filename": "7bgtxg", "similarity": 0.781}, {"filename": "6vkhe3", "similarity": 0.7806}, {"filename": "6ok7mv", "similarity": 0.7796}, {"filename": "7xr1gm", "similarity": 0.7791}]