[{"filename": "66cfwe", "similarity": 1.0}, {"filename": "7nszml", "similarity": 0.598}, {"filename": "5q9rs5", "similarity": 0.572}, {"filename": "8b1pgt", "similarity": 0.5671}, {"filename": "6zekf3", "similarity": 0.5667}, {"filename": "7tzxbu", "similarity": 0.5628}, {"filename": "871ith", "similarity": 0.5614}, {"filename": "6yu1x3", "similarity": 0.5565}, {"filename": "7x88fk", "similarity": 0.5548}, {"filename": "721nk7", "similarity": 0.5509}, {"filename": "7a326f", "similarity": 0.5483}, {"filename": "5ulmc4", "similarity": 0.5482}, {"filename": "8b8tzr", "similarity": 0.5477}, {"filename": "6vqf9g", "similarity": 0.5476}, {"filename": "71clvt", "similarity": 0.5456}, {"filename": "74eutg", "similarity": 0.5445}, {"filename": "7m3ou9", "similarity": 0.5443}, {"filename": "7z3raa", "similarity": 0.5427}, {"filename": "7f62cg", "similarity": 0.5416}, {"filename": "76p702", "similarity": 0.5413}, {"filename": "81rl7c", "similarity": 0.5397}, {"filename": "6dtouw", "similarity": 0.5396}, {"filename": "75l8k4", "similarity": 0.539}, {"filename": "6v4449", "similarity": 0.5389}, {"filename": "8bwsj2", "similarity": 0.5386}, {"filename": "7nlq1z", "similarity": 0.5378}, {"filename": "89z0mi", "similarity": 0.537}, {"filename": "7t75fl", "similarity": 0.537}, {"filename": "6586ox", "similarity": 0.537}, {"filename": "6pyc24", "similarity": 0.5369}]