[{"filename": "66ghjz", "similarity": 1.0}, {"filename": "74muva", "similarity": 0.7995}, {"filename": "7vys0s", "similarity": 0.7937}, {"filename": "6u152p", "similarity": 0.7897}, {"filename": "822zm2", "similarity": 0.7829}, {"filename": "7oam47", "similarity": 0.782}, {"filename": "6bbvrv", "similarity": 0.7775}, {"filename": "6wiy6z", "similarity": 0.7727}, {"filename": "678jwd", "similarity": 0.772}, {"filename": "8by5s6", "similarity": 0.7716}, {"filename": "701qav", "similarity": 0.7706}, {"filename": "6697tp", "similarity": 0.7701}, {"filename": "7l872g", "similarity": 0.7697}, {"filename": "636ufe", "similarity": 0.7677}, {"filename": "6oe37l", "similarity": 0.7674}, {"filename": "6u9bh1", "similarity": 0.7669}, {"filename": "7o5ctm", "similarity": 0.7665}, {"filename": "89jhg9", "similarity": 0.7651}, {"filename": "71xtda", "similarity": 0.7638}, {"filename": "7erm8n", "similarity": 0.7636}, {"filename": "87kksm", "similarity": 0.7634}, {"filename": "76bgtf", "similarity": 0.7627}, {"filename": "6dqjle", "similarity": 0.7623}, {"filename": "7wt8ej", "similarity": 0.7623}, {"filename": "6dyhpc", "similarity": 0.7621}, {"filename": "6x23n6", "similarity": 0.7617}, {"filename": "82lt3r", "similarity": 0.7611}, {"filename": "7vjh7h", "similarity": 0.7608}, {"filename": "7vbgih", "similarity": 0.7605}, {"filename": "7l8d84", "similarity": 0.7604}]