[{"filename": "66gica", "similarity": 1.0}, {"filename": "5en86y", "similarity": 0.8059}, {"filename": "81qjgq", "similarity": 0.7963}, {"filename": "81ozi4", "similarity": 0.794}, {"filename": "6k72kv", "similarity": 0.7878}, {"filename": "6jlf3y", "similarity": 0.7877}, {"filename": "75pd9h", "similarity": 0.7845}, {"filename": "6ajgjc", "similarity": 0.7831}, {"filename": "7uwxmc", "similarity": 0.782}, {"filename": "7by162", "similarity": 0.7818}, {"filename": "85r3r8", "similarity": 0.7801}, {"filename": "6so8mf", "similarity": 0.78}, {"filename": "7t5vnh", "similarity": 0.7778}, {"filename": "71s6g5", "similarity": 0.7771}, {"filename": "6ggaih", "similarity": 0.7761}, {"filename": "86a9rb", "similarity": 0.775}, {"filename": "7wtsxz", "similarity": 0.7722}, {"filename": "6zuxuq", "similarity": 0.7716}, {"filename": "85uvsi", "similarity": 0.771}, {"filename": "56h87o", "similarity": 0.77}, {"filename": "76xsjt", "similarity": 0.7699}, {"filename": "677ru0", "similarity": 0.7688}, {"filename": "6e0har", "similarity": 0.7678}, {"filename": "7zmvs5", "similarity": 0.7645}, {"filename": "6y67ml", "similarity": 0.7643}, {"filename": "8bgoej", "similarity": 0.7641}, {"filename": "6ms6r0", "similarity": 0.7633}, {"filename": "7xiji5", "similarity": 0.7632}, {"filename": "847hox", "similarity": 0.7621}, {"filename": "5cqpm4", "similarity": 0.762}]