[{"filename": "66h8cq", "similarity": 1.0}, {"filename": "8a6p2i", "similarity": 0.7716}, {"filename": "6hlgbr", "similarity": 0.7689}, {"filename": "6m4on7", "similarity": 0.7644}, {"filename": "7hqv1z", "similarity": 0.7634}, {"filename": "886g8g", "similarity": 0.7634}, {"filename": "7wrw6t", "similarity": 0.7619}, {"filename": "5mnly2", "similarity": 0.7603}, {"filename": "5ziik0", "similarity": 0.7592}, {"filename": "6vhecf", "similarity": 0.7579}, {"filename": "654uru", "similarity": 0.7563}, {"filename": "6kmije", "similarity": 0.7562}, {"filename": "7ksk62", "similarity": 0.7533}, {"filename": "5cvoe1", "similarity": 0.7529}, {"filename": "8039cx", "similarity": 0.7491}, {"filename": "7wp608", "similarity": 0.7455}, {"filename": "7g10xb", "similarity": 0.7452}, {"filename": "64vt66", "similarity": 0.7427}, {"filename": "609oyp", "similarity": 0.7352}, {"filename": "6gndiv", "similarity": 0.7341}, {"filename": "6fqkkg", "similarity": 0.7316}, {"filename": "5mwqbb", "similarity": 0.7297}, {"filename": "88rflu", "similarity": 0.7249}, {"filename": "7ay0mc", "similarity": 0.7239}, {"filename": "5u9icj", "similarity": 0.723}, {"filename": "7an4ev", "similarity": 0.722}, {"filename": "7tqedo", "similarity": 0.7212}, {"filename": "7snc00", "similarity": 0.7204}, {"filename": "6s1yh6", "similarity": 0.7199}, {"filename": "5rn537", "similarity": 0.7172}]