[{"filename": "66hudv", "similarity": 1.0}, {"filename": "7teiru", "similarity": 0.7829}, {"filename": "7wyl25", "similarity": 0.7776}, {"filename": "8545a0", "similarity": 0.7726}, {"filename": "74muva", "similarity": 0.7717}, {"filename": "6hgevb", "similarity": 0.7655}, {"filename": "6jfvj2", "similarity": 0.7636}, {"filename": "7836pp", "similarity": 0.7606}, {"filename": "7goylm", "similarity": 0.7599}, {"filename": "7uryha", "similarity": 0.7599}, {"filename": "6gyfvu", "similarity": 0.7588}, {"filename": "7uhliv", "similarity": 0.7563}, {"filename": "7ulthr", "similarity": 0.7539}, {"filename": "6jjs76", "similarity": 0.7528}, {"filename": "7fa9am", "similarity": 0.752}, {"filename": "7szw80", "similarity": 0.7493}, {"filename": "7qzz1u", "similarity": 0.748}, {"filename": "6ohxty", "similarity": 0.7479}, {"filename": "872w7m", "similarity": 0.7479}, {"filename": "6l5imf", "similarity": 0.746}, {"filename": "6gzkgy", "similarity": 0.7448}, {"filename": "76bgtf", "similarity": 0.7441}, {"filename": "6uw4h3", "similarity": 0.7434}, {"filename": "7on3ac", "similarity": 0.743}, {"filename": "871ith", "similarity": 0.743}, {"filename": "7nlq1z", "similarity": 0.7424}, {"filename": "6mdhpg", "similarity": 0.7422}, {"filename": "7p7ghy", "similarity": 0.7416}, {"filename": "7y0uz4", "similarity": 0.7408}, {"filename": "813u7o", "similarity": 0.7405}]