[{"filename": "66kh9w", "similarity": 1.0}, {"filename": "79zqqj", "similarity": 0.7476}, {"filename": "3vurw8", "similarity": 0.7335}, {"filename": "8c6778", "similarity": 0.7282}, {"filename": "7tubvl", "similarity": 0.7122}, {"filename": "7g31hl", "similarity": 0.7112}, {"filename": "7bno60", "similarity": 0.7089}, {"filename": "6h81f0", "similarity": 0.7067}, {"filename": "865b08", "similarity": 0.7043}, {"filename": "7yaxav", "similarity": 0.7028}, {"filename": "7gznqx", "similarity": 0.7023}, {"filename": "81qecl", "similarity": 0.6985}, {"filename": "758iwv", "similarity": 0.698}, {"filename": "5arvnc", "similarity": 0.6934}, {"filename": "7ddt8r", "similarity": 0.691}, {"filename": "6qgh3m", "similarity": 0.6874}, {"filename": "6m4on7", "similarity": 0.6868}, {"filename": "76zs8f", "similarity": 0.684}, {"filename": "6ht583", "similarity": 0.6827}, {"filename": "5yv736", "similarity": 0.6806}, {"filename": "5mnly2", "similarity": 0.6797}, {"filename": "857294", "similarity": 0.6794}, {"filename": "80nma3", "similarity": 0.678}, {"filename": "7k9fr0", "similarity": 0.678}, {"filename": "7r1j9u", "similarity": 0.6773}, {"filename": "6zswhs", "similarity": 0.6727}, {"filename": "7px0on", "similarity": 0.6717}, {"filename": "6b3d97", "similarity": 0.6705}, {"filename": "5u9icj", "similarity": 0.6688}, {"filename": "7fjkmu", "similarity": 0.6685}]