[{"filename": "66o9x9", "similarity": 1.0}, {"filename": "5x3tz6", "similarity": 0.7254}, {"filename": "74hnzc", "similarity": 0.7243}, {"filename": "7bdw6h", "similarity": 0.7195}, {"filename": "7rt3gk", "similarity": 0.7172}, {"filename": "6wtj4n", "similarity": 0.7147}, {"filename": "6axb43", "similarity": 0.7113}, {"filename": "79seiu", "similarity": 0.7099}, {"filename": "7l8d84", "similarity": 0.7085}, {"filename": "681sxi", "similarity": 0.7062}, {"filename": "6nkdii", "similarity": 0.7058}, {"filename": "7zmkyb", "similarity": 0.7047}, {"filename": "6twqdf", "similarity": 0.7041}, {"filename": "813u7o", "similarity": 0.7039}, {"filename": "7z71yd", "similarity": 0.7023}, {"filename": "6ykn7w", "similarity": 0.702}, {"filename": "64x971", "similarity": 0.7006}, {"filename": "5ts0u0", "similarity": 0.6997}, {"filename": "73vfo2", "similarity": 0.6991}, {"filename": "89nxd5", "similarity": 0.6988}, {"filename": "7oq2xz", "similarity": 0.6982}, {"filename": "8b7bjx", "similarity": 0.6979}, {"filename": "73pv87", "similarity": 0.6971}, {"filename": "80bpyc", "similarity": 0.6969}, {"filename": "5mt4q8", "similarity": 0.696}, {"filename": "7skvd1", "similarity": 0.6959}, {"filename": "5gz7xq", "similarity": 0.6952}, {"filename": "71xtda", "similarity": 0.6943}, {"filename": "83h7cr", "similarity": 0.694}, {"filename": "6g10x5", "similarity": 0.6934}]