[{"filename": "66ovxk", "similarity": 1.0}, {"filename": "68zhl0", "similarity": 0.7354}, {"filename": "8aaqdw", "similarity": 0.7311}, {"filename": "85igm2", "similarity": 0.7211}, {"filename": "72cln5", "similarity": 0.7197}, {"filename": "776r5g", "similarity": 0.7026}, {"filename": "88ypdx", "similarity": 0.7008}, {"filename": "85b7hx", "similarity": 0.7004}, {"filename": "6d1ab5", "similarity": 0.7004}, {"filename": "5nlru8", "similarity": 0.6972}, {"filename": "82dufx", "similarity": 0.697}, {"filename": "6901p4", "similarity": 0.6948}, {"filename": "6s5de8", "similarity": 0.6903}, {"filename": "6wbyu3", "similarity": 0.6892}, {"filename": "74uj30", "similarity": 0.6889}, {"filename": "798286", "similarity": 0.6888}, {"filename": "89z0mi", "similarity": 0.6867}, {"filename": "7qzz1u", "similarity": 0.6858}, {"filename": "72yhfh", "similarity": 0.6851}, {"filename": "5wvf6x", "similarity": 0.6811}, {"filename": "7mxv7b", "similarity": 0.681}, {"filename": "6vyd0q", "similarity": 0.6806}, {"filename": "8b1ova", "similarity": 0.6798}, {"filename": "68me7o", "similarity": 0.6781}, {"filename": "7nxaqq", "similarity": 0.6781}, {"filename": "87qtoo", "similarity": 0.6772}, {"filename": "73hejk", "similarity": 0.6758}, {"filename": "6uw4h3", "similarity": 0.6737}, {"filename": "67nxwc", "similarity": 0.6724}, {"filename": "80qs3w", "similarity": 0.6713}]