[{"filename": "66qxv9", "similarity": 1.0}, {"filename": "7pbhh9", "similarity": 0.7623}, {"filename": "7p7ghy", "similarity": 0.7614}, {"filename": "8545a0", "similarity": 0.758}, {"filename": "6e78d6", "similarity": 0.7544}, {"filename": "74muva", "similarity": 0.7492}, {"filename": "6hgevb", "similarity": 0.7486}, {"filename": "74k64t", "similarity": 0.7479}, {"filename": "70r8o8", "similarity": 0.7469}, {"filename": "60uded", "similarity": 0.7459}, {"filename": "64j9j3", "similarity": 0.7451}, {"filename": "6ohxty", "similarity": 0.7451}, {"filename": "872w7m", "similarity": 0.7451}, {"filename": "852pfn", "similarity": 0.7446}, {"filename": "6ltb44", "similarity": 0.7442}, {"filename": "7836pp", "similarity": 0.744}, {"filename": "7wyl25", "similarity": 0.7435}, {"filename": "6uw4h3", "similarity": 0.7422}, {"filename": "7uhliv", "similarity": 0.7413}, {"filename": "7y0uz4", "similarity": 0.7403}, {"filename": "6ljn0r", "similarity": 0.74}, {"filename": "8ajt81", "similarity": 0.74}, {"filename": "822zm2", "similarity": 0.739}, {"filename": "7844po", "similarity": 0.7388}, {"filename": "66hudv", "similarity": 0.7378}, {"filename": "6gzkgy", "similarity": 0.7371}, {"filename": "7v8azb", "similarity": 0.7367}, {"filename": "7haijt", "similarity": 0.7364}, {"filename": "87ulnx", "similarity": 0.7362}, {"filename": "6697tp", "similarity": 0.736}]