[{"filename": "66v42v", "similarity": 1.0}, {"filename": "6te5mc", "similarity": 0.8535}, {"filename": "2jwc52", "similarity": 0.8482}, {"filename": "6ebhfx", "similarity": 0.8353}, {"filename": "86k7d8", "similarity": 0.8302}, {"filename": "7cenf1", "similarity": 0.8229}, {"filename": "81xuqy", "similarity": 0.8162}, {"filename": "86ck8w", "similarity": 0.8121}, {"filename": "6zfubg", "similarity": 0.8105}, {"filename": "5x7lxv", "similarity": 0.8093}, {"filename": "7cptyb", "similarity": 0.8081}, {"filename": "7ukwg1", "similarity": 0.8073}, {"filename": "72ulh4", "similarity": 0.8062}, {"filename": "7rilwk", "similarity": 0.8025}, {"filename": "7io1hk", "similarity": 0.8006}, {"filename": "791wn2", "similarity": 0.8003}, {"filename": "7jr7wl", "similarity": 0.7999}, {"filename": "7wfp3a", "similarity": 0.7994}, {"filename": "6cu0j6", "similarity": 0.799}, {"filename": "7lxm6a", "similarity": 0.7975}, {"filename": "62keu3", "similarity": 0.7962}, {"filename": "89nftb", "similarity": 0.7961}, {"filename": "7ccobp", "similarity": 0.7958}, {"filename": "7uw4rk", "similarity": 0.7952}, {"filename": "6p0nwj", "similarity": 0.7952}, {"filename": "6jep8t", "similarity": 0.7945}, {"filename": "7vbgih", "similarity": 0.7934}, {"filename": "65utsz", "similarity": 0.7933}, {"filename": "7d1gp6", "similarity": 0.7899}, {"filename": "7uphc0", "similarity": 0.7897}]