[{"filename": "66vli6", "similarity": 1.0}, {"filename": "7jxeix", "similarity": 0.6613}, {"filename": "7i85e0", "similarity": 0.6452}, {"filename": "6q2pbf", "similarity": 0.6395}, {"filename": "61kwxw", "similarity": 0.6391}, {"filename": "7h8t8p", "similarity": 0.6343}, {"filename": "6ca7pi", "similarity": 0.6319}, {"filename": "7a36t6", "similarity": 0.625}, {"filename": "7zwb5o", "similarity": 0.619}, {"filename": "7z7qby", "similarity": 0.6166}, {"filename": "786dt8", "similarity": 0.6152}, {"filename": "83t282", "similarity": 0.6151}, {"filename": "7szctf", "similarity": 0.6146}, {"filename": "7s4utp", "similarity": 0.6129}, {"filename": "87fijo", "similarity": 0.611}, {"filename": "6dnmtl", "similarity": 0.6089}, {"filename": "86aqse", "similarity": 0.6063}, {"filename": "6zuk0s", "similarity": 0.606}, {"filename": "6du5oc", "similarity": 0.6059}, {"filename": "60uded", "similarity": 0.6056}, {"filename": "7cgigc", "similarity": 0.6044}, {"filename": "6m5k0o", "similarity": 0.6037}, {"filename": "83c20w", "similarity": 0.6019}, {"filename": "87qycb", "similarity": 0.6019}, {"filename": "5a6lbd", "similarity": 0.6008}, {"filename": "805hum", "similarity": 0.5977}, {"filename": "8c0hms", "similarity": 0.5971}, {"filename": "7wh3o3", "similarity": 0.5964}, {"filename": "6z1fbd", "similarity": 0.5963}, {"filename": "82lt3r", "similarity": 0.596}]