[{"filename": "66vnlg", "similarity": 1.0}, {"filename": "6ura8f", "similarity": 0.9083}, {"filename": "6x626v", "similarity": 0.9009}, {"filename": "6ar6jp", "similarity": 0.9007}, {"filename": "7aee7l", "similarity": 0.897}, {"filename": "6ijnh3", "similarity": 0.8905}, {"filename": "6u4fiw", "similarity": 0.8881}, {"filename": "6gdhd9", "similarity": 0.8873}, {"filename": "7ds19z", "similarity": 0.8869}, {"filename": "6d52ri", "similarity": 0.8838}, {"filename": "6kngvy", "similarity": 0.8798}, {"filename": "65utsz", "similarity": 0.8797}, {"filename": "881q6s", "similarity": 0.8794}, {"filename": "2wod3h", "similarity": 0.8793}, {"filename": "6jep8t", "similarity": 0.8779}, {"filename": "6g7zy4", "similarity": 0.8768}, {"filename": "7kgp7b", "similarity": 0.8766}, {"filename": "81q1jc", "similarity": 0.8766}, {"filename": "6k6dnn", "similarity": 0.8756}, {"filename": "7cptyb", "similarity": 0.8753}, {"filename": "7hzxyp", "similarity": 0.8753}, {"filename": "85carr", "similarity": 0.874}, {"filename": "7lxm6a", "similarity": 0.8726}, {"filename": "6e6ffk", "similarity": 0.8708}, {"filename": "7y086r", "similarity": 0.8693}, {"filename": "8bfn44", "similarity": 0.8684}, {"filename": "7d1gp6", "similarity": 0.8677}, {"filename": "6togaj", "similarity": 0.8632}, {"filename": "86k7d8", "similarity": 0.8605}, {"filename": "72ulh4", "similarity": 0.86}]