[{"filename": "66w5k8", "similarity": 1.0}, {"filename": "7uryha", "similarity": 0.6921}, {"filename": "7dbzr1", "similarity": 0.6793}, {"filename": "88e9xj", "similarity": 0.678}, {"filename": "7836pp", "similarity": 0.6763}, {"filename": "7g18cy", "similarity": 0.6757}, {"filename": "6njmah", "similarity": 0.675}, {"filename": "7yzpuj", "similarity": 0.6724}, {"filename": "7qm4v2", "similarity": 0.6717}, {"filename": "7pbhh9", "similarity": 0.6715}, {"filename": "81cuia", "similarity": 0.6707}, {"filename": "799vyr", "similarity": 0.6659}, {"filename": "6e78d6", "similarity": 0.6657}, {"filename": "610uyg", "similarity": 0.6636}, {"filename": "82gpvb", "similarity": 0.661}, {"filename": "73vt5m", "similarity": 0.6596}, {"filename": "7wp27w", "similarity": 0.6586}, {"filename": "71l0xt", "similarity": 0.6581}, {"filename": "85ksdy", "similarity": 0.6569}, {"filename": "7kjxl9", "similarity": 0.6558}, {"filename": "79ft5n", "similarity": 0.6557}, {"filename": "7n83ln", "similarity": 0.6557}, {"filename": "6s67yv", "similarity": 0.655}, {"filename": "81cgoc", "similarity": 0.6542}, {"filename": "7e9j57", "similarity": 0.6537}, {"filename": "7rhnd1", "similarity": 0.6536}, {"filename": "7x6sb2", "similarity": 0.6533}, {"filename": "7vkiph", "similarity": 0.6532}, {"filename": "6hgevb", "similarity": 0.6528}, {"filename": "7maghw", "similarity": 0.6519}]