[{"filename": "66yyve", "similarity": 1.0}, {"filename": "5urj4x", "similarity": 0.8179}, {"filename": "846dgt", "similarity": 0.8113}, {"filename": "753vo2", "similarity": 0.8064}, {"filename": "8aq7b2", "similarity": 0.8043}, {"filename": "721q6q", "similarity": 0.802}, {"filename": "709zox", "similarity": 0.8005}, {"filename": "74n3el", "similarity": 0.7989}, {"filename": "7jt60o", "similarity": 0.7973}, {"filename": "5wgd96", "similarity": 0.7958}, {"filename": "6ttv7t", "similarity": 0.7946}, {"filename": "6g0b1s", "similarity": 0.7925}, {"filename": "89zfnu", "similarity": 0.7912}, {"filename": "6ll67v", "similarity": 0.7905}, {"filename": "64x971", "similarity": 0.7887}, {"filename": "7a2isq", "similarity": 0.7871}, {"filename": "76j1ri", "similarity": 0.7869}, {"filename": "861fhz", "similarity": 0.7856}, {"filename": "5ts0u0", "similarity": 0.7855}, {"filename": "5szv0l", "similarity": 0.7808}, {"filename": "6g10x5", "similarity": 0.7787}, {"filename": "716ius", "similarity": 0.7776}, {"filename": "85o7z6", "similarity": 0.7773}, {"filename": "7ox2av", "similarity": 0.777}, {"filename": "796l3m", "similarity": 0.777}, {"filename": "87ulnx", "similarity": 0.7768}, {"filename": "7y8x85", "similarity": 0.7764}, {"filename": "6z7zyr", "similarity": 0.7758}, {"filename": "7ia8ck", "similarity": 0.7757}, {"filename": "7ljjyu", "similarity": 0.774}]