[{"filename": "670iba", "similarity": 1.0}, {"filename": "6tlmfx", "similarity": 0.9084}, {"filename": "707z6l", "similarity": 0.8991}, {"filename": "77wi8r", "similarity": 0.8931}, {"filename": "6wboov", "similarity": 0.8863}, {"filename": "8a8hkh", "similarity": 0.8861}, {"filename": "6rohwp", "similarity": 0.8831}, {"filename": "6vakeh", "similarity": 0.8561}, {"filename": "7ynq14", "similarity": 0.8548}, {"filename": "7v41jx", "similarity": 0.8493}, {"filename": "7dkfat", "similarity": 0.8483}, {"filename": "7mid49", "similarity": 0.8467}, {"filename": "81evgp", "similarity": 0.8438}, {"filename": "6y6mbo", "similarity": 0.8422}, {"filename": "65odgr", "similarity": 0.842}, {"filename": "7lwlp8", "similarity": 0.8387}, {"filename": "88sqmd", "similarity": 0.838}, {"filename": "61kwxw", "similarity": 0.8334}, {"filename": "7mgslw", "similarity": 0.8327}, {"filename": "6du5oc", "similarity": 0.8286}, {"filename": "8c0hms", "similarity": 0.8248}, {"filename": "7szctf", "similarity": 0.8221}, {"filename": "7v7iwe", "similarity": 0.8191}, {"filename": "6izzgq", "similarity": 0.818}, {"filename": "87qycb", "similarity": 0.8127}, {"filename": "72kbnn", "similarity": 0.8122}, {"filename": "701ec1", "similarity": 0.8111}, {"filename": "7v6p4f", "similarity": 0.8105}, {"filename": "63d1n0", "similarity": 0.8096}, {"filename": "7yqjpv", "similarity": 0.807}]