[{"filename": "673hgr", "similarity": 1.0}, {"filename": "7roc9a", "similarity": 0.7483}, {"filename": "68sanu", "similarity": 0.7315}, {"filename": "7dkni2", "similarity": 0.7256}, {"filename": "7zd9ua", "similarity": 0.7103}, {"filename": "7ncmkx", "similarity": 0.7036}, {"filename": "61l9ti", "similarity": 0.6974}, {"filename": "642grw", "similarity": 0.6948}, {"filename": "7s5bvl", "similarity": 0.6915}, {"filename": "7w3er2", "similarity": 0.6907}, {"filename": "8b6mnl", "similarity": 0.6872}, {"filename": "73vt5m", "similarity": 0.6857}, {"filename": "6g6qhc", "similarity": 0.6846}, {"filename": "7ia8ck", "similarity": 0.6836}, {"filename": "6eg8zh", "similarity": 0.6786}, {"filename": "87sd8p", "similarity": 0.6757}, {"filename": "88y8vq", "similarity": 0.6746}, {"filename": "6o6f22", "similarity": 0.6738}, {"filename": "7wyl25", "similarity": 0.6737}, {"filename": "7hce9u", "similarity": 0.6714}, {"filename": "74n3el", "similarity": 0.6713}, {"filename": "7b4968", "similarity": 0.6711}, {"filename": "73m2dn", "similarity": 0.6704}, {"filename": "74k64t", "similarity": 0.6696}, {"filename": "6ymik2", "similarity": 0.669}, {"filename": "7nk0zt", "similarity": 0.6685}, {"filename": "7de519", "similarity": 0.6684}, {"filename": "7zwca6", "similarity": 0.6679}, {"filename": "6ss9a5", "similarity": 0.6673}, {"filename": "6wi37k", "similarity": 0.6667}]