[{"filename": "674wdr", "similarity": 1.0}, {"filename": "4n03j2", "similarity": 0.4921}, {"filename": "8bgoej", "similarity": 0.478}, {"filename": "758git", "similarity": 0.4752}, {"filename": "7qlnn8", "similarity": 0.474}, {"filename": "8ag558", "similarity": 0.4601}, {"filename": "72aquz", "similarity": 0.4486}, {"filename": "7v624o", "similarity": 0.4421}, {"filename": "7awe31", "similarity": 0.4417}, {"filename": "5xc1bu", "similarity": 0.4412}, {"filename": "83elwc", "similarity": 0.441}, {"filename": "7by162", "similarity": 0.4406}, {"filename": "846dgt", "similarity": 0.4395}, {"filename": "6o27wc", "similarity": 0.4389}, {"filename": "5zb2yw", "similarity": 0.4345}, {"filename": "6v9raf", "similarity": 0.4344}, {"filename": "7che49", "similarity": 0.4339}, {"filename": "7wk4vz", "similarity": 0.4321}, {"filename": "7mekhr", "similarity": 0.432}, {"filename": "7awy3m", "similarity": 0.4307}, {"filename": "2dxg4j", "similarity": 0.4302}, {"filename": "86tspq", "similarity": 0.4293}, {"filename": "6vvisv", "similarity": 0.4287}, {"filename": "87agu2", "similarity": 0.4285}, {"filename": "7m52dp", "similarity": 0.4283}, {"filename": "853uun", "similarity": 0.4283}, {"filename": "7w9ssy", "similarity": 0.4281}, {"filename": "7muwv3", "similarity": 0.4279}, {"filename": "82tz11", "similarity": 0.4277}, {"filename": "86gxq7", "similarity": 0.4256}]