[{"filename": "6764p6", "similarity": 1.0}, {"filename": "7k66ah", "similarity": 0.7324}, {"filename": "6v9raf", "similarity": 0.7247}, {"filename": "85xpmy", "similarity": 0.7169}, {"filename": "746ua4", "similarity": 0.7092}, {"filename": "8bnhu4", "similarity": 0.7087}, {"filename": "7erm8n", "similarity": 0.7084}, {"filename": "7wlsay", "similarity": 0.7063}, {"filename": "7qnqxc", "similarity": 0.7061}, {"filename": "64qlrf", "similarity": 0.7054}, {"filename": "8bjwxl", "similarity": 0.7031}, {"filename": "6m0uwa", "similarity": 0.703}, {"filename": "72tsx3", "similarity": 0.7017}, {"filename": "809iqy", "similarity": 0.701}, {"filename": "7qd9yt", "similarity": 0.7006}, {"filename": "79ug79", "similarity": 0.7003}, {"filename": "83rsj6", "similarity": 0.6975}, {"filename": "7e1ei4", "similarity": 0.6961}, {"filename": "881v1w", "similarity": 0.6943}, {"filename": "7uieq2", "similarity": 0.6941}, {"filename": "870san", "similarity": 0.694}, {"filename": "7xymri", "similarity": 0.6937}, {"filename": "7va9or", "similarity": 0.693}, {"filename": "72ritv", "similarity": 0.6923}, {"filename": "7p5r3i", "similarity": 0.6921}, {"filename": "7dd698", "similarity": 0.6919}, {"filename": "64vt66", "similarity": 0.6909}, {"filename": "748j9v", "similarity": 0.6907}, {"filename": "8ajuo9", "similarity": 0.6903}, {"filename": "81yiw4", "similarity": 0.6902}]