[{"filename": "676oto", "similarity": 1.0}, {"filename": "6nmgaw", "similarity": 0.7313}, {"filename": "68f2vk", "similarity": 0.7243}, {"filename": "7pmvxq", "similarity": 0.7064}, {"filename": "6dtouw", "similarity": 0.7023}, {"filename": "7cgigc", "similarity": 0.6996}, {"filename": "57fz1k", "similarity": 0.6986}, {"filename": "81rej8", "similarity": 0.6962}, {"filename": "64dh9i", "similarity": 0.696}, {"filename": "7nlq1z", "similarity": 0.6954}, {"filename": "84yt2z", "similarity": 0.6943}, {"filename": "7300vx", "similarity": 0.694}, {"filename": "7tcity", "similarity": 0.6935}, {"filename": "8btxp7", "similarity": 0.6931}, {"filename": "7z1rjy", "similarity": 0.6924}, {"filename": "8545a0", "similarity": 0.6912}, {"filename": "34fi1c", "similarity": 0.6879}, {"filename": "7t75fl", "similarity": 0.6869}, {"filename": "7uryha", "similarity": 0.6865}, {"filename": "60uded", "similarity": 0.6864}, {"filename": "7836pp", "similarity": 0.6856}, {"filename": "7qfguq", "similarity": 0.6856}, {"filename": "6buq1s", "similarity": 0.6853}, {"filename": "6yohh7", "similarity": 0.6846}, {"filename": "7n9j3b", "similarity": 0.682}, {"filename": "644p29", "similarity": 0.6819}, {"filename": "871ith", "similarity": 0.6819}, {"filename": "805hum", "similarity": 0.6818}, {"filename": "7zlhwh", "similarity": 0.6818}, {"filename": "7vt5yg", "similarity": 0.6812}]