[{"filename": "677ru0", "similarity": 1.0}, {"filename": "81gw8w", "similarity": 0.8139}, {"filename": "7bdel6", "similarity": 0.7999}, {"filename": "87alnc", "similarity": 0.794}, {"filename": "82ehfr", "similarity": 0.792}, {"filename": "6so8mf", "similarity": 0.7903}, {"filename": "5cqpm4", "similarity": 0.7838}, {"filename": "7uopnv", "similarity": 0.7828}, {"filename": "86tb44", "similarity": 0.7808}, {"filename": "66gica", "similarity": 0.7688}, {"filename": "56h87o", "similarity": 0.7636}, {"filename": "85r3r8", "similarity": 0.7629}, {"filename": "6ef1y9", "similarity": 0.7591}, {"filename": "7phtqm", "similarity": 0.7568}, {"filename": "6e0har", "similarity": 0.7562}, {"filename": "86a9rb", "similarity": 0.7551}, {"filename": "5nczuh", "similarity": 0.7546}, {"filename": "6ajgjc", "similarity": 0.7532}, {"filename": "742v3o", "similarity": 0.7521}, {"filename": "6ca8c2", "similarity": 0.748}, {"filename": "81qjgq", "similarity": 0.7478}, {"filename": "81z6d9", "similarity": 0.746}, {"filename": "7va71s", "similarity": 0.746}, {"filename": "7u0oss", "similarity": 0.746}, {"filename": "7t5vnh", "similarity": 0.7433}, {"filename": "8b66pu", "similarity": 0.7415}, {"filename": "5wny1r", "similarity": 0.7396}, {"filename": "7aykgj", "similarity": 0.738}, {"filename": "6zuxuq", "similarity": 0.7378}, {"filename": "6jlf3y", "similarity": 0.7362}]