[{"filename": "677vt7", "similarity": 1.0}, {"filename": "845o5g", "similarity": 0.7359}, {"filename": "7nlq1z", "similarity": 0.7303}, {"filename": "7pbhh9", "similarity": 0.7204}, {"filename": "7x6sb2", "similarity": 0.7199}, {"filename": "798286", "similarity": 0.7176}, {"filename": "816an7", "similarity": 0.715}, {"filename": "5q9rs5", "similarity": 0.7121}, {"filename": "6uw4h3", "similarity": 0.7061}, {"filename": "7uieq2", "similarity": 0.7044}, {"filename": "6njmah", "similarity": 0.6974}, {"filename": "63k6mh", "similarity": 0.6959}, {"filename": "7vmuz7", "similarity": 0.695}, {"filename": "73cufe", "similarity": 0.6934}, {"filename": "7maghw", "similarity": 0.6923}, {"filename": "6tvecu", "similarity": 0.6922}, {"filename": "6xzxto", "similarity": 0.6921}, {"filename": "7y2t5y", "similarity": 0.6906}, {"filename": "6yesy7", "similarity": 0.6905}, {"filename": "878kvw", "similarity": 0.6902}, {"filename": "5nlru8", "similarity": 0.6889}, {"filename": "77n2kc", "similarity": 0.6882}, {"filename": "836ank", "similarity": 0.6879}, {"filename": "89vbg1", "similarity": 0.6874}, {"filename": "71l0xt", "similarity": 0.687}, {"filename": "6nh3he", "similarity": 0.6863}, {"filename": "7ve2pk", "similarity": 0.6853}, {"filename": "72cln5", "similarity": 0.6849}, {"filename": "68me7o", "similarity": 0.6842}, {"filename": "7os1jc", "similarity": 0.6828}]