[{"filename": "678jwd", "similarity": 1.0}, {"filename": "7uw4rk", "similarity": 0.8479}, {"filename": "7uphc0", "similarity": 0.8425}, {"filename": "63hr7f", "similarity": 0.8339}, {"filename": "81xuqy", "similarity": 0.8324}, {"filename": "7wfp3a", "similarity": 0.8309}, {"filename": "88zu29", "similarity": 0.8291}, {"filename": "7cenf1", "similarity": 0.8208}, {"filename": "7dbs44", "similarity": 0.8175}, {"filename": "6bbvrv", "similarity": 0.8164}, {"filename": "86ck8w", "similarity": 0.815}, {"filename": "7f8car", "similarity": 0.8147}, {"filename": "791wn2", "similarity": 0.8144}, {"filename": "63e94t", "similarity": 0.8143}, {"filename": "6p0nwj", "similarity": 0.8136}, {"filename": "85carr", "similarity": 0.8135}, {"filename": "6lydhn", "similarity": 0.8122}, {"filename": "79dda4", "similarity": 0.8106}, {"filename": "7jr7wl", "similarity": 0.8097}, {"filename": "2jwc52", "similarity": 0.8095}, {"filename": "6ofdt6", "similarity": 0.8087}, {"filename": "6ic2ro", "similarity": 0.8083}, {"filename": "7rilwk", "similarity": 0.808}, {"filename": "7pwq7c", "similarity": 0.8071}, {"filename": "6xtm2u", "similarity": 0.807}, {"filename": "5yel0g", "similarity": 0.8067}, {"filename": "881q6s", "similarity": 0.8056}, {"filename": "6kei76", "similarity": 0.805}, {"filename": "5x7lxv", "similarity": 0.805}, {"filename": "6u9bh1", "similarity": 0.8044}]