[{"filename": "67b4nk", "similarity": 1.0}, {"filename": "6euamy", "similarity": 0.7461}, {"filename": "7wp27w", "similarity": 0.7344}, {"filename": "6xr0lb", "similarity": 0.7281}, {"filename": "7winvm", "similarity": 0.7196}, {"filename": "6y8tln", "similarity": 0.7193}, {"filename": "6xzxto", "similarity": 0.7184}, {"filename": "77p1g3", "similarity": 0.717}, {"filename": "6yesy7", "similarity": 0.7158}, {"filename": "815act", "similarity": 0.7148}, {"filename": "7p5r3i", "similarity": 0.7089}, {"filename": "6pyc24", "similarity": 0.7087}, {"filename": "7pbhh9", "similarity": 0.7076}, {"filename": "6mvikj", "similarity": 0.7067}, {"filename": "82tz11", "similarity": 0.7062}, {"filename": "7whlev", "similarity": 0.7058}, {"filename": "7uhliv", "similarity": 0.7054}, {"filename": "6if78k", "similarity": 0.7052}, {"filename": "77n2kc", "similarity": 0.7045}, {"filename": "6y0hku", "similarity": 0.7031}, {"filename": "7yyyje", "similarity": 0.7031}, {"filename": "877uio", "similarity": 0.7027}, {"filename": "81y6a9", "similarity": 0.7023}, {"filename": "4n03j2", "similarity": 0.7023}, {"filename": "7qd9yt", "similarity": 0.702}, {"filename": "6ugry3", "similarity": 0.702}, {"filename": "7300vx", "similarity": 0.7012}, {"filename": "7xy33f", "similarity": 0.7007}, {"filename": "85q168", "similarity": 0.7006}, {"filename": "5xgvo6", "similarity": 0.6997}]