[{"filename": "67cln3", "similarity": 1.0}, {"filename": "7g6u1o", "similarity": 0.7613}, {"filename": "68evxl", "similarity": 0.7384}, {"filename": "5h29b2", "similarity": 0.7205}, {"filename": "7yv9xi", "similarity": 0.7138}, {"filename": "7hbfc3", "similarity": 0.7111}, {"filename": "8bccii", "similarity": 0.7058}, {"filename": "7p5r3i", "similarity": 0.7049}, {"filename": "7rm17f", "similarity": 0.703}, {"filename": "86dthn", "similarity": 0.7012}, {"filename": "7zn10d", "similarity": 0.7007}, {"filename": "7fjkmu", "similarity": 0.696}, {"filename": "877uio", "similarity": 0.692}, {"filename": "86k6bi", "similarity": 0.6918}, {"filename": "7i5d8q", "similarity": 0.6916}, {"filename": "7j5wsn", "similarity": 0.6911}, {"filename": "77mfyd", "similarity": 0.6891}, {"filename": "7ajlug", "similarity": 0.686}, {"filename": "6if78k", "similarity": 0.6833}, {"filename": "79zju3", "similarity": 0.6799}, {"filename": "7yyyje", "similarity": 0.6791}, {"filename": "65vn0c", "similarity": 0.6779}, {"filename": "8bwsj2", "similarity": 0.6772}, {"filename": "6glf08", "similarity": 0.6769}, {"filename": "76bgtf", "similarity": 0.6759}, {"filename": "7300vx", "similarity": 0.6759}, {"filename": "3x3bqx", "similarity": 0.6754}, {"filename": "7pbhh9", "similarity": 0.6748}, {"filename": "7pox2b", "similarity": 0.674}, {"filename": "8c6k50", "similarity": 0.6727}]