[{"filename": "67fdsq", "similarity": 1.0}, {"filename": "7roky9", "similarity": 0.7496}, {"filename": "7s7ig0", "similarity": 0.7317}, {"filename": "73hejk", "similarity": 0.7311}, {"filename": "7nlq1z", "similarity": 0.7193}, {"filename": "7z5pyb", "similarity": 0.7193}, {"filename": "7nxaqq", "similarity": 0.7023}, {"filename": "7vmwg7", "similarity": 0.6976}, {"filename": "82w6lm", "similarity": 0.6931}, {"filename": "7b2foi", "similarity": 0.6929}, {"filename": "7rnod5", "similarity": 0.692}, {"filename": "74eutg", "similarity": 0.6897}, {"filename": "6abvxz", "similarity": 0.6896}, {"filename": "6llkli", "similarity": 0.6891}, {"filename": "6ypo89", "similarity": 0.6879}, {"filename": "5xzz65", "similarity": 0.6872}, {"filename": "6d1ab5", "similarity": 0.6872}, {"filename": "8545a0", "similarity": 0.687}, {"filename": "7p5r3i", "similarity": 0.6857}, {"filename": "871ith", "similarity": 0.6852}, {"filename": "7qzz1u", "similarity": 0.685}, {"filename": "7uryha", "similarity": 0.6842}, {"filename": "7maghw", "similarity": 0.6839}, {"filename": "824se7", "similarity": 0.6832}, {"filename": "8bg1iw", "similarity": 0.6831}, {"filename": "71kcps", "similarity": 0.6827}, {"filename": "79tx0i", "similarity": 0.6822}, {"filename": "83wup6", "similarity": 0.6817}, {"filename": "7wp27w", "similarity": 0.68}, {"filename": "85rdbi", "similarity": 0.6783}]