[{"filename": "67gqq5", "similarity": 1.0}, {"filename": "713ma3", "similarity": 0.7338}, {"filename": "6yesy7", "similarity": 0.7272}, {"filename": "74oqfs", "similarity": 0.7143}, {"filename": "7uoaoc", "similarity": 0.7116}, {"filename": "84fncd", "similarity": 0.7088}, {"filename": "6hjfic", "similarity": 0.7019}, {"filename": "75bxvi", "similarity": 0.6866}, {"filename": "7uryha", "similarity": 0.6848}, {"filename": "7qm4v2", "similarity": 0.6775}, {"filename": "70r8o8", "similarity": 0.6772}, {"filename": "87iewf", "similarity": 0.677}, {"filename": "7vc482", "similarity": 0.6762}, {"filename": "89tcq3", "similarity": 0.6753}, {"filename": "7wsm6s", "similarity": 0.6744}, {"filename": "7g18cy", "similarity": 0.6738}, {"filename": "89jhg9", "similarity": 0.6705}, {"filename": "63ko9o", "similarity": 0.6687}, {"filename": "7maghw", "similarity": 0.6683}, {"filename": "85ksdy", "similarity": 0.6681}, {"filename": "6vyd0q", "similarity": 0.6669}, {"filename": "7mqf0a", "similarity": 0.6649}, {"filename": "8717fm", "similarity": 0.6633}, {"filename": "6t5y75", "similarity": 0.6628}, {"filename": "69c3jn", "similarity": 0.6618}, {"filename": "7jti9y", "similarity": 0.6615}, {"filename": "7jy1s0", "similarity": 0.6605}, {"filename": "6msu80", "similarity": 0.6575}, {"filename": "6nspy2", "similarity": 0.6574}, {"filename": "7wp27w", "similarity": 0.6567}]