[{"filename": "67gure", "similarity": 1.0}, {"filename": "805ac2", "similarity": 0.7709}, {"filename": "7pngnm", "similarity": 0.748}, {"filename": "7v624o", "similarity": 0.7454}, {"filename": "7o7d5t", "similarity": 0.7127}, {"filename": "723avu", "similarity": 0.7037}, {"filename": "6ckjmn", "similarity": 0.6976}, {"filename": "6qvdgy", "similarity": 0.6969}, {"filename": "64wync", "similarity": 0.6343}, {"filename": "76j5vk", "similarity": 0.6292}, {"filename": "7ehypp", "similarity": 0.6269}, {"filename": "6gisvm", "similarity": 0.6263}, {"filename": "50bm0e", "similarity": 0.6245}, {"filename": "5zrsck", "similarity": 0.6181}, {"filename": "7n83ln", "similarity": 0.6096}, {"filename": "6z9rhr", "similarity": 0.6059}, {"filename": "6z2jdl", "similarity": 0.5981}, {"filename": "7hxpge", "similarity": 0.5976}, {"filename": "69qsw7", "similarity": 0.5973}, {"filename": "6abve7", "similarity": 0.5956}, {"filename": "82x7ov", "similarity": 0.5951}, {"filename": "74uj30", "similarity": 0.5945}, {"filename": "88c04v", "similarity": 0.593}, {"filename": "71qgl8", "similarity": 0.5917}, {"filename": "7rx9jn", "similarity": 0.5906}, {"filename": "87ulnx", "similarity": 0.5892}, {"filename": "5gz7xq", "similarity": 0.589}, {"filename": "7g4g6f", "similarity": 0.5888}, {"filename": "80lxqe", "similarity": 0.5887}, {"filename": "70mjpj", "similarity": 0.5875}]