[{"filename": "67mhh0", "similarity": 1.0}, {"filename": "7xyoqb", "similarity": 0.6994}, {"filename": "3x3bqx", "similarity": 0.6886}, {"filename": "6f2j1n", "similarity": 0.6683}, {"filename": "6tdbs6", "similarity": 0.6549}, {"filename": "7f9jbf", "similarity": 0.6496}, {"filename": "79osnv", "similarity": 0.6494}, {"filename": "7mjb0q", "similarity": 0.6492}, {"filename": "7r582e", "similarity": 0.6482}, {"filename": "6zqzml", "similarity": 0.6422}, {"filename": "6x8hy2", "similarity": 0.6385}, {"filename": "6fzxsd", "similarity": 0.6363}, {"filename": "77uuur", "similarity": 0.6322}, {"filename": "7ojnao", "similarity": 0.629}, {"filename": "7z7qby", "similarity": 0.6267}, {"filename": "6aqzdk", "similarity": 0.6258}, {"filename": "73yp8c", "similarity": 0.6232}, {"filename": "7lswh6", "similarity": 0.6232}, {"filename": "6b9r4t", "similarity": 0.623}, {"filename": "67nxwc", "similarity": 0.6214}, {"filename": "7a326f", "similarity": 0.6197}, {"filename": "6n5vol", "similarity": 0.6191}, {"filename": "7z3rzi", "similarity": 0.618}, {"filename": "7836pp", "similarity": 0.618}, {"filename": "8bwsj2", "similarity": 0.6164}, {"filename": "80n8vu", "similarity": 0.6149}, {"filename": "7e1ei4", "similarity": 0.6143}, {"filename": "80nma3", "similarity": 0.6129}, {"filename": "6pyc24", "similarity": 0.6127}, {"filename": "6dj5oc", "similarity": 0.6105}]