[{"filename": "67nayj", "similarity": 1.0}, {"filename": "8az3tp", "similarity": 0.7713}, {"filename": "6izwgb", "similarity": 0.7604}, {"filename": "6r46h4", "similarity": 0.7543}, {"filename": "64x971", "similarity": 0.7504}, {"filename": "6mdhpg", "similarity": 0.7482}, {"filename": "878c85", "similarity": 0.7437}, {"filename": "7w69ty", "similarity": 0.7432}, {"filename": "77zsna", "similarity": 0.7413}, {"filename": "7zmvs5", "similarity": 0.7411}, {"filename": "6frw6o", "similarity": 0.7392}, {"filename": "7muwv3", "similarity": 0.7371}, {"filename": "6k72kv", "similarity": 0.7368}, {"filename": "7ynxio", "similarity": 0.7361}, {"filename": "799ynr", "similarity": 0.7345}, {"filename": "847hox", "similarity": 0.7302}, {"filename": "82thtd", "similarity": 0.7291}, {"filename": "6ybalg", "similarity": 0.7289}, {"filename": "7o7hn8", "similarity": 0.728}, {"filename": "80u0v8", "similarity": 0.7277}, {"filename": "7lll3r", "similarity": 0.727}, {"filename": "84su90", "similarity": 0.7263}, {"filename": "7vsye0", "similarity": 0.7255}, {"filename": "56h87o", "similarity": 0.7253}, {"filename": "7oesnc", "similarity": 0.7248}, {"filename": "87ulnx", "similarity": 0.723}, {"filename": "74u3dj", "similarity": 0.7227}, {"filename": "6zeefg", "similarity": 0.7221}, {"filename": "84xfm4", "similarity": 0.7218}, {"filename": "7tlc4i", "similarity": 0.7213}]