[{"filename": "67nxwc", "similarity": 1.0}, {"filename": "7a326f", "similarity": 0.7726}, {"filename": "798286", "similarity": 0.7664}, {"filename": "7vxydo", "similarity": 0.766}, {"filename": "7m3ou9", "similarity": 0.7629}, {"filename": "6dtouw", "similarity": 0.7608}, {"filename": "7kvxa0", "similarity": 0.7592}, {"filename": "88ypdx", "similarity": 0.7592}, {"filename": "8b1pgt", "similarity": 0.7522}, {"filename": "7zul17", "similarity": 0.75}, {"filename": "74uj30", "similarity": 0.75}, {"filename": "7rhnd1", "similarity": 0.7489}, {"filename": "87e4p0", "similarity": 0.7478}, {"filename": "7fue75", "similarity": 0.7478}, {"filename": "816an7", "similarity": 0.7456}, {"filename": "7b4968", "similarity": 0.7452}, {"filename": "7yd801", "similarity": 0.745}, {"filename": "6yk1z7", "similarity": 0.7441}, {"filename": "7l8d84", "similarity": 0.7435}, {"filename": "7iq8a9", "similarity": 0.7422}, {"filename": "86189j", "similarity": 0.7417}, {"filename": "84b0eb", "similarity": 0.741}, {"filename": "7xy33f", "similarity": 0.7406}, {"filename": "68me7o", "similarity": 0.7403}, {"filename": "7szw80", "similarity": 0.7389}, {"filename": "5ts0u0", "similarity": 0.7388}, {"filename": "6n9kra", "similarity": 0.738}, {"filename": "80nma3", "similarity": 0.7379}, {"filename": "7pambg", "similarity": 0.7378}, {"filename": "7p2xby", "similarity": 0.7377}]