[{"filename": "67qn74", "similarity": 1.0}, {"filename": "5yo6pa", "similarity": 0.7909}, {"filename": "6e089k", "similarity": 0.7705}, {"filename": "6hjfic", "similarity": 0.7577}, {"filename": "7parsd", "similarity": 0.7573}, {"filename": "7y7u1z", "similarity": 0.729}, {"filename": "815act", "similarity": 0.7204}, {"filename": "867efo", "similarity": 0.7018}, {"filename": "6zlxbe", "similarity": 0.6931}, {"filename": "6kdsps", "similarity": 0.6906}, {"filename": "6nmy28", "similarity": 0.6891}, {"filename": "777ymw", "similarity": 0.686}, {"filename": "6vx5pd", "similarity": 0.6844}, {"filename": "82010j", "similarity": 0.6802}, {"filename": "6cbdhv", "similarity": 0.6774}, {"filename": "6l6jbv", "similarity": 0.6744}, {"filename": "6ys8ot", "similarity": 0.6733}, {"filename": "736f87", "similarity": 0.6695}, {"filename": "7ygauq", "similarity": 0.6692}, {"filename": "7wsm6s", "similarity": 0.665}, {"filename": "8azyu3", "similarity": 0.6606}, {"filename": "6xkilx", "similarity": 0.6592}, {"filename": "74oqfs", "similarity": 0.6584}, {"filename": "84fncd", "similarity": 0.6566}, {"filename": "6xvfxt", "similarity": 0.6549}, {"filename": "897ha8", "similarity": 0.6548}, {"filename": "8863tn", "similarity": 0.6543}, {"filename": "7oyzhj", "similarity": 0.6539}, {"filename": "7i5t4m", "similarity": 0.653}, {"filename": "6vqf9g", "similarity": 0.6525}]