[{"filename": "67sija", "similarity": 1.0}, {"filename": "7ysowr", "similarity": 0.8038}, {"filename": "8a7wqo", "similarity": 0.7831}, {"filename": "853uun", "similarity": 0.7789}, {"filename": "75l8k4", "similarity": 0.7702}, {"filename": "7j26zc", "similarity": 0.7637}, {"filename": "86189j", "similarity": 0.76}, {"filename": "7l8d84", "similarity": 0.7565}, {"filename": "6fzxsd", "similarity": 0.7558}, {"filename": "80nma3", "similarity": 0.7539}, {"filename": "7o4lby", "similarity": 0.7531}, {"filename": "7qnyh1", "similarity": 0.7521}, {"filename": "81rej8", "similarity": 0.7521}, {"filename": "7vp1nc", "similarity": 0.7508}, {"filename": "6dqjle", "similarity": 0.7502}, {"filename": "7roc9a", "similarity": 0.7493}, {"filename": "6gndiv", "similarity": 0.7474}, {"filename": "5ts0u0", "similarity": 0.7449}, {"filename": "64n0r5", "similarity": 0.7408}, {"filename": "7b4968", "similarity": 0.7357}, {"filename": "7or4qw", "similarity": 0.7352}, {"filename": "7ia8ck", "similarity": 0.7329}, {"filename": "86x5jb", "similarity": 0.7325}, {"filename": "777dq8", "similarity": 0.7321}, {"filename": "7zmm0h", "similarity": 0.7311}, {"filename": "71nusf", "similarity": 0.731}, {"filename": "89jhg9", "similarity": 0.7296}, {"filename": "7rijjs", "similarity": 0.7295}, {"filename": "6axb43", "similarity": 0.7289}, {"filename": "6jsy9q", "similarity": 0.7285}]