[{"filename": "67smjj", "similarity": 1.0}, {"filename": "6asfm0", "similarity": 0.9886}, {"filename": "7de519", "similarity": 0.6929}, {"filename": "61l9ti", "similarity": 0.6834}, {"filename": "610uyg", "similarity": 0.6808}, {"filename": "81rklv", "similarity": 0.6774}, {"filename": "6g6qhc", "similarity": 0.6716}, {"filename": "7haijt", "similarity": 0.6701}, {"filename": "7j26zc", "similarity": 0.6686}, {"filename": "74k64t", "similarity": 0.668}, {"filename": "7cv1s3", "similarity": 0.6675}, {"filename": "72amem", "similarity": 0.6623}, {"filename": "6eg8zh", "similarity": 0.6603}, {"filename": "758pm2", "similarity": 0.6601}, {"filename": "7v7jte", "similarity": 0.66}, {"filename": "7lgpay", "similarity": 0.6599}, {"filename": "7yyyje", "similarity": 0.6597}, {"filename": "7wioon", "similarity": 0.6596}, {"filename": "5r7vmo", "similarity": 0.6583}, {"filename": "852pfn", "similarity": 0.6582}, {"filename": "7roc9a", "similarity": 0.6563}, {"filename": "7a326f", "similarity": 0.6555}, {"filename": "78so15", "similarity": 0.6547}, {"filename": "80m4yj", "similarity": 0.6544}, {"filename": "7rk58e", "similarity": 0.6543}, {"filename": "80lxqe", "similarity": 0.6538}, {"filename": "6gfixi", "similarity": 0.6537}, {"filename": "7wq7q4", "similarity": 0.6533}, {"filename": "6rzzcv", "similarity": 0.6526}, {"filename": "8bb8tu", "similarity": 0.652}]