[{"filename": "67uw7a", "similarity": 1.0}, {"filename": "6zr2d1", "similarity": 1.0}, {"filename": "5x7lxv", "similarity": 0.8237}, {"filename": "7ukwg1", "similarity": 0.8213}, {"filename": "7yd52h", "similarity": 0.8169}, {"filename": "5waw8f", "similarity": 0.8103}, {"filename": "74hnzc", "similarity": 0.8046}, {"filename": "87kksm", "similarity": 0.7995}, {"filename": "6zg6pr", "similarity": 0.7995}, {"filename": "7tj6ih", "similarity": 0.7945}, {"filename": "6v0ttt", "similarity": 0.792}, {"filename": "6gdyy6", "similarity": 0.7887}, {"filename": "6ki9sh", "similarity": 0.7884}, {"filename": "7rxxan", "similarity": 0.7881}, {"filename": "7ber0v", "similarity": 0.7871}, {"filename": "6hzhr7", "similarity": 0.7868}, {"filename": "636ufe", "similarity": 0.7862}, {"filename": "6p0nwj", "similarity": 0.7838}, {"filename": "7uw4rk", "similarity": 0.7832}, {"filename": "5ts0u0", "similarity": 0.7825}, {"filename": "7xr1gm", "similarity": 0.7805}, {"filename": "80qdkj", "similarity": 0.7796}, {"filename": "6dcsmi", "similarity": 0.7793}, {"filename": "6dej2e", "similarity": 0.7793}, {"filename": "7wcnzz", "similarity": 0.7789}, {"filename": "71nlyp", "similarity": 0.7787}, {"filename": "6wy4j9", "similarity": 0.7782}, {"filename": "73mbq6", "similarity": 0.7773}, {"filename": "6axb43", "similarity": 0.777}, {"filename": "89zfnu", "similarity": 0.7738}]