[{"filename": "67x5wd", "similarity": 1.0}, {"filename": "6zoo28", "similarity": 0.9336}, {"filename": "7wp27w", "similarity": 0.7447}, {"filename": "7awy3m", "similarity": 0.7424}, {"filename": "6aqpe6", "similarity": 0.7408}, {"filename": "88ypdx", "similarity": 0.7391}, {"filename": "6zk93p", "similarity": 0.7381}, {"filename": "85b7hx", "similarity": 0.7378}, {"filename": "6l5imf", "similarity": 0.7361}, {"filename": "6kxtnr", "similarity": 0.7334}, {"filename": "78v78c", "similarity": 0.7333}, {"filename": "7jab5w", "similarity": 0.7315}, {"filename": "6n9kra", "similarity": 0.7312}, {"filename": "7qjbn8", "similarity": 0.7311}, {"filename": "88c47q", "similarity": 0.7303}, {"filename": "7sl3bo", "similarity": 0.7289}, {"filename": "7ehd4y", "similarity": 0.7282}, {"filename": "7msepc", "similarity": 0.7276}, {"filename": "6uw4h3", "similarity": 0.7273}, {"filename": "6xnoql", "similarity": 0.7267}, {"filename": "5ts0u0", "similarity": 0.7232}, {"filename": "8bou97", "similarity": 0.7224}, {"filename": "71xtda", "similarity": 0.722}, {"filename": "77zd6d", "similarity": 0.7213}, {"filename": "7os1jc", "similarity": 0.721}, {"filename": "7x88fk", "similarity": 0.7209}, {"filename": "7szw80", "similarity": 0.7205}, {"filename": "86x5jb", "similarity": 0.7193}, {"filename": "7nqmqn", "similarity": 0.7188}, {"filename": "6u152p", "similarity": 0.7187}]