[{"filename": "681sxi", "similarity": 1.0}, {"filename": "71xtda", "similarity": 0.8108}, {"filename": "7jk01u", "similarity": 0.809}, {"filename": "8bm0hc", "similarity": 0.8074}, {"filename": "8b1u7r", "similarity": 0.8072}, {"filename": "64x971", "similarity": 0.7984}, {"filename": "8315w5", "similarity": 0.7918}, {"filename": "71nusf", "similarity": 0.7916}, {"filename": "5oqqyc", "similarity": 0.7913}, {"filename": "7ytmr6", "similarity": 0.79}, {"filename": "843g9l", "similarity": 0.7886}, {"filename": "7kysl9", "similarity": 0.7858}, {"filename": "7qv13b", "similarity": 0.7827}, {"filename": "7zo3g7", "similarity": 0.7812}, {"filename": "7oi2bw", "similarity": 0.7798}, {"filename": "84y4hd", "similarity": 0.7796}, {"filename": "5oi9ua", "similarity": 0.7787}, {"filename": "822zm2", "similarity": 0.7782}, {"filename": "6zeefg", "similarity": 0.7763}, {"filename": "6wy4j9", "similarity": 0.7762}, {"filename": "6te9fv", "similarity": 0.7727}, {"filename": "706pop", "similarity": 0.7721}, {"filename": "6m0uwa", "similarity": 0.772}, {"filename": "6ok7mv", "similarity": 0.7711}, {"filename": "75cc81", "similarity": 0.7706}, {"filename": "73mbq6", "similarity": 0.77}, {"filename": "6otjxn", "similarity": 0.7698}, {"filename": "72eue8", "similarity": 0.7693}, {"filename": "57llud", "similarity": 0.7688}, {"filename": "7dsx2w", "similarity": 0.7686}]