[{"filename": "681zzn", "similarity": 1.0}, {"filename": "61yf19", "similarity": 0.8033}, {"filename": "6bbvrv", "similarity": 0.7826}, {"filename": "7vn2yz", "similarity": 0.7716}, {"filename": "822zm2", "similarity": 0.7699}, {"filename": "8315w5", "similarity": 0.7668}, {"filename": "871ith", "similarity": 0.7637}, {"filename": "76q5dn", "similarity": 0.7601}, {"filename": "6e78d6", "similarity": 0.7592}, {"filename": "6oe37l", "similarity": 0.7591}, {"filename": "74muva", "similarity": 0.7582}, {"filename": "7ckzso", "similarity": 0.7558}, {"filename": "70s4nk", "similarity": 0.7546}, {"filename": "84z0kc", "similarity": 0.7516}, {"filename": "7ivcuz", "similarity": 0.7512}, {"filename": "7o58ke", "similarity": 0.7511}, {"filename": "678jwd", "similarity": 0.7508}, {"filename": "6gdyy6", "similarity": 0.7508}, {"filename": "7o6dzg", "similarity": 0.7508}, {"filename": "71xtda", "similarity": 0.7505}, {"filename": "6rrmd3", "similarity": 0.749}, {"filename": "82lt3r", "similarity": 0.749}, {"filename": "848v7f", "similarity": 0.7484}, {"filename": "87iewf", "similarity": 0.7481}, {"filename": "7nqmqn", "similarity": 0.747}, {"filename": "7oyzhj", "similarity": 0.7459}, {"filename": "6n9kra", "similarity": 0.7457}, {"filename": "74sbot", "similarity": 0.7454}, {"filename": "7dsx2w", "similarity": 0.7441}, {"filename": "6wiy6z", "similarity": 0.7439}]