[{"filename": "682ghq", "similarity": 1.0}, {"filename": "7haijt", "similarity": 0.7248}, {"filename": "4o833t", "similarity": 0.6972}, {"filename": "610uyg", "similarity": 0.6907}, {"filename": "6z2jdl", "similarity": 0.6882}, {"filename": "77rcod", "similarity": 0.6874}, {"filename": "735p0m", "similarity": 0.6842}, {"filename": "73vt5m", "similarity": 0.6814}, {"filename": "7873q9", "similarity": 0.6804}, {"filename": "777dq8", "similarity": 0.68}, {"filename": "7vf4xa", "similarity": 0.6787}, {"filename": "7lll3r", "similarity": 0.6773}, {"filename": "7kvxa0", "similarity": 0.676}, {"filename": "6l9ieh", "similarity": 0.674}, {"filename": "6zekf3", "similarity": 0.6737}, {"filename": "89nh5q", "similarity": 0.6725}, {"filename": "5nlru8", "similarity": 0.6722}, {"filename": "87ulnx", "similarity": 0.6719}, {"filename": "7bllvq", "similarity": 0.6718}, {"filename": "80vncl", "similarity": 0.6711}, {"filename": "74uj30", "similarity": 0.67}, {"filename": "6ohxty", "similarity": 0.6698}, {"filename": "872w7m", "similarity": 0.6698}, {"filename": "88obdj", "similarity": 0.6688}, {"filename": "80nma3", "similarity": 0.6686}, {"filename": "7fag9s", "similarity": 0.6675}, {"filename": "7msepc", "similarity": 0.6675}, {"filename": "796l3m", "similarity": 0.6672}, {"filename": "6v4449", "similarity": 0.667}, {"filename": "6dtouw", "similarity": 0.6664}]