[{"filename": "685bb3", "similarity": 1.0}, {"filename": "7jj3am", "similarity": 0.7454}, {"filename": "5rn537", "similarity": 0.7317}, {"filename": "7ay0mc", "similarity": 0.7309}, {"filename": "8bhizo", "similarity": 0.7289}, {"filename": "8bjwxl", "similarity": 0.7273}, {"filename": "89tcq3", "similarity": 0.726}, {"filename": "6vyd0q", "similarity": 0.7256}, {"filename": "7yozse", "similarity": 0.7168}, {"filename": "8b6q2h", "similarity": 0.7145}, {"filename": "7sht0r", "similarity": 0.7144}, {"filename": "86ra8o", "similarity": 0.714}, {"filename": "6nspy2", "similarity": 0.7127}, {"filename": "669lzy", "similarity": 0.7125}, {"filename": "83tato", "similarity": 0.7108}, {"filename": "7tqedo", "similarity": 0.71}, {"filename": "7f62cg", "similarity": 0.7096}, {"filename": "6m0uwa", "similarity": 0.7093}, {"filename": "6zk93p", "similarity": 0.709}, {"filename": "72ritv", "similarity": 0.7077}, {"filename": "8bfhyy", "similarity": 0.7064}, {"filename": "7xh5sk", "similarity": 0.7041}, {"filename": "8c3oy0", "similarity": 0.7033}, {"filename": "864qpz", "similarity": 0.7033}, {"filename": "6s8enf", "similarity": 0.7016}, {"filename": "6nh3he", "similarity": 0.7011}, {"filename": "7ytmr6", "similarity": 0.7006}, {"filename": "6c18mu", "similarity": 0.6979}, {"filename": "7qd9yt", "similarity": 0.6978}, {"filename": "7qnqxc", "similarity": 0.6972}]