[{"filename": "6889ww", "similarity": 1.0}, {"filename": "5zb2yw", "similarity": 0.7268}, {"filename": "7vf4xa", "similarity": 0.7182}, {"filename": "6jlf3y", "similarity": 0.7092}, {"filename": "64xo1a", "similarity": 0.7072}, {"filename": "6zms7p", "similarity": 0.7069}, {"filename": "84su90", "similarity": 0.6985}, {"filename": "76xsjt", "similarity": 0.6978}, {"filename": "7uwxmc", "similarity": 0.695}, {"filename": "74u3dj", "similarity": 0.6937}, {"filename": "78b7ee", "similarity": 0.693}, {"filename": "7vsye0", "similarity": 0.6916}, {"filename": "7jzk9y", "similarity": 0.6912}, {"filename": "7tdp5w", "similarity": 0.6909}, {"filename": "7qc66j", "similarity": 0.6892}, {"filename": "573r2d", "similarity": 0.6872}, {"filename": "6k72kv", "similarity": 0.6871}, {"filename": "6y67ml", "similarity": 0.6866}, {"filename": "6nhsq7", "similarity": 0.686}, {"filename": "6ybalg", "similarity": 0.6838}, {"filename": "87ya6w", "similarity": 0.6832}, {"filename": "66gica", "similarity": 0.6802}, {"filename": "85b55s", "similarity": 0.6799}, {"filename": "64x971", "similarity": 0.6795}, {"filename": "7xiji5", "similarity": 0.6784}, {"filename": "80u0v8", "similarity": 0.6782}, {"filename": "69l8rb", "similarity": 0.6777}, {"filename": "86a9rb", "similarity": 0.6767}, {"filename": "6ljn0r", "similarity": 0.6766}, {"filename": "6yerwl", "similarity": 0.6759}]