[{"filename": "688ow5", "similarity": 1.0}, {"filename": "803a0p", "similarity": 0.9553}, {"filename": "7zzz49", "similarity": 0.9549}, {"filename": "6wvp3n", "similarity": 0.9502}, {"filename": "6mxs5h", "similarity": 0.9262}, {"filename": "6c3hgz", "similarity": 0.8491}, {"filename": "6443jo", "similarity": 0.8248}, {"filename": "6qb7el", "similarity": 0.8167}, {"filename": "602zf4", "similarity": 0.7991}, {"filename": "87ws66", "similarity": 0.7926}, {"filename": "72f8l9", "similarity": 0.7869}, {"filename": "6wlot2", "similarity": 0.7842}, {"filename": "888odi", "similarity": 0.7834}, {"filename": "7wlb49", "similarity": 0.7772}, {"filename": "6pbrwn", "similarity": 0.7718}, {"filename": "6pdpsq", "similarity": 0.771}, {"filename": "80yxbc", "similarity": 0.763}, {"filename": "7zwdgp", "similarity": 0.7627}, {"filename": "7mgslw", "similarity": 0.758}, {"filename": "83blya", "similarity": 0.7534}, {"filename": "6gv6iq", "similarity": 0.7509}, {"filename": "8c4i3b", "similarity": 0.7495}, {"filename": "5uekip", "similarity": 0.7437}, {"filename": "6z1fsd", "similarity": 0.7378}, {"filename": "7l7e3a", "similarity": 0.7337}, {"filename": "7zeuql", "similarity": 0.7327}, {"filename": "7u5qcz", "similarity": 0.7323}, {"filename": "81vgv7", "similarity": 0.7319}, {"filename": "83zplj", "similarity": 0.7282}, {"filename": "7x9fnv", "similarity": 0.7281}]