[{"filename": "689dii", "similarity": 1.0}, {"filename": "6eg8zh", "similarity": 0.7088}, {"filename": "6rzzcv", "similarity": 0.6939}, {"filename": "7fa9am", "similarity": 0.6926}, {"filename": "7v7kq5", "similarity": 0.6903}, {"filename": "610uyg", "similarity": 0.6873}, {"filename": "70mjpj", "similarity": 0.6854}, {"filename": "76p702", "similarity": 0.6852}, {"filename": "721nk7", "similarity": 0.678}, {"filename": "6o6f22", "similarity": 0.674}, {"filename": "63rabg", "similarity": 0.674}, {"filename": "6eluve", "similarity": 0.6724}, {"filename": "6pyc24", "similarity": 0.6699}, {"filename": "67nxwc", "similarity": 0.6694}, {"filename": "82010j", "similarity": 0.6646}, {"filename": "70dtv1", "similarity": 0.6642}, {"filename": "7uieq2", "similarity": 0.6635}, {"filename": "82gpr3", "similarity": 0.662}, {"filename": "6dtouw", "similarity": 0.6612}, {"filename": "85rdbi", "similarity": 0.6609}, {"filename": "816an7", "similarity": 0.6607}, {"filename": "82zkmi", "similarity": 0.6599}, {"filename": "86x5jb", "similarity": 0.6598}, {"filename": "6orcub", "similarity": 0.6594}, {"filename": "80nma3", "similarity": 0.6588}, {"filename": "7vs8mb", "similarity": 0.6585}, {"filename": "82x7ov", "similarity": 0.6583}, {"filename": "6gndiv", "similarity": 0.6576}, {"filename": "813ssk", "similarity": 0.6575}, {"filename": "764v2u", "similarity": 0.6573}]