[{"filename": "68bi5k", "similarity": 1.0}, {"filename": "74at2n", "similarity": 0.7932}, {"filename": "87q8hy", "similarity": 0.7902}, {"filename": "653bdt", "similarity": 0.7676}, {"filename": "71xtda", "similarity": 0.7648}, {"filename": "7l8pxp", "similarity": 0.7612}, {"filename": "57llud", "similarity": 0.7607}, {"filename": "7yc681", "similarity": 0.7606}, {"filename": "6l6jbv", "similarity": 0.7599}, {"filename": "83ebnr", "similarity": 0.7575}, {"filename": "82pqn9", "similarity": 0.755}, {"filename": "6wtj4n", "similarity": 0.7531}, {"filename": "6x4e5g", "similarity": 0.7522}, {"filename": "820n9o", "similarity": 0.7522}, {"filename": "89zfnu", "similarity": 0.7521}, {"filename": "7whlev", "similarity": 0.7509}, {"filename": "6te9fv", "similarity": 0.7488}, {"filename": "7rt3gk", "similarity": 0.7463}, {"filename": "7phnmp", "similarity": 0.746}, {"filename": "7jbryf", "similarity": 0.7453}, {"filename": "71nusf", "similarity": 0.7432}, {"filename": "6axb43", "similarity": 0.7418}, {"filename": "61beyg", "similarity": 0.7411}, {"filename": "8bm0hc", "similarity": 0.7406}, {"filename": "84c77w", "similarity": 0.74}, {"filename": "813u7o", "similarity": 0.7398}, {"filename": "7oi2bw", "similarity": 0.7395}, {"filename": "6w3zoq", "similarity": 0.7394}, {"filename": "6wy4j9", "similarity": 0.7391}, {"filename": "6mjkh6", "similarity": 0.737}]