[{"filename": "68evxl", "similarity": 1.0}, {"filename": "7p5r3i", "similarity": 0.7489}, {"filename": "7yv9xi", "similarity": 0.742}, {"filename": "8881kd", "similarity": 0.7401}, {"filename": "67cln3", "similarity": 0.7384}, {"filename": "65vn0c", "similarity": 0.7351}, {"filename": "87agu2", "similarity": 0.7202}, {"filename": "7j26zc", "similarity": 0.7201}, {"filename": "7g6u1o", "similarity": 0.7189}, {"filename": "7ia8ck", "similarity": 0.7166}, {"filename": "7v0chz", "similarity": 0.7162}, {"filename": "83hg97", "similarity": 0.7158}, {"filename": "877uio", "similarity": 0.7145}, {"filename": "6qxqao", "similarity": 0.7138}, {"filename": "6jmo02", "similarity": 0.7131}, {"filename": "7zn10d", "similarity": 0.7128}, {"filename": "71clvt", "similarity": 0.712}, {"filename": "6gndiv", "similarity": 0.7113}, {"filename": "7lzdcn", "similarity": 0.7101}, {"filename": "7hbfc3", "similarity": 0.7074}, {"filename": "76bgtf", "similarity": 0.7062}, {"filename": "7vp1nc", "similarity": 0.7055}, {"filename": "5h29b2", "similarity": 0.7051}, {"filename": "7ry1nn", "similarity": 0.7049}, {"filename": "79zju3", "similarity": 0.7039}, {"filename": "7dkni2", "similarity": 0.7037}, {"filename": "7ncmkx", "similarity": 0.7036}, {"filename": "6cfms2", "similarity": 0.7035}, {"filename": "6fzxsd", "similarity": 0.7033}, {"filename": "80m4yj", "similarity": 0.7031}]