[{"filename": "68f2vk", "similarity": 1.0}, {"filename": "7i3nul", "similarity": 0.7738}, {"filename": "7pmvxq", "similarity": 0.7728}, {"filename": "7300vx", "similarity": 0.7708}, {"filename": "6nmgaw", "similarity": 0.762}, {"filename": "69bsd8", "similarity": 0.7549}, {"filename": "34fi1c", "similarity": 0.7478}, {"filename": "6yvyx3", "similarity": 0.7418}, {"filename": "7n9j3b", "similarity": 0.7378}, {"filename": "7r1fwu", "similarity": 0.7299}, {"filename": "7utqot", "similarity": 0.7294}, {"filename": "72s2zf", "similarity": 0.7284}, {"filename": "8btxp7", "similarity": 0.7281}, {"filename": "676oto", "similarity": 0.7243}, {"filename": "6xzxto", "similarity": 0.7235}, {"filename": "57fz1k", "similarity": 0.7221}, {"filename": "84yt2z", "similarity": 0.7189}, {"filename": "7zlhwh", "similarity": 0.7184}, {"filename": "6z87uu", "similarity": 0.7151}, {"filename": "6yohh7", "similarity": 0.7131}, {"filename": "6useh0", "similarity": 0.7109}, {"filename": "7z1rjy", "similarity": 0.7103}, {"filename": "6xslte", "similarity": 0.7099}, {"filename": "5kk40e", "similarity": 0.7081}, {"filename": "6gm3uv", "similarity": 0.7081}, {"filename": "68bi5k", "similarity": 0.7075}, {"filename": "7whlev", "similarity": 0.7066}, {"filename": "89swch", "similarity": 0.7038}, {"filename": "74t4md", "similarity": 0.702}, {"filename": "7vflh6", "similarity": 0.701}]