[{"filename": "68f5yw", "similarity": 1.0}, {"filename": "861uzv", "similarity": 0.7618}, {"filename": "7yc681", "similarity": 0.759}, {"filename": "6znrfs", "similarity": 0.7583}, {"filename": "7zmljv", "similarity": 0.7579}, {"filename": "87ulnx", "similarity": 0.7557}, {"filename": "8545a0", "similarity": 0.7557}, {"filename": "70s4nk", "similarity": 0.7557}, {"filename": "7car3z", "similarity": 0.7542}, {"filename": "7v3696", "similarity": 0.7514}, {"filename": "6974vw", "similarity": 0.7512}, {"filename": "6n10qg", "similarity": 0.7477}, {"filename": "7ivcuz", "similarity": 0.7471}, {"filename": "84z0kc", "similarity": 0.7469}, {"filename": "7o5ctm", "similarity": 0.7457}, {"filename": "74sbot", "similarity": 0.7452}, {"filename": "75gsh4", "similarity": 0.7451}, {"filename": "7v8azb", "similarity": 0.7448}, {"filename": "65qlm7", "similarity": 0.7443}, {"filename": "7wtf45", "similarity": 0.7428}, {"filename": "80nma3", "similarity": 0.7423}, {"filename": "7pbhh9", "similarity": 0.7414}, {"filename": "6u152p", "similarity": 0.7413}, {"filename": "6csui0", "similarity": 0.7408}, {"filename": "86l3b0", "similarity": 0.7403}, {"filename": "83hg97", "similarity": 0.74}, {"filename": "7p3ymq", "similarity": 0.7397}, {"filename": "7p7ghy", "similarity": 0.7393}, {"filename": "6qtqaj", "similarity": 0.7388}, {"filename": "6697tp", "similarity": 0.7364}]