[{"filename": "68gtkq", "similarity": 1.0}, {"filename": "68me7o", "similarity": 0.8902}, {"filename": "7rhnd1", "similarity": 0.7604}, {"filename": "7mqf0a", "similarity": 0.7562}, {"filename": "8as66c", "similarity": 0.7544}, {"filename": "6zf56f", "similarity": 0.7524}, {"filename": "6vyd0q", "similarity": 0.7497}, {"filename": "813u7o", "similarity": 0.7494}, {"filename": "845o5g", "similarity": 0.7483}, {"filename": "6dg7qn", "similarity": 0.7442}, {"filename": "7c30cm", "similarity": 0.7385}, {"filename": "7goylm", "similarity": 0.732}, {"filename": "7e04om", "similarity": 0.7316}, {"filename": "6ci259", "similarity": 0.7294}, {"filename": "8c5obq", "similarity": 0.7283}, {"filename": "7uhliv", "similarity": 0.7242}, {"filename": "67nxwc", "similarity": 0.7235}, {"filename": "7ovxmx", "similarity": 0.7223}, {"filename": "7acwif", "similarity": 0.7187}, {"filename": "7s5vtd", "similarity": 0.7185}, {"filename": "6zk93p", "similarity": 0.718}, {"filename": "6t8hxx", "similarity": 0.7173}, {"filename": "7tpjg5", "similarity": 0.7161}, {"filename": "86tspq", "similarity": 0.7144}, {"filename": "76bgtf", "similarity": 0.7139}, {"filename": "6jb6yp", "similarity": 0.7125}, {"filename": "7xy33f", "similarity": 0.7122}, {"filename": "8aaqdw", "similarity": 0.7115}, {"filename": "83p1zj", "similarity": 0.7109}, {"filename": "56z1cz", "similarity": 0.7107}]