[{"filename": "68jbop", "similarity": 1.0}, {"filename": "7qjbn8", "similarity": 0.7147}, {"filename": "852pfn", "similarity": 0.7095}, {"filename": "6msu80", "similarity": 0.6953}, {"filename": "6dfmm4", "similarity": 0.6952}, {"filename": "85uubg", "similarity": 0.6941}, {"filename": "7bg6no", "similarity": 0.6925}, {"filename": "7nsswo", "similarity": 0.6895}, {"filename": "82x7ov", "similarity": 0.6858}, {"filename": "7yc681", "similarity": 0.6857}, {"filename": "7ym9lk", "similarity": 0.684}, {"filename": "7xc8om", "similarity": 0.6831}, {"filename": "8545a0", "similarity": 0.6796}, {"filename": "758iwv", "similarity": 0.6789}, {"filename": "71i805", "similarity": 0.6781}, {"filename": "8b7b9w", "similarity": 0.6766}, {"filename": "6mdhpg", "similarity": 0.6764}, {"filename": "70dbd2", "similarity": 0.6762}, {"filename": "6o6f22", "similarity": 0.6759}, {"filename": "89vbg1", "similarity": 0.6755}, {"filename": "7lfdip", "similarity": 0.6752}, {"filename": "799vyr", "similarity": 0.674}, {"filename": "6eluve", "similarity": 0.6738}, {"filename": "7nszml", "similarity": 0.6731}, {"filename": "7iq8a9", "similarity": 0.6731}, {"filename": "777dq8", "similarity": 0.673}, {"filename": "7xxs1t", "similarity": 0.6728}, {"filename": "7hpby2", "similarity": 0.671}, {"filename": "71clvt", "similarity": 0.6705}, {"filename": "81cuia", "similarity": 0.6701}]