[{"filename": "68kqbj", "similarity": 1.0}, {"filename": "7zxxkq", "similarity": 0.7067}, {"filename": "610uyg", "similarity": 0.7056}, {"filename": "6l9ieh", "similarity": 0.7055}, {"filename": "7lk4y3", "similarity": 0.7037}, {"filename": "87bui9", "similarity": 0.7011}, {"filename": "796l3m", "similarity": 0.695}, {"filename": "61beyg", "similarity": 0.6949}, {"filename": "83c20w", "similarity": 0.6925}, {"filename": "7h8t8p", "similarity": 0.6921}, {"filename": "7wodlf", "similarity": 0.6917}, {"filename": "6g7079", "similarity": 0.6909}, {"filename": "7o5ctm", "similarity": 0.6892}, {"filename": "6e78d6", "similarity": 0.6887}, {"filename": "8au67z", "similarity": 0.6873}, {"filename": "7zmljv", "similarity": 0.6862}, {"filename": "8739q1", "similarity": 0.6856}, {"filename": "80nma3", "similarity": 0.6856}, {"filename": "71qgl8", "similarity": 0.6853}, {"filename": "5btgto", "similarity": 0.6852}, {"filename": "7roc9a", "similarity": 0.6849}, {"filename": "79g2lm", "similarity": 0.6846}, {"filename": "7fsvqj", "similarity": 0.6844}, {"filename": "6tehbc", "similarity": 0.6843}, {"filename": "85rdbi", "similarity": 0.684}, {"filename": "74k64t", "similarity": 0.6839}, {"filename": "7smdxf", "similarity": 0.6838}, {"filename": "7mmnmw", "similarity": 0.6836}, {"filename": "78pgdv", "similarity": 0.6833}, {"filename": "80m4yj", "similarity": 0.6822}]