[{"filename": "68l3qe", "similarity": 1.0}, {"filename": "6zfubg", "similarity": 0.7476}, {"filename": "6bbvrv", "similarity": 0.7454}, {"filename": "7nobgm", "similarity": 0.7438}, {"filename": "7vbgih", "similarity": 0.7423}, {"filename": "6ic2ro", "similarity": 0.7415}, {"filename": "87kksm", "similarity": 0.7381}, {"filename": "7uw4rk", "similarity": 0.7363}, {"filename": "7ljjyu", "similarity": 0.7357}, {"filename": "84xfm4", "similarity": 0.7355}, {"filename": "7pwq7c", "similarity": 0.7323}, {"filename": "6p0nwj", "similarity": 0.731}, {"filename": "6ofdt6", "similarity": 0.7306}, {"filename": "6m9zpb", "similarity": 0.728}, {"filename": "7cptyb", "similarity": 0.7275}, {"filename": "8908oe", "similarity": 0.7272}, {"filename": "77g9al", "similarity": 0.7261}, {"filename": "89nf29", "similarity": 0.7259}, {"filename": "89nftb", "similarity": 0.7253}, {"filename": "6wto4y", "similarity": 0.7249}, {"filename": "83p7yy", "similarity": 0.7241}, {"filename": "5x7lxv", "similarity": 0.7241}, {"filename": "83ekzr", "similarity": 0.7233}, {"filename": "7jr7wl", "similarity": 0.7231}, {"filename": "7ukwg1", "similarity": 0.7228}, {"filename": "7f8car", "similarity": 0.7216}, {"filename": "7mvaxw", "similarity": 0.7213}, {"filename": "86ck8w", "similarity": 0.721}, {"filename": "6lmlsh", "similarity": 0.7207}, {"filename": "7io1hk", "similarity": 0.7204}]