[{"filename": "68me7o", "similarity": 1.0}, {"filename": "68gtkq", "similarity": 0.8902}, {"filename": "7rhnd1", "similarity": 0.8114}, {"filename": "813u7o", "similarity": 0.7814}, {"filename": "6vyd0q", "similarity": 0.7792}, {"filename": "7mqf0a", "similarity": 0.7745}, {"filename": "7ek4z2", "similarity": 0.7546}, {"filename": "7uhliv", "similarity": 0.7534}, {"filename": "63ko9o", "similarity": 0.7528}, {"filename": "7c30cm", "similarity": 0.7522}, {"filename": "74oqfs", "similarity": 0.7495}, {"filename": "7e04om", "similarity": 0.7484}, {"filename": "6zk93p", "similarity": 0.7478}, {"filename": "8aaqdw", "similarity": 0.7478}, {"filename": "7x6sb2", "similarity": 0.7453}, {"filename": "7i9499", "similarity": 0.745}, {"filename": "8as66c", "similarity": 0.7441}, {"filename": "83ogwn", "similarity": 0.7425}, {"filename": "5wvf6x", "similarity": 0.7423}, {"filename": "6ci259", "similarity": 0.7422}, {"filename": "8c5obq", "similarity": 0.7419}, {"filename": "7tpjg5", "similarity": 0.7417}, {"filename": "73lhor", "similarity": 0.7407}, {"filename": "67nxwc", "similarity": 0.7403}, {"filename": "7t75fl", "similarity": 0.7401}, {"filename": "7li1f4", "similarity": 0.7398}, {"filename": "7goylm", "similarity": 0.7398}, {"filename": "7uryha", "similarity": 0.7393}, {"filename": "71xtda", "similarity": 0.7379}, {"filename": "7xy33f", "similarity": 0.7379}]