[{"filename": "68n19h", "similarity": 1.0}, {"filename": "847fnz", "similarity": 0.9496}, {"filename": "7r0098", "similarity": 0.7894}, {"filename": "6m9zpb", "similarity": 0.7815}, {"filename": "72bdli", "similarity": 0.7656}, {"filename": "7pp195", "similarity": 0.7589}, {"filename": "7ivcuz", "similarity": 0.7536}, {"filename": "7xhd7e", "similarity": 0.7529}, {"filename": "86q5nw", "similarity": 0.7505}, {"filename": "88rflu", "similarity": 0.7499}, {"filename": "7leo29", "similarity": 0.749}, {"filename": "65vkr7", "similarity": 0.7434}, {"filename": "7iuczt", "similarity": 0.7419}, {"filename": "780cr3", "similarity": 0.7384}, {"filename": "7yd50c", "similarity": 0.7375}, {"filename": "6q7bsq", "similarity": 0.737}, {"filename": "7j5bcc", "similarity": 0.7356}, {"filename": "7obl70", "similarity": 0.7335}, {"filename": "70s4nk", "similarity": 0.7329}, {"filename": "86qzd9", "similarity": 0.7326}, {"filename": "6sbhhg", "similarity": 0.7316}, {"filename": "7wdi8n", "similarity": 0.7297}, {"filename": "701qav", "similarity": 0.729}, {"filename": "7sbbwt", "similarity": 0.7285}, {"filename": "7o58ke", "similarity": 0.7266}, {"filename": "56qdez", "similarity": 0.7253}, {"filename": "6qtqaj", "similarity": 0.7228}, {"filename": "84ibm0", "similarity": 0.7215}, {"filename": "5mwqbb", "similarity": 0.7206}, {"filename": "6r45yj", "similarity": 0.7205}]