[{"filename": "68n28c", "similarity": 1.0}, {"filename": "7aiksi", "similarity": 0.7418}, {"filename": "816an7", "similarity": 0.724}, {"filename": "73cufe", "similarity": 0.7202}, {"filename": "7ve2pk", "similarity": 0.7188}, {"filename": "72cln5", "similarity": 0.7143}, {"filename": "7yx9pf", "similarity": 0.7137}, {"filename": "7j5wsn", "similarity": 0.7129}, {"filename": "67nxwc", "similarity": 0.7122}, {"filename": "8aaqdw", "similarity": 0.7083}, {"filename": "6orcub", "similarity": 0.7083}, {"filename": "68me7o", "similarity": 0.7068}, {"filename": "6586ox", "similarity": 0.706}, {"filename": "6uiwov", "similarity": 0.7035}, {"filename": "7vuzzg", "similarity": 0.7034}, {"filename": "85b7hx", "similarity": 0.7019}, {"filename": "798286", "similarity": 0.7014}, {"filename": "7yyyje", "similarity": 0.7001}, {"filename": "7msepc", "similarity": 0.6996}, {"filename": "7qd9yt", "similarity": 0.6991}, {"filename": "8agvye", "similarity": 0.6985}, {"filename": "8as66c", "similarity": 0.698}, {"filename": "84b0eb", "similarity": 0.6978}, {"filename": "6ohxty", "similarity": 0.6952}, {"filename": "872w7m", "similarity": 0.6952}, {"filename": "64ws31", "similarity": 0.6946}, {"filename": "7ygauq", "similarity": 0.6938}, {"filename": "6x8hy2", "similarity": 0.6926}, {"filename": "5nlru8", "similarity": 0.6916}, {"filename": "7n4rku", "similarity": 0.6914}]