[{"filename": "68sanu", "similarity": 1.0}, {"filename": "7roc9a", "similarity": 0.8088}, {"filename": "8abk7r", "similarity": 0.7962}, {"filename": "7cptyb", "similarity": 0.7962}, {"filename": "861uzv", "similarity": 0.7907}, {"filename": "89nf29", "similarity": 0.7901}, {"filename": "7cbh1v", "similarity": 0.7899}, {"filename": "7zwca6", "similarity": 0.7882}, {"filename": "66vnlg", "similarity": 0.7872}, {"filename": "7vbgih", "similarity": 0.7857}, {"filename": "7ljjyu", "similarity": 0.7848}, {"filename": "7hb8bv", "similarity": 0.7843}, {"filename": "7xvc6j", "similarity": 0.7831}, {"filename": "6u152p", "similarity": 0.7791}, {"filename": "6dxwgd", "similarity": 0.7785}, {"filename": "65cb4b", "similarity": 0.7776}, {"filename": "6p5wbm", "similarity": 0.776}, {"filename": "6kngvy", "similarity": 0.7759}, {"filename": "5y22w0", "similarity": 0.7735}, {"filename": "74k64t", "similarity": 0.7728}, {"filename": "6ymik2", "similarity": 0.7726}, {"filename": "7zhi8k", "similarity": 0.7712}, {"filename": "78v78c", "similarity": 0.7711}, {"filename": "6znrfs", "similarity": 0.7695}, {"filename": "8bfn44", "similarity": 0.7682}, {"filename": "6jsy9q", "similarity": 0.7681}, {"filename": "7fcsdj", "similarity": 0.7669}, {"filename": "73m2dn", "similarity": 0.7667}, {"filename": "87ulnx", "similarity": 0.7664}, {"filename": "6zobxz", "similarity": 0.7659}]