[{"filename": "68sueg", "similarity": 1.0}, {"filename": "78hku7", "similarity": 0.7329}, {"filename": "7pot1d", "similarity": 0.6573}, {"filename": "7zg9x2", "similarity": 0.6371}, {"filename": "7uip8j", "similarity": 0.6353}, {"filename": "77do2c", "similarity": 0.6312}, {"filename": "74ecg8", "similarity": 0.6305}, {"filename": "6s67yv", "similarity": 0.6287}, {"filename": "85ksdy", "similarity": 0.6274}, {"filename": "7p7rv5", "similarity": 0.626}, {"filename": "6c3391", "similarity": 0.6252}, {"filename": "7z2iak", "similarity": 0.6245}, {"filename": "7d401q", "similarity": 0.6232}, {"filename": "6t8d97", "similarity": 0.6211}, {"filename": "6e78d6", "similarity": 0.6208}, {"filename": "80kt9j", "similarity": 0.6203}, {"filename": "7h35vf", "similarity": 0.62}, {"filename": "7ulthr", "similarity": 0.6194}, {"filename": "5ww9sg", "similarity": 0.618}, {"filename": "7q8v7d", "similarity": 0.6176}, {"filename": "77n2kc", "similarity": 0.6166}, {"filename": "5a6lbd", "similarity": 0.6166}, {"filename": "7g31hl", "similarity": 0.6162}, {"filename": "7053ed", "similarity": 0.6152}, {"filename": "7glldk", "similarity": 0.6151}, {"filename": "7uryha", "similarity": 0.6149}, {"filename": "7vmwtj", "similarity": 0.6146}, {"filename": "7vkiph", "similarity": 0.6144}, {"filename": "7qbgep", "similarity": 0.6143}, {"filename": "7gcw56", "similarity": 0.6143}]