[{"filename": "68tnfi", "similarity": 1.0}, {"filename": "7sskqk", "similarity": 0.7514}, {"filename": "7qd9yt", "similarity": 0.7362}, {"filename": "67sija", "similarity": 0.7302}, {"filename": "7qnqxc", "similarity": 0.7245}, {"filename": "7ysowr", "similarity": 0.7179}, {"filename": "6edv89", "similarity": 0.7143}, {"filename": "6fzxsd", "similarity": 0.691}, {"filename": "6nmhtd", "similarity": 0.6905}, {"filename": "7yhwko", "similarity": 0.6879}, {"filename": "74oqfs", "similarity": 0.6864}, {"filename": "6vvisv", "similarity": 0.6862}, {"filename": "6z87uu", "similarity": 0.6859}, {"filename": "7or4qw", "similarity": 0.6809}, {"filename": "64n0r5", "similarity": 0.6787}, {"filename": "81s3n5", "similarity": 0.6759}, {"filename": "6qxqao", "similarity": 0.6747}, {"filename": "6orcub", "similarity": 0.6743}, {"filename": "7wmroo", "similarity": 0.6735}, {"filename": "7d32j7", "similarity": 0.6727}, {"filename": "6kdsps", "similarity": 0.6704}, {"filename": "73h5fy", "similarity": 0.6703}, {"filename": "6x4e5g", "similarity": 0.6703}, {"filename": "7o4lby", "similarity": 0.6696}, {"filename": "7p5r3i", "similarity": 0.6693}, {"filename": "80nma3", "similarity": 0.6691}, {"filename": "6vqf9g", "similarity": 0.6673}, {"filename": "853uun", "similarity": 0.6672}, {"filename": "6ugry3", "similarity": 0.6671}, {"filename": "815act", "similarity": 0.6655}]