[{"filename": "68z7up", "similarity": 1.0}, {"filename": "8c3oy0", "similarity": 0.7784}, {"filename": "83rsj6", "similarity": 0.7781}, {"filename": "6feflv", "similarity": 0.7778}, {"filename": "76901u", "similarity": 0.777}, {"filename": "7169op", "similarity": 0.7769}, {"filename": "7wrw6t", "similarity": 0.7747}, {"filename": "7kdmjj", "similarity": 0.7721}, {"filename": "7kf3ph", "similarity": 0.7712}, {"filename": "766tm6", "similarity": 0.77}, {"filename": "8bfhyy", "similarity": 0.7671}, {"filename": "8b1u7r", "similarity": 0.766}, {"filename": "7zm6u8", "similarity": 0.7648}, {"filename": "85je13", "similarity": 0.7636}, {"filename": "7jt60o", "similarity": 0.7627}, {"filename": "6cnxlz", "similarity": 0.7625}, {"filename": "7suu6t", "similarity": 0.7611}, {"filename": "6x8f2e", "similarity": 0.7609}, {"filename": "78586f", "similarity": 0.7601}, {"filename": "5cvoe1", "similarity": 0.7592}, {"filename": "6l5imf", "similarity": 0.7591}, {"filename": "7t3zx2", "similarity": 0.7578}, {"filename": "87ez2n", "similarity": 0.7569}, {"filename": "6m0uwa", "similarity": 0.7567}, {"filename": "7yc681", "similarity": 0.7556}, {"filename": "746ua4", "similarity": 0.7553}, {"filename": "6dprzc", "similarity": 0.755}, {"filename": "6zk93p", "similarity": 0.7536}, {"filename": "7f23mo", "similarity": 0.7535}, {"filename": "70iv5x", "similarity": 0.7529}]