[{"filename": "68zhl0", "similarity": 1.0}, {"filename": "662rju", "similarity": 0.7529}, {"filename": "74uj30", "similarity": 0.7522}, {"filename": "6901p4", "similarity": 0.7514}, {"filename": "5nlru8", "similarity": 0.7471}, {"filename": "87qtoo", "similarity": 0.7422}, {"filename": "8b1pgt", "similarity": 0.7416}, {"filename": "861uzv", "similarity": 0.7414}, {"filename": "85igm2", "similarity": 0.7402}, {"filename": "80gpw5", "similarity": 0.7393}, {"filename": "7wq7q4", "similarity": 0.739}, {"filename": "6vyd0q", "similarity": 0.736}, {"filename": "66ovxk", "similarity": 0.7354}, {"filename": "6s5de8", "similarity": 0.7333}, {"filename": "7j26zc", "similarity": 0.7324}, {"filename": "6es5y1", "similarity": 0.7322}, {"filename": "6b4khu", "similarity": 0.732}, {"filename": "7ia8ck", "similarity": 0.7315}, {"filename": "7y8okz", "similarity": 0.7313}, {"filename": "7msepc", "similarity": 0.7311}, {"filename": "8aaqdw", "similarity": 0.7307}, {"filename": "777ts1", "similarity": 0.7284}, {"filename": "81cgxo", "similarity": 0.7274}, {"filename": "7vxydo", "similarity": 0.7265}, {"filename": "7pflwy", "similarity": 0.7259}, {"filename": "7n3ucg", "similarity": 0.7258}, {"filename": "73cufe", "similarity": 0.7255}, {"filename": "6u152p", "similarity": 0.7243}, {"filename": "7awy3m", "similarity": 0.7239}, {"filename": "76p702", "similarity": 0.7235}]