[{"filename": "6901p4", "similarity": 1.0}, {"filename": "6ikr0u", "similarity": 0.8069}, {"filename": "6s5de8", "similarity": 0.8034}, {"filename": "69r6lh", "similarity": 0.7977}, {"filename": "8362n7", "similarity": 0.7928}, {"filename": "87qtoo", "similarity": 0.7922}, {"filename": "5nlru8", "similarity": 0.7897}, {"filename": "7zzpep", "similarity": 0.7824}, {"filename": "8b1u7r", "similarity": 0.7824}, {"filename": "5wnmld", "similarity": 0.7685}, {"filename": "74uj30", "similarity": 0.766}, {"filename": "6uw4h3", "similarity": 0.7634}, {"filename": "7w3s0b", "similarity": 0.7618}, {"filename": "7c7ndi", "similarity": 0.7603}, {"filename": "87hxtr", "similarity": 0.76}, {"filename": "83vbli", "similarity": 0.7598}, {"filename": "7gmr2n", "similarity": 0.7548}, {"filename": "7b6j1z", "similarity": 0.7546}, {"filename": "72yhfh", "similarity": 0.7528}, {"filename": "7e01yd", "similarity": 0.7518}, {"filename": "68zhl0", "similarity": 0.7514}, {"filename": "87ez2n", "similarity": 0.7512}, {"filename": "8bd7cl", "similarity": 0.7496}, {"filename": "6feflv", "similarity": 0.7482}, {"filename": "6bnhqf", "similarity": 0.7475}, {"filename": "636ufe", "similarity": 0.7475}, {"filename": "6xtm2u", "similarity": 0.7475}, {"filename": "6bmyep", "similarity": 0.7471}, {"filename": "6gdyy6", "similarity": 0.7454}, {"filename": "7bllvq", "similarity": 0.7453}]