[{"filename": "694o6h", "similarity": 1.0}, {"filename": "7yvhnn", "similarity": 0.9121}, {"filename": "7kgp7b", "similarity": 0.9022}, {"filename": "7lxm6a", "similarity": 0.8985}, {"filename": "6d52ri", "similarity": 0.8983}, {"filename": "65utsz", "similarity": 0.8977}, {"filename": "6ednbc", "similarity": 0.8965}, {"filename": "80echz", "similarity": 0.8931}, {"filename": "2wod3h", "similarity": 0.8911}, {"filename": "6cyyt6", "similarity": 0.8893}, {"filename": "7aee7l", "similarity": 0.8889}, {"filename": "8bqnpi", "similarity": 0.8889}, {"filename": "7gautq", "similarity": 0.8884}, {"filename": "60s18n", "similarity": 0.886}, {"filename": "6ura8f", "similarity": 0.8855}, {"filename": "6jep8t", "similarity": 0.8834}, {"filename": "6uaaig", "similarity": 0.8827}, {"filename": "7zxjo1", "similarity": 0.8824}, {"filename": "80vbs9", "similarity": 0.8822}, {"filename": "7xxv3g", "similarity": 0.8818}, {"filename": "7qbcqw", "similarity": 0.8814}, {"filename": "7ds19z", "similarity": 0.8808}, {"filename": "7hzxyp", "similarity": 0.8803}, {"filename": "71ag2y", "similarity": 0.8797}, {"filename": "8bfn44", "similarity": 0.879}, {"filename": "7xbob9", "similarity": 0.8788}, {"filename": "6ijnh3", "similarity": 0.8756}, {"filename": "845gft", "similarity": 0.8755}, {"filename": "6u4fiw", "similarity": 0.8748}, {"filename": "6x626v", "similarity": 0.8745}]