[{"filename": "695rt5", "similarity": 1.0}, {"filename": "764v2u", "similarity": 0.9321}, {"filename": "60em7d", "similarity": 0.69}, {"filename": "6yesy7", "similarity": 0.6897}, {"filename": "74at2n", "similarity": 0.6813}, {"filename": "8b1pgt", "similarity": 0.6735}, {"filename": "6eg8zh", "similarity": 0.6734}, {"filename": "7nszml", "similarity": 0.6729}, {"filename": "7pbhh9", "similarity": 0.6706}, {"filename": "77mfyd", "similarity": 0.6702}, {"filename": "7j26zc", "similarity": 0.67}, {"filename": "71kcps", "similarity": 0.6681}, {"filename": "6e78d6", "similarity": 0.6677}, {"filename": "89z0mi", "similarity": 0.6663}, {"filename": "6ipop0", "similarity": 0.6663}, {"filename": "7yyyje", "similarity": 0.6661}, {"filename": "6xnoql", "similarity": 0.6648}, {"filename": "7os1jc", "similarity": 0.6647}, {"filename": "80kt9j", "similarity": 0.6613}, {"filename": "653bdt", "similarity": 0.6599}, {"filename": "73f0u2", "similarity": 0.6594}, {"filename": "85ksdy", "similarity": 0.6584}, {"filename": "6w3zoq", "similarity": 0.6582}, {"filename": "6et3wn", "similarity": 0.6578}, {"filename": "2msrcz", "similarity": 0.6577}, {"filename": "8axkz9", "similarity": 0.6555}, {"filename": "76bgtf", "similarity": 0.6555}, {"filename": "7roky9", "similarity": 0.6549}, {"filename": "7maghw", "similarity": 0.6546}, {"filename": "6gndiv", "similarity": 0.6542}]