[{"filename": "695yf3", "similarity": 1.0}, {"filename": "74n3el", "similarity": 0.7706}, {"filename": "84qm0d", "similarity": 0.7645}, {"filename": "73m2dn", "similarity": 0.7638}, {"filename": "7smdxf", "similarity": 0.7638}, {"filename": "7xvc6j", "similarity": 0.7607}, {"filename": "85o7z6", "similarity": 0.7593}, {"filename": "8bh2qw", "similarity": 0.7571}, {"filename": "796l3m", "similarity": 0.757}, {"filename": "7h8t8p", "similarity": 0.7565}, {"filename": "5y22w0", "similarity": 0.7556}, {"filename": "8aqcnp", "similarity": 0.7545}, {"filename": "71nusf", "similarity": 0.7536}, {"filename": "6t8d97", "similarity": 0.7488}, {"filename": "6g7079", "similarity": 0.745}, {"filename": "6lcnf5", "similarity": 0.7444}, {"filename": "74uj30", "similarity": 0.7435}, {"filename": "83ogwn", "similarity": 0.7433}, {"filename": "87ulnx", "similarity": 0.7431}, {"filename": "861uzv", "similarity": 0.7417}, {"filename": "7ncmkx", "similarity": 0.741}, {"filename": "88obdj", "similarity": 0.7408}, {"filename": "7frppz", "similarity": 0.74}, {"filename": "74u3dj", "similarity": 0.7399}, {"filename": "71msvc", "similarity": 0.7389}, {"filename": "871ith", "similarity": 0.7389}, {"filename": "74k64t", "similarity": 0.7378}, {"filename": "746ldz", "similarity": 0.7377}, {"filename": "7o5ctm", "similarity": 0.7362}, {"filename": "6tf4id", "similarity": 0.7358}]