[{"filename": "696yfo", "similarity": 1.0}, {"filename": "7ckfcc", "similarity": 0.8274}, {"filename": "7hqv1z", "similarity": 0.8202}, {"filename": "6fqkkg", "similarity": 0.8186}, {"filename": "88rflu", "similarity": 0.8052}, {"filename": "7ibwz7", "similarity": 0.8048}, {"filename": "6m4on7", "similarity": 0.8031}, {"filename": "6a3b74", "similarity": 0.7917}, {"filename": "621plf", "similarity": 0.7859}, {"filename": "69qsw7", "similarity": 0.7854}, {"filename": "5ziik0", "similarity": 0.7845}, {"filename": "886g8g", "similarity": 0.7838}, {"filename": "7wrw6t", "similarity": 0.7827}, {"filename": "7ksk62", "similarity": 0.7814}, {"filename": "5vip7r", "similarity": 0.7788}, {"filename": "7tj8p4", "similarity": 0.778}, {"filename": "7vbgih", "similarity": 0.7758}, {"filename": "6jsy9q", "similarity": 0.7755}, {"filename": "7pp195", "similarity": 0.7752}, {"filename": "7kf3ph", "similarity": 0.7751}, {"filename": "6apqws", "similarity": 0.7739}, {"filename": "6r45yj", "similarity": 0.7716}, {"filename": "654uru", "similarity": 0.7707}, {"filename": "71pwjj", "similarity": 0.7706}, {"filename": "82lt3r", "similarity": 0.7698}, {"filename": "7h4t8r", "similarity": 0.7696}, {"filename": "75goge", "similarity": 0.7695}, {"filename": "8a0ppz", "similarity": 0.7675}, {"filename": "79140k", "similarity": 0.766}, {"filename": "6h81f0", "similarity": 0.7654}]