[{"filename": "6974vw", "similarity": 1.0}, {"filename": "753vo2", "similarity": 0.7922}, {"filename": "85o7z6", "similarity": 0.7821}, {"filename": "74u3dj", "similarity": 0.7815}, {"filename": "7h8t8p", "similarity": 0.7804}, {"filename": "7xvc6j", "similarity": 0.7775}, {"filename": "7uzqxc", "similarity": 0.7766}, {"filename": "7jb6ra", "similarity": 0.7753}, {"filename": "8aq7b2", "similarity": 0.7737}, {"filename": "7rwp97", "similarity": 0.773}, {"filename": "6ybalg", "similarity": 0.7717}, {"filename": "716ius", "similarity": 0.7716}, {"filename": "64x971", "similarity": 0.7696}, {"filename": "7vgx6l", "similarity": 0.7696}, {"filename": "88zktr", "similarity": 0.7681}, {"filename": "7xy395", "similarity": 0.7679}, {"filename": "796l3m", "similarity": 0.7673}, {"filename": "777dq8", "similarity": 0.7671}, {"filename": "86l3b0", "similarity": 0.767}, {"filename": "87ulnx", "similarity": 0.7669}, {"filename": "83wup6", "similarity": 0.7665}, {"filename": "7ckfcc", "similarity": 0.7662}, {"filename": "7r9vd5", "similarity": 0.766}, {"filename": "6znrfs", "similarity": 0.7651}, {"filename": "5pzeu9", "similarity": 0.7646}, {"filename": "7smdxf", "similarity": 0.7643}, {"filename": "7tzxbu", "similarity": 0.764}, {"filename": "66yyve", "similarity": 0.7631}, {"filename": "6zobxz", "similarity": 0.7623}, {"filename": "798vdy", "similarity": 0.762}]