[{"filename": "69bsd8", "similarity": 1.0}, {"filename": "68f2vk", "similarity": 0.7549}, {"filename": "6nmgaw", "similarity": 0.7497}, {"filename": "7pmvxq", "similarity": 0.719}, {"filename": "7300vx", "similarity": 0.7169}, {"filename": "6yvyx3", "similarity": 0.7165}, {"filename": "7whlev", "similarity": 0.6963}, {"filename": "88z4wb", "similarity": 0.6956}, {"filename": "5wte5s", "similarity": 0.6886}, {"filename": "7zlhwh", "similarity": 0.6878}, {"filename": "6xzxto", "similarity": 0.6851}, {"filename": "7z1rjy", "similarity": 0.6841}, {"filename": "74at2n", "similarity": 0.683}, {"filename": "6mjkh6", "similarity": 0.6765}, {"filename": "7g3pxf", "similarity": 0.6764}, {"filename": "7zp74r", "similarity": 0.6749}, {"filename": "7r1fwu", "similarity": 0.6732}, {"filename": "7i3nul", "similarity": 0.6722}, {"filename": "57fz1k", "similarity": 0.6714}, {"filename": "8btxp7", "similarity": 0.6706}, {"filename": "7utqot", "similarity": 0.6697}, {"filename": "34fi1c", "similarity": 0.6686}, {"filename": "6yohh7", "similarity": 0.6686}, {"filename": "676oto", "similarity": 0.668}, {"filename": "7tcity", "similarity": 0.6671}, {"filename": "819uk8", "similarity": 0.667}, {"filename": "89swch", "similarity": 0.667}, {"filename": "63k6mh", "similarity": 0.6667}, {"filename": "6zk93p", "similarity": 0.6661}, {"filename": "7m3ou9", "similarity": 0.6629}]