[{"filename": "69bx2f", "similarity": 1.0}, {"filename": "6xnoql", "similarity": 0.7359}, {"filename": "6jjs76", "similarity": 0.7323}, {"filename": "7btrhb", "similarity": 0.7296}, {"filename": "6ys8ot", "similarity": 0.7288}, {"filename": "81uqyz", "similarity": 0.7283}, {"filename": "6l5imf", "similarity": 0.7279}, {"filename": "6e78d6", "similarity": 0.7279}, {"filename": "6jfvj2", "similarity": 0.7259}, {"filename": "74sbot", "similarity": 0.7185}, {"filename": "8bou97", "similarity": 0.7176}, {"filename": "7wyl25", "similarity": 0.7175}, {"filename": "8bzumg", "similarity": 0.7175}, {"filename": "7vu58i", "similarity": 0.716}, {"filename": "72fvsq", "similarity": 0.7159}, {"filename": "7zbqar", "similarity": 0.7157}, {"filename": "8545a0", "similarity": 0.7151}, {"filename": "7u02wz", "similarity": 0.7136}, {"filename": "7nlq1z", "similarity": 0.7133}, {"filename": "6qco48", "similarity": 0.7119}, {"filename": "86tspq", "similarity": 0.7115}, {"filename": "748b0k", "similarity": 0.7094}, {"filename": "7ncmkx", "similarity": 0.7085}, {"filename": "87iewf", "similarity": 0.7079}, {"filename": "74uj30", "similarity": 0.7073}, {"filename": "69qsw7", "similarity": 0.7073}, {"filename": "7x6sb2", "similarity": 0.707}, {"filename": "7jd8nw", "similarity": 0.7068}, {"filename": "7teiru", "similarity": 0.7062}, {"filename": "83p1zj", "similarity": 0.7057}]