[{"filename": "69c3jn", "similarity": 1.0}, {"filename": "8c30hr", "similarity": 0.8149}, {"filename": "87iewf", "similarity": 0.8097}, {"filename": "6p3mye", "similarity": 0.8058}, {"filename": "6gdyy6", "similarity": 0.7907}, {"filename": "6o854h", "similarity": 0.7877}, {"filename": "7iydag", "similarity": 0.786}, {"filename": "7vc482", "similarity": 0.7853}, {"filename": "6c18mu", "similarity": 0.7851}, {"filename": "88avgn", "similarity": 0.7845}, {"filename": "7xr1gm", "similarity": 0.7835}, {"filename": "70r8o8", "similarity": 0.7812}, {"filename": "7ilx2c", "similarity": 0.7807}, {"filename": "77zi1c", "similarity": 0.7785}, {"filename": "7m4y65", "similarity": 0.7785}, {"filename": "71xtda", "similarity": 0.7774}, {"filename": "89uh7j", "similarity": 0.7771}, {"filename": "7z0qcj", "similarity": 0.7768}, {"filename": "77t3l8", "similarity": 0.7759}, {"filename": "6rrnmh", "similarity": 0.7755}, {"filename": "6vyd0q", "similarity": 0.775}, {"filename": "7ay0mc", "similarity": 0.7738}, {"filename": "6wy4j9", "similarity": 0.7732}, {"filename": "5waw8f", "similarity": 0.7731}, {"filename": "6m1myx", "similarity": 0.773}, {"filename": "6b4khu", "similarity": 0.7725}, {"filename": "86q5nw", "similarity": 0.7713}, {"filename": "7nun79", "similarity": 0.7713}, {"filename": "71nlyp", "similarity": 0.7698}, {"filename": "6s5de8", "similarity": 0.7694}]