[{"filename": "69cvux", "similarity": 1.0}, {"filename": "88e54b", "similarity": 0.9543}, {"filename": "64bvdp", "similarity": 0.9434}, {"filename": "6a6t1t", "similarity": 0.937}, {"filename": "6grujq", "similarity": 0.9165}, {"filename": "8aq7b2", "similarity": 0.7744}, {"filename": "81pzgm", "similarity": 0.7692}, {"filename": "822zm2", "similarity": 0.7661}, {"filename": "84xfm4", "similarity": 0.7629}, {"filename": "64x971", "similarity": 0.7591}, {"filename": "74n3el", "similarity": 0.7579}, {"filename": "79ro8y", "similarity": 0.7571}, {"filename": "71nusf", "similarity": 0.7562}, {"filename": "7urxui", "similarity": 0.7557}, {"filename": "7jk01u", "similarity": 0.7554}, {"filename": "6tf4id", "similarity": 0.7533}, {"filename": "6tfkzr", "similarity": 0.7533}, {"filename": "74k64t", "similarity": 0.753}, {"filename": "87ulnx", "similarity": 0.7514}, {"filename": "7n0roh", "similarity": 0.7511}, {"filename": "79msix", "similarity": 0.7511}, {"filename": "8537j5", "similarity": 0.7511}, {"filename": "6kq4ct", "similarity": 0.7501}, {"filename": "71xtda", "similarity": 0.7499}, {"filename": "6wy4j9", "similarity": 0.749}, {"filename": "7z6hsi", "similarity": 0.7486}, {"filename": "6h5tlt", "similarity": 0.7461}, {"filename": "83wup6", "similarity": 0.7457}, {"filename": "6ykn7w", "similarity": 0.7452}, {"filename": "5soyis", "similarity": 0.745}]