[{"filename": "69dg7c", "similarity": 1.0}, {"filename": "6emb3n", "similarity": 0.935}, {"filename": "81rl7c", "similarity": 0.768}, {"filename": "6p5utv", "similarity": 0.7489}, {"filename": "7nsswo", "similarity": 0.7464}, {"filename": "7072l2", "similarity": 0.7375}, {"filename": "5k2poz", "similarity": 0.7373}, {"filename": "852pfn", "similarity": 0.7319}, {"filename": "6sy786", "similarity": 0.7216}, {"filename": "5lutf4", "similarity": 0.7214}, {"filename": "7zg9x2", "similarity": 0.7164}, {"filename": "7xxs1t", "similarity": 0.7091}, {"filename": "88qqdr", "similarity": 0.7055}, {"filename": "74sbot", "similarity": 0.7001}, {"filename": "7tzxbu", "similarity": 0.6999}, {"filename": "7on3ac", "similarity": 0.6997}, {"filename": "7836pp", "similarity": 0.6948}, {"filename": "5nt46a", "similarity": 0.6939}, {"filename": "7zk2o5", "similarity": 0.693}, {"filename": "6cfms2", "similarity": 0.693}, {"filename": "6u1xb1", "similarity": 0.6928}, {"filename": "7t75fl", "similarity": 0.6927}, {"filename": "7tf518", "similarity": 0.692}, {"filename": "7rhnd1", "similarity": 0.6904}, {"filename": "85ksdy", "similarity": 0.6882}, {"filename": "6e78d6", "similarity": 0.6881}, {"filename": "7775z2", "similarity": 0.6877}, {"filename": "6z2jdl", "similarity": 0.6875}, {"filename": "66qxv9", "similarity": 0.6866}, {"filename": "6lcnf5", "similarity": 0.6865}]