[{"filename": "69e30r", "similarity": 1.0}, {"filename": "824se7", "similarity": 0.6929}, {"filename": "85h57f", "similarity": 0.6761}, {"filename": "6o6f22", "similarity": 0.6732}, {"filename": "7haijt", "similarity": 0.6716}, {"filename": "7gcw56", "similarity": 0.6681}, {"filename": "7zsw0i", "similarity": 0.667}, {"filename": "7zmljv", "similarity": 0.6657}, {"filename": "67nxwc", "similarity": 0.6649}, {"filename": "87bui9", "similarity": 0.6643}, {"filename": "84469p", "similarity": 0.6634}, {"filename": "78v78c", "similarity": 0.6622}, {"filename": "80m4yj", "similarity": 0.6598}, {"filename": "85omnh", "similarity": 0.6594}, {"filename": "80nma3", "similarity": 0.6581}, {"filename": "85rdbi", "similarity": 0.658}, {"filename": "7kvxa0", "similarity": 0.658}, {"filename": "8c6k50", "similarity": 0.6574}, {"filename": "845ly6", "similarity": 0.6565}, {"filename": "80ppdt", "similarity": 0.6549}, {"filename": "8538zz", "similarity": 0.6546}, {"filename": "6knenp", "similarity": 0.6543}, {"filename": "7gcww9", "similarity": 0.6543}, {"filename": "6akqkh", "similarity": 0.6537}, {"filename": "77rcod", "similarity": 0.6533}, {"filename": "8aqrd3", "similarity": 0.653}, {"filename": "7wp27w", "similarity": 0.6518}, {"filename": "64767b", "similarity": 0.6517}, {"filename": "6upnmr", "similarity": 0.6505}, {"filename": "659xhm", "similarity": 0.6504}]