[{"filename": "69fiar", "similarity": 1.0}, {"filename": "7ljjyu", "similarity": 0.7437}, {"filename": "753vo2", "similarity": 0.7403}, {"filename": "7s8hsr", "similarity": 0.7393}, {"filename": "85carr", "similarity": 0.7342}, {"filename": "8bqnpi", "similarity": 0.7309}, {"filename": "7cyp7c", "similarity": 0.7301}, {"filename": "7vfxix", "similarity": 0.7284}, {"filename": "6w4yg1", "similarity": 0.7275}, {"filename": "7pwq7c", "similarity": 0.727}, {"filename": "7zxjo1", "similarity": 0.7268}, {"filename": "81cg2m", "similarity": 0.7267}, {"filename": "6d52ri", "similarity": 0.7254}, {"filename": "8au6w5", "similarity": 0.7244}, {"filename": "6p0nwj", "similarity": 0.7224}, {"filename": "7qj737", "similarity": 0.7211}, {"filename": "8aq7b2", "similarity": 0.7202}, {"filename": "6u4fiw", "similarity": 0.7198}, {"filename": "7csa3y", "similarity": 0.7189}, {"filename": "881q6s", "similarity": 0.7183}, {"filename": "6i4yfa", "similarity": 0.7177}, {"filename": "7hzxyp", "similarity": 0.7174}, {"filename": "7d1gp6", "similarity": 0.7169}, {"filename": "7x0u8i", "similarity": 0.7166}, {"filename": "7fs1gt", "similarity": 0.7164}, {"filename": "65utsz", "similarity": 0.7156}, {"filename": "81q1jc", "similarity": 0.7155}, {"filename": "7y086r", "similarity": 0.7151}, {"filename": "6jep8t", "similarity": 0.7145}, {"filename": "7xxv3g", "similarity": 0.7144}]