[{"filename": "69l8rb", "similarity": 1.0}, {"filename": "6d26ic", "similarity": 0.8205}, {"filename": "6nhsq7", "similarity": 0.8198}, {"filename": "7jj5s0", "similarity": 0.7849}, {"filename": "64xo1a", "similarity": 0.7708}, {"filename": "847hox", "similarity": 0.7665}, {"filename": "5xh2j6", "similarity": 0.7655}, {"filename": "7zmvs5", "similarity": 0.7606}, {"filename": "6y67ml", "similarity": 0.7581}, {"filename": "82cyxw", "similarity": 0.7497}, {"filename": "7vgx6l", "similarity": 0.7476}, {"filename": "6qj1t2", "similarity": 0.7463}, {"filename": "7iifli", "similarity": 0.7451}, {"filename": "7ilgg3", "similarity": 0.7415}, {"filename": "8az3tp", "similarity": 0.7409}, {"filename": "8bhjkp", "similarity": 0.7398}, {"filename": "7lll3r", "similarity": 0.7386}, {"filename": "6ajgjc", "similarity": 0.7385}, {"filename": "5xmf1w", "similarity": 0.7384}, {"filename": "701m3b", "similarity": 0.7366}, {"filename": "6rgn3c", "similarity": 0.7364}, {"filename": "6frw6o", "similarity": 0.7355}, {"filename": "6skts2", "similarity": 0.7349}, {"filename": "6zjcpo", "similarity": 0.7346}, {"filename": "79o037", "similarity": 0.7343}, {"filename": "7nbmg0", "similarity": 0.7338}, {"filename": "7ghicf", "similarity": 0.7333}, {"filename": "80u0v8", "similarity": 0.7317}, {"filename": "6zeefg", "similarity": 0.7308}, {"filename": "83deug", "similarity": 0.7295}]