[{"filename": "69n5j9", "similarity": 1.0}, {"filename": "6l6jbv", "similarity": 0.7876}, {"filename": "82pqn9", "similarity": 0.7832}, {"filename": "88f6ci", "similarity": 0.7812}, {"filename": "71nusf", "similarity": 0.7747}, {"filename": "6wy4j9", "similarity": 0.7713}, {"filename": "82o73g", "similarity": 0.7679}, {"filename": "7zg61x", "similarity": 0.7639}, {"filename": "83ebnr", "similarity": 0.7636}, {"filename": "7sl3bo", "similarity": 0.7566}, {"filename": "64x971", "similarity": 0.7519}, {"filename": "6te9fv", "similarity": 0.7518}, {"filename": "87ulnx", "similarity": 0.7516}, {"filename": "87iewf", "similarity": 0.7502}, {"filename": "71xtda", "similarity": 0.7496}, {"filename": "87q8hy", "similarity": 0.7492}, {"filename": "6wi37k", "similarity": 0.7478}, {"filename": "777dq8", "similarity": 0.7469}, {"filename": "7yc681", "similarity": 0.7462}, {"filename": "81utns", "similarity": 0.745}, {"filename": "6axb43", "similarity": 0.7437}, {"filename": "636ufe", "similarity": 0.7432}, {"filename": "6z4tfz", "similarity": 0.7426}, {"filename": "6zeefg", "similarity": 0.7426}, {"filename": "6ipop0", "similarity": 0.7424}, {"filename": "751g7p", "similarity": 0.7418}, {"filename": "7mvaxw", "similarity": 0.7407}, {"filename": "6s5de8", "similarity": 0.7405}, {"filename": "74n6q8", "similarity": 0.7404}, {"filename": "861fhz", "similarity": 0.7403}]