[{"filename": "69n6y7", "similarity": 1.0}, {"filename": "776r5g", "similarity": 0.7611}, {"filename": "7wmroo", "similarity": 0.7588}, {"filename": "813u7o", "similarity": 0.7265}, {"filename": "77uuur", "similarity": 0.726}, {"filename": "8543iv", "similarity": 0.726}, {"filename": "7oesnc", "similarity": 0.7198}, {"filename": "88ypdx", "similarity": 0.719}, {"filename": "7mqf0a", "similarity": 0.7189}, {"filename": "74oqfs", "similarity": 0.7188}, {"filename": "6vyd0q", "similarity": 0.7184}, {"filename": "8aaqdw", "similarity": 0.717}, {"filename": "7u24es", "similarity": 0.717}, {"filename": "8b1ova", "similarity": 0.717}, {"filename": "7o7hn8", "similarity": 0.7167}, {"filename": "653bdt", "similarity": 0.7163}, {"filename": "74uj30", "similarity": 0.7157}, {"filename": "7t75fl", "similarity": 0.714}, {"filename": "7qnyh1", "similarity": 0.707}, {"filename": "57llud", "similarity": 0.7055}, {"filename": "67nxwc", "similarity": 0.7051}, {"filename": "5nlru8", "similarity": 0.705}, {"filename": "7oyzhj", "similarity": 0.7041}, {"filename": "86tspq", "similarity": 0.7021}, {"filename": "6kcy8s", "similarity": 0.7007}, {"filename": "8c5obq", "similarity": 0.7003}, {"filename": "7urxui", "similarity": 0.6992}, {"filename": "7yx9pf", "similarity": 0.6981}, {"filename": "6ykn7w", "similarity": 0.6977}, {"filename": "68me7o", "similarity": 0.6976}]