[{"filename": "69onef", "similarity": 1.0}, {"filename": "66913o", "similarity": 0.7193}, {"filename": "7ksk62", "similarity": 0.6986}, {"filename": "5cvoe1", "similarity": 0.6955}, {"filename": "7k66ah", "similarity": 0.6898}, {"filename": "8800wt", "similarity": 0.6887}, {"filename": "654uru", "similarity": 0.6884}, {"filename": "78586f", "similarity": 0.6878}, {"filename": "5jaxz2", "similarity": 0.6868}, {"filename": "8039qr", "similarity": 0.6843}, {"filename": "7169op", "similarity": 0.6818}, {"filename": "70vs05", "similarity": 0.6816}, {"filename": "7g10xb", "similarity": 0.6786}, {"filename": "5ptqdf", "similarity": 0.6781}, {"filename": "88q398", "similarity": 0.6752}, {"filename": "6x8f2e", "similarity": 0.6751}, {"filename": "7wrw6t", "similarity": 0.6748}, {"filename": "6v9raf", "similarity": 0.6748}, {"filename": "7d5rie", "similarity": 0.6745}, {"filename": "7wp608", "similarity": 0.6696}, {"filename": "5vip7r", "similarity": 0.6689}, {"filename": "8039cx", "similarity": 0.6645}, {"filename": "859ryk", "similarity": 0.6625}, {"filename": "7xymri", "similarity": 0.662}, {"filename": "7xs3ce", "similarity": 0.6602}, {"filename": "8c3oy0", "similarity": 0.6592}, {"filename": "6hlgbr", "similarity": 0.6575}, {"filename": "7msepc", "similarity": 0.6574}, {"filename": "6mwl6h", "similarity": 0.6566}, {"filename": "748j9v", "similarity": 0.6562}]