[{"filename": "69qkh6", "similarity": 1.0}, {"filename": "7l8d84", "similarity": 0.7734}, {"filename": "75l8k4", "similarity": 0.7492}, {"filename": "7snc00", "similarity": 0.7427}, {"filename": "87get8", "similarity": 0.7419}, {"filename": "6ieyne", "similarity": 0.7395}, {"filename": "7or4qw", "similarity": 0.7372}, {"filename": "7pambg", "similarity": 0.736}, {"filename": "7yc681", "similarity": 0.735}, {"filename": "83rsj6", "similarity": 0.7344}, {"filename": "7vp1nc", "similarity": 0.7324}, {"filename": "758iwv", "similarity": 0.7311}, {"filename": "80nma3", "similarity": 0.7305}, {"filename": "5yel0g", "similarity": 0.7305}, {"filename": "6gndiv", "similarity": 0.7299}, {"filename": "71nusf", "similarity": 0.7293}, {"filename": "6dqjle", "similarity": 0.729}, {"filename": "7hryco", "similarity": 0.7265}, {"filename": "85xpmy", "similarity": 0.7262}, {"filename": "7ia8ck", "similarity": 0.7237}, {"filename": "7ar2wq", "similarity": 0.7231}, {"filename": "71xtda", "similarity": 0.7227}, {"filename": "777dq8", "similarity": 0.7227}, {"filename": "8bbdty", "similarity": 0.7219}, {"filename": "89nh5q", "similarity": 0.7217}, {"filename": "74sbot", "similarity": 0.7209}, {"filename": "7vscl8", "similarity": 0.7197}, {"filename": "83hg97", "similarity": 0.7181}, {"filename": "8brqcq", "similarity": 0.7179}, {"filename": "6m0uwa", "similarity": 0.7168}]