[{"filename": "69qsw7", "similarity": 1.0}, {"filename": "62mivr", "similarity": 0.8205}, {"filename": "88aixz", "similarity": 0.7904}, {"filename": "74muva", "similarity": 0.7886}, {"filename": "82lt3r", "similarity": 0.7886}, {"filename": "7ckfcc", "similarity": 0.7871}, {"filename": "5ziik0", "similarity": 0.7858}, {"filename": "696yfo", "similarity": 0.7854}, {"filename": "7f23mo", "similarity": 0.7811}, {"filename": "7hqv1z", "similarity": 0.7809}, {"filename": "879n66", "similarity": 0.7807}, {"filename": "7ksk62", "similarity": 0.7772}, {"filename": "822zm2", "similarity": 0.7761}, {"filename": "7bllvq", "similarity": 0.7755}, {"filename": "7wrw6t", "similarity": 0.7751}, {"filename": "654uru", "similarity": 0.7746}, {"filename": "8a0ppz", "similarity": 0.7735}, {"filename": "6fqkkg", "similarity": 0.7731}, {"filename": "88rflu", "similarity": 0.7715}, {"filename": "7vjh7h", "similarity": 0.7695}, {"filename": "7f16s9", "similarity": 0.7673}, {"filename": "7h4t8r", "similarity": 0.7666}, {"filename": "5u9icj", "similarity": 0.7654}, {"filename": "7oqc27", "similarity": 0.7648}, {"filename": "6dqjle", "similarity": 0.7648}, {"filename": "6u152p", "similarity": 0.7647}, {"filename": "886g8g", "similarity": 0.7642}, {"filename": "5vip7r", "similarity": 0.7638}, {"filename": "5mwqbb", "similarity": 0.7635}, {"filename": "74uj30", "similarity": 0.7629}]