[{"filename": "69r6lh", "similarity": 1.0}, {"filename": "85e4wk", "similarity": 0.8574}, {"filename": "6s5de8", "similarity": 0.8401}, {"filename": "8b1u7r", "similarity": 0.8379}, {"filename": "77t3l8", "similarity": 0.8339}, {"filename": "6xtm2u", "similarity": 0.8338}, {"filename": "8c30hr", "similarity": 0.833}, {"filename": "6gdyy6", "similarity": 0.8307}, {"filename": "864qpz", "similarity": 0.8281}, {"filename": "6t8hxx", "similarity": 0.8183}, {"filename": "6cnxlz", "similarity": 0.8147}, {"filename": "6feflv", "similarity": 0.814}, {"filename": "87hxtr", "similarity": 0.8055}, {"filename": "7jk01u", "similarity": 0.8027}, {"filename": "7zzpep", "similarity": 0.8024}, {"filename": "5x7lxv", "similarity": 0.802}, {"filename": "7ukwg1", "similarity": 0.8015}, {"filename": "77zi1c", "similarity": 0.7987}, {"filename": "7ytmr6", "similarity": 0.7981}, {"filename": "6901p4", "similarity": 0.7977}, {"filename": "88avgn", "similarity": 0.7977}, {"filename": "89e9j0", "similarity": 0.7963}, {"filename": "7kjhc5", "similarity": 0.7957}, {"filename": "7pwlu5", "similarity": 0.7945}, {"filename": "6wy4j9", "similarity": 0.7944}, {"filename": "6c18mu", "similarity": 0.7938}, {"filename": "6dprzc", "similarity": 0.7933}, {"filename": "83p8gj", "similarity": 0.7922}, {"filename": "7b6j1z", "similarity": 0.7921}, {"filename": "7c7ndi", "similarity": 0.7913}]