[{"filename": "69wvyg", "similarity": 1.0}, {"filename": "6p7rmx", "similarity": 0.774}, {"filename": "86w5oo", "similarity": 0.7427}, {"filename": "85729m", "similarity": 0.7226}, {"filename": "7z1rjy", "similarity": 0.6769}, {"filename": "6n5vol", "similarity": 0.665}, {"filename": "6wmf8d", "similarity": 0.6635}, {"filename": "7o4lby", "similarity": 0.6556}, {"filename": "6akyca", "similarity": 0.6549}, {"filename": "6xlhtv", "similarity": 0.6518}, {"filename": "34fi1c", "similarity": 0.6503}, {"filename": "7s51jk", "similarity": 0.6449}, {"filename": "7yyyje", "similarity": 0.6412}, {"filename": "63k6mh", "similarity": 0.6399}, {"filename": "7gt22g", "similarity": 0.6389}, {"filename": "70y8m0", "similarity": 0.6388}, {"filename": "6b9r4t", "similarity": 0.6381}, {"filename": "89vbg1", "similarity": 0.6368}, {"filename": "82xmua", "similarity": 0.6329}, {"filename": "6vqf9g", "similarity": 0.6309}, {"filename": "83p8ks", "similarity": 0.6308}, {"filename": "7f3ywc", "similarity": 0.63}, {"filename": "6msu80", "similarity": 0.6292}, {"filename": "6mj84n", "similarity": 0.6292}, {"filename": "6l6jbv", "similarity": 0.6292}, {"filename": "6zk93p", "similarity": 0.629}, {"filename": "5w66yx", "similarity": 0.6288}, {"filename": "6fzxsd", "similarity": 0.6284}, {"filename": "7zhi8k", "similarity": 0.6281}, {"filename": "777dq8", "similarity": 0.627}]