[{"filename": "69y17i", "similarity": 1.0}, {"filename": "80u1az", "similarity": 0.9431}, {"filename": "6ar6jp", "similarity": 0.8021}, {"filename": "6d52ri", "similarity": 0.7994}, {"filename": "7kgp7b", "similarity": 0.7984}, {"filename": "7hzxyp", "similarity": 0.7966}, {"filename": "6xtm2u", "similarity": 0.7931}, {"filename": "7aee7l", "similarity": 0.7921}, {"filename": "81q1jc", "similarity": 0.7913}, {"filename": "6g7zy4", "similarity": 0.7897}, {"filename": "6jep8t", "similarity": 0.7884}, {"filename": "85e4wk", "similarity": 0.7872}, {"filename": "79dda4", "similarity": 0.7869}, {"filename": "6k6dnn", "similarity": 0.7865}, {"filename": "7y086r", "similarity": 0.7855}, {"filename": "85carr", "similarity": 0.7851}, {"filename": "71ag2y", "similarity": 0.785}, {"filename": "8au6w5", "similarity": 0.7828}, {"filename": "6u4fiw", "similarity": 0.7819}, {"filename": "8bfn44", "similarity": 0.7815}, {"filename": "66vnlg", "similarity": 0.7814}, {"filename": "7bspr3", "similarity": 0.7799}, {"filename": "8bqnpi", "similarity": 0.7777}, {"filename": "6ijnh3", "similarity": 0.7744}, {"filename": "7ds19z", "similarity": 0.772}, {"filename": "6ml1a6", "similarity": 0.7717}, {"filename": "7teh4j", "similarity": 0.7711}, {"filename": "7rwp97", "similarity": 0.7709}, {"filename": "694o6h", "similarity": 0.7707}, {"filename": "6ts65s", "similarity": 0.7701}]