[{"filename": "69yr11", "similarity": 1.0}, {"filename": "84wwcx", "similarity": 0.7192}, {"filename": "84cmm7", "similarity": 0.6904}, {"filename": "85hluq", "similarity": 0.6883}, {"filename": "85xpmy", "similarity": 0.6865}, {"filename": "73cufe", "similarity": 0.679}, {"filename": "6uiwov", "similarity": 0.6759}, {"filename": "7jijda", "similarity": 0.6749}, {"filename": "64pzpi", "similarity": 0.6689}, {"filename": "73tzpe", "similarity": 0.6666}, {"filename": "74sbot", "similarity": 0.6655}, {"filename": "84b0eb", "similarity": 0.6645}, {"filename": "7gt22g", "similarity": 0.6643}, {"filename": "83hg97", "similarity": 0.6612}, {"filename": "89swch", "similarity": 0.6595}, {"filename": "6c13dg", "similarity": 0.6586}, {"filename": "84v18j", "similarity": 0.6584}, {"filename": "34fi1c", "similarity": 0.658}, {"filename": "7aiksi", "similarity": 0.6571}, {"filename": "6nspy2", "similarity": 0.657}, {"filename": "8c1zjk", "similarity": 0.6567}, {"filename": "8by5s6", "similarity": 0.6567}, {"filename": "76m13w", "similarity": 0.6555}, {"filename": "7yyyje", "similarity": 0.6547}, {"filename": "6aqzdk", "similarity": 0.6547}, {"filename": "7n0876", "similarity": 0.6546}, {"filename": "7uieq2", "similarity": 0.6527}, {"filename": "7d0kbf", "similarity": 0.6514}, {"filename": "7yuvie", "similarity": 0.6507}, {"filename": "6zk93p", "similarity": 0.6485}]