[{"filename": "6a19ek", "similarity": 1.0}, {"filename": "7whlev", "similarity": 0.745}, {"filename": "7qst8m", "similarity": 0.7383}, {"filename": "653bdt", "similarity": 0.7365}, {"filename": "8ailel", "similarity": 0.7317}, {"filename": "6mjkh6", "similarity": 0.7314}, {"filename": "68bi5k", "similarity": 0.7269}, {"filename": "76zs8f", "similarity": 0.7224}, {"filename": "73josi", "similarity": 0.7151}, {"filename": "7rt3gk", "similarity": 0.7123}, {"filename": "7vp1nc", "similarity": 0.7119}, {"filename": "7zmm0h", "similarity": 0.7111}, {"filename": "75l8k4", "similarity": 0.7105}, {"filename": "61beyg", "similarity": 0.7093}, {"filename": "7sl3bo", "similarity": 0.7088}, {"filename": "7w3er2", "similarity": 0.7075}, {"filename": "83yt5e", "similarity": 0.7066}, {"filename": "6w3zoq", "similarity": 0.7051}, {"filename": "7m3077", "similarity": 0.7021}, {"filename": "7g35wc", "similarity": 0.7019}, {"filename": "7or4qw", "similarity": 0.7018}, {"filename": "6ugry3", "similarity": 0.7017}, {"filename": "87q8hy", "similarity": 0.7001}, {"filename": "6zk93p", "similarity": 0.6985}, {"filename": "6kmgj8", "similarity": 0.6972}, {"filename": "7jhulr", "similarity": 0.6948}, {"filename": "7vz59p", "similarity": 0.6932}, {"filename": "7qfguq", "similarity": 0.693}, {"filename": "77dcmc", "similarity": 0.6914}, {"filename": "7phnmp", "similarity": 0.6908}]