[{"filename": "6a2p5i", "similarity": 1.0}, {"filename": "80uqm7", "similarity": 0.6583}, {"filename": "735p0m", "similarity": 0.6433}, {"filename": "7873q9", "similarity": 0.6384}, {"filename": "862ee9", "similarity": 0.6225}, {"filename": "7djh2n", "similarity": 0.6129}, {"filename": "7l8pxp", "similarity": 0.6104}, {"filename": "695yf3", "similarity": 0.6086}, {"filename": "7cn0vu", "similarity": 0.6085}, {"filename": "7cppoy", "similarity": 0.6059}, {"filename": "7m16wo", "similarity": 0.6044}, {"filename": "8ailel", "similarity": 0.6034}, {"filename": "7tdp5w", "similarity": 0.6028}, {"filename": "86a9px", "similarity": 0.6023}, {"filename": "7la0g2", "similarity": 0.6011}, {"filename": "6m5k0o", "similarity": 0.5975}, {"filename": "7okjj7", "similarity": 0.5912}, {"filename": "77zsna", "similarity": 0.5911}, {"filename": "838k8s", "similarity": 0.5859}, {"filename": "7zwb5o", "similarity": 0.5821}, {"filename": "6yk4b3", "similarity": 0.5818}, {"filename": "7kn24f", "similarity": 0.5799}, {"filename": "7cgigc", "similarity": 0.5789}, {"filename": "71x43t", "similarity": 0.5775}, {"filename": "7z3nlc", "similarity": 0.5749}, {"filename": "7whlev", "similarity": 0.5746}, {"filename": "85g1v6", "similarity": 0.5736}, {"filename": "87pxlg", "similarity": 0.5727}, {"filename": "6o7qd6", "similarity": 0.5726}, {"filename": "7nfqjx", "similarity": 0.5723}]