[{"filename": "6a3b74", "similarity": 1.0}, {"filename": "7ibwz7", "similarity": 0.9546}, {"filename": "6fqkkg", "similarity": 0.8739}, {"filename": "71pwjj", "similarity": 0.8709}, {"filename": "8a0ppz", "similarity": 0.8421}, {"filename": "5z4cr2", "similarity": 0.8286}, {"filename": "621plf", "similarity": 0.8223}, {"filename": "6apqws", "similarity": 0.8158}, {"filename": "636zxe", "similarity": 0.8134}, {"filename": "7slyka", "similarity": 0.8127}, {"filename": "7srmya", "similarity": 0.8095}, {"filename": "5mwqbb", "similarity": 0.804}, {"filename": "696yfo", "similarity": 0.7917}, {"filename": "7yd50c", "similarity": 0.7836}, {"filename": "730jb8", "similarity": 0.7795}, {"filename": "86qzd9", "similarity": 0.7742}, {"filename": "8bjae3", "similarity": 0.7707}, {"filename": "7dsx2w", "similarity": 0.7681}, {"filename": "7pp195", "similarity": 0.7602}, {"filename": "7hqv1z", "similarity": 0.7601}, {"filename": "8c30hr", "similarity": 0.7571}, {"filename": "83lwj7", "similarity": 0.7548}, {"filename": "701qav", "similarity": 0.7534}, {"filename": "7nuogh", "similarity": 0.7516}, {"filename": "82lt3r", "similarity": 0.7505}, {"filename": "7ivcuz", "similarity": 0.7501}, {"filename": "79140k", "similarity": 0.7474}, {"filename": "6104f5", "similarity": 0.7465}, {"filename": "80c1tb", "similarity": 0.746}, {"filename": "6gzee7", "similarity": 0.7455}]