[{"filename": "6a4zkd", "similarity": 1.0}, {"filename": "6o6f22", "similarity": 0.7228}, {"filename": "7tf518", "similarity": 0.7211}, {"filename": "83plg2", "similarity": 0.72}, {"filename": "8545a0", "similarity": 0.7198}, {"filename": "7dd698", "similarity": 0.7165}, {"filename": "7pbhh9", "similarity": 0.7137}, {"filename": "80nma3", "similarity": 0.7127}, {"filename": "777dq8", "similarity": 0.7122}, {"filename": "7o5ctm", "similarity": 0.7103}, {"filename": "7y29xx", "similarity": 0.7083}, {"filename": "822zm2", "similarity": 0.7079}, {"filename": "86189j", "similarity": 0.7068}, {"filename": "7xxs1t", "similarity": 0.7063}, {"filename": "75l8k4", "similarity": 0.7054}, {"filename": "852pfn", "similarity": 0.7044}, {"filename": "6knenp", "similarity": 0.7038}, {"filename": "74k64t", "similarity": 0.7037}, {"filename": "6x42j9", "similarity": 0.7036}, {"filename": "7hce9u", "similarity": 0.7031}, {"filename": "7c151f", "similarity": 0.7023}, {"filename": "6lcnf5", "similarity": 0.7021}, {"filename": "64767b", "similarity": 0.7013}, {"filename": "7b4968", "similarity": 0.6977}, {"filename": "6e78d6", "similarity": 0.6972}, {"filename": "78so15", "similarity": 0.6967}, {"filename": "73pv87", "similarity": 0.6966}, {"filename": "73m2dn", "similarity": 0.6963}, {"filename": "80lxqe", "similarity": 0.6962}, {"filename": "6uw4h3", "similarity": 0.6952}]