[{"filename": "6a5x8z", "similarity": 1.0}, {"filename": "6izzgq", "similarity": 0.8371}, {"filename": "6y4c5u", "similarity": 0.8343}, {"filename": "7mgvpu", "similarity": 0.8209}, {"filename": "7tp55f", "similarity": 0.82}, {"filename": "7kdb5e", "similarity": 0.8146}, {"filename": "6vakeh", "similarity": 0.812}, {"filename": "6uotwz", "similarity": 0.8092}, {"filename": "7xxv3g", "similarity": 0.8043}, {"filename": "87qycb", "similarity": 0.8032}, {"filename": "7y5d58", "similarity": 0.8001}, {"filename": "7xy7z8", "similarity": 0.7988}, {"filename": "6wboov", "similarity": 0.7977}, {"filename": "82w2py", "similarity": 0.797}, {"filename": "7mid49", "similarity": 0.797}, {"filename": "670iba", "similarity": 0.7958}, {"filename": "6rcqoy", "similarity": 0.7949}, {"filename": "708wf7", "similarity": 0.7947}, {"filename": "5tn9h2", "similarity": 0.7944}, {"filename": "6lmlsh", "similarity": 0.7942}, {"filename": "7qz0zf", "similarity": 0.7942}, {"filename": "701ec1", "similarity": 0.7919}, {"filename": "7krkja", "similarity": 0.7917}, {"filename": "7v41jx", "similarity": 0.7913}, {"filename": "5mhmjs", "similarity": 0.7911}, {"filename": "5mjv7o", "similarity": 0.7911}, {"filename": "80suna", "similarity": 0.7907}, {"filename": "7uzqxc", "similarity": 0.7895}, {"filename": "8a8hkh", "similarity": 0.7894}, {"filename": "7cfedi", "similarity": 0.7885}]