[{"filename": "6a6t1t", "similarity": 1.0}, {"filename": "64bvdp", "similarity": 0.9563}, {"filename": "6grujq", "similarity": 0.9529}, {"filename": "69cvux", "similarity": 0.937}, {"filename": "88e54b", "similarity": 0.9102}, {"filename": "8aq7b2", "similarity": 0.766}, {"filename": "71nusf", "similarity": 0.7545}, {"filename": "81pzgm", "similarity": 0.7527}, {"filename": "6wy4j9", "similarity": 0.7519}, {"filename": "6h5tlt", "similarity": 0.7508}, {"filename": "7n0roh", "similarity": 0.7505}, {"filename": "6z4tfz", "similarity": 0.7492}, {"filename": "8537j5", "similarity": 0.7485}, {"filename": "7jk01u", "similarity": 0.7444}, {"filename": "8bm0hc", "similarity": 0.7423}, {"filename": "64x971", "similarity": 0.7397}, {"filename": "84xfm4", "similarity": 0.7392}, {"filename": "83wup6", "similarity": 0.7385}, {"filename": "822zm2", "similarity": 0.7381}, {"filename": "7urxui", "similarity": 0.738}, {"filename": "7kjhc5", "similarity": 0.7361}, {"filename": "71xtda", "similarity": 0.7361}, {"filename": "87ulnx", "similarity": 0.7349}, {"filename": "87ez2n", "similarity": 0.7347}, {"filename": "706pop", "similarity": 0.7341}, {"filename": "74k64t", "similarity": 0.7326}, {"filename": "7m3ou9", "similarity": 0.7323}, {"filename": "6qj1t2", "similarity": 0.7321}, {"filename": "79ro8y", "similarity": 0.73}, {"filename": "79msix", "similarity": 0.7297}]