[{"filename": "6a8rj1", "similarity": 1.0}, {"filename": "6m4on7", "similarity": 0.7171}, {"filename": "64pzpi", "similarity": 0.6888}, {"filename": "6h81f0", "similarity": 0.6878}, {"filename": "74xhev", "similarity": 0.6864}, {"filename": "787v5p", "similarity": 0.6843}, {"filename": "71l0xt", "similarity": 0.6798}, {"filename": "6s67yv", "similarity": 0.6786}, {"filename": "6f6rdl", "similarity": 0.6781}, {"filename": "63xbhs", "similarity": 0.6768}, {"filename": "6euamy", "similarity": 0.6768}, {"filename": "6prl7d", "similarity": 0.6759}, {"filename": "7zn10d", "similarity": 0.6697}, {"filename": "7an4ev", "similarity": 0.6688}, {"filename": "7uieq2", "similarity": 0.6672}, {"filename": "6m6ijv", "similarity": 0.6667}, {"filename": "80m4yj", "similarity": 0.6663}, {"filename": "87txrx", "similarity": 0.666}, {"filename": "66h8cq", "similarity": 0.6648}, {"filename": "74sbot", "similarity": 0.6645}, {"filename": "7b5973", "similarity": 0.6644}, {"filename": "7iyyyq", "similarity": 0.6644}, {"filename": "73tzpe", "similarity": 0.6627}, {"filename": "5u9icj", "similarity": 0.6615}, {"filename": "5x6660", "similarity": 0.6594}, {"filename": "62gv9z", "similarity": 0.6592}, {"filename": "8bgpsw", "similarity": 0.659}, {"filename": "64vt66", "similarity": 0.6587}, {"filename": "6k4u8e", "similarity": 0.6584}, {"filename": "73be3e", "similarity": 0.6574}]