[{"filename": "6aa0bf", "similarity": 1.0}, {"filename": "6s8il9", "similarity": 0.9426}, {"filename": "78pgdv", "similarity": 0.7233}, {"filename": "7fsvqj", "similarity": 0.7064}, {"filename": "6wq5cz", "similarity": 0.6874}, {"filename": "7z7qby", "similarity": 0.6872}, {"filename": "7i85e0", "similarity": 0.6802}, {"filename": "6m5k0o", "similarity": 0.6779}, {"filename": "7jxeix", "similarity": 0.6659}, {"filename": "7cppoy", "similarity": 0.6652}, {"filename": "7cn0vu", "similarity": 0.6629}, {"filename": "7mmnmw", "similarity": 0.6607}, {"filename": "6axb43", "similarity": 0.6587}, {"filename": "8ailel", "similarity": 0.6575}, {"filename": "61beyg", "similarity": 0.6566}, {"filename": "7v6v38", "similarity": 0.6556}, {"filename": "6p5wbm", "similarity": 0.6555}, {"filename": "6zms7p", "similarity": 0.6535}, {"filename": "7tdp5w", "similarity": 0.6522}, {"filename": "65qpqo", "similarity": 0.6522}, {"filename": "822zm2", "similarity": 0.6512}, {"filename": "6lcnf5", "similarity": 0.6492}, {"filename": "7l8pxp", "similarity": 0.6486}, {"filename": "7h4t8r", "similarity": 0.6476}, {"filename": "81cgxo", "similarity": 0.6476}, {"filename": "7eqpoq", "similarity": 0.647}, {"filename": "796l3m", "similarity": 0.6443}, {"filename": "6rtc5m", "similarity": 0.6442}, {"filename": "71msvc", "similarity": 0.6429}, {"filename": "6tnp32", "similarity": 0.6419}]