[{"filename": "6abve7", "similarity": 1.0}, {"filename": "843a8j", "similarity": 0.7495}, {"filename": "6ckjmn", "similarity": 0.7286}, {"filename": "85uubg", "similarity": 0.7255}, {"filename": "7bg6no", "similarity": 0.725}, {"filename": "7x88fk", "similarity": 0.7234}, {"filename": "7hlqyv", "similarity": 0.7219}, {"filename": "7p7ghy", "similarity": 0.7148}, {"filename": "6697tp", "similarity": 0.7128}, {"filename": "7ehypp", "similarity": 0.7064}, {"filename": "72666v", "similarity": 0.7011}, {"filename": "7qjbn8", "similarity": 0.6995}, {"filename": "6ymik2", "similarity": 0.6981}, {"filename": "7pbhh9", "similarity": 0.6977}, {"filename": "74muva", "similarity": 0.6975}, {"filename": "7f23mo", "similarity": 0.6962}, {"filename": "7zhi8k", "similarity": 0.6958}, {"filename": "7c1n8j", "similarity": 0.6934}, {"filename": "7ulthr", "similarity": 0.692}, {"filename": "5k2poz", "similarity": 0.6912}, {"filename": "76j5vk", "similarity": 0.6908}, {"filename": "7teiru", "similarity": 0.6869}, {"filename": "79osnv", "similarity": 0.6869}, {"filename": "6s67yv", "similarity": 0.6865}, {"filename": "6e78d6", "similarity": 0.6864}, {"filename": "7wyl25", "similarity": 0.6844}, {"filename": "7haijt", "similarity": 0.6837}, {"filename": "73cufe", "similarity": 0.6832}, {"filename": "5z4kzq", "similarity": 0.6831}, {"filename": "7ajlug", "similarity": 0.6829}]