[{"filename": "6abvxz", "similarity": 1.0}, {"filename": "7s7ig0", "similarity": 0.7381}, {"filename": "6zk93p", "similarity": 0.7289}, {"filename": "88ypdx", "similarity": 0.7191}, {"filename": "7u24es", "similarity": 0.7148}, {"filename": "8aaqdw", "similarity": 0.7147}, {"filename": "7h5vl2", "similarity": 0.7129}, {"filename": "7jab5w", "similarity": 0.7103}, {"filename": "6h5tlt", "similarity": 0.7102}, {"filename": "6dtouw", "similarity": 0.7098}, {"filename": "7wp27w", "similarity": 0.708}, {"filename": "7puhoh", "similarity": 0.7078}, {"filename": "7lgp8j", "similarity": 0.7075}, {"filename": "67nxwc", "similarity": 0.707}, {"filename": "6knenp", "similarity": 0.7067}, {"filename": "5nlru8", "similarity": 0.7062}, {"filename": "7li1f4", "similarity": 0.7057}, {"filename": "813u7o", "similarity": 0.7043}, {"filename": "7ehd4y", "similarity": 0.7025}, {"filename": "7rhnd1", "similarity": 0.7021}, {"filename": "8b1pgt", "similarity": 0.7019}, {"filename": "74uj30", "similarity": 0.7017}, {"filename": "7m3ou9", "similarity": 0.7003}, {"filename": "79tx0i", "similarity": 0.6994}, {"filename": "7vxydo", "similarity": 0.6977}, {"filename": "83ogwn", "similarity": 0.6975}, {"filename": "66hudv", "similarity": 0.6972}, {"filename": "6n9kra", "similarity": 0.6956}, {"filename": "6ohxty", "similarity": 0.6953}, {"filename": "872w7m", "similarity": 0.6953}]