[{"filename": "6ad5xp", "similarity": 1.0}, {"filename": "6zqn3d", "similarity": 0.7458}, {"filename": "6mgoer", "similarity": 0.6883}, {"filename": "64767b", "similarity": 0.681}, {"filename": "34fi1c", "similarity": 0.6743}, {"filename": "7vmuz7", "similarity": 0.665}, {"filename": "7it05h", "similarity": 0.6609}, {"filename": "877uio", "similarity": 0.6584}, {"filename": "6akqkh", "similarity": 0.6567}, {"filename": "82tz11", "similarity": 0.6556}, {"filename": "6z2jdl", "similarity": 0.655}, {"filename": "6dtouw", "similarity": 0.6483}, {"filename": "7zlhwh", "similarity": 0.6476}, {"filename": "7pox2b", "similarity": 0.6473}, {"filename": "6586ox", "similarity": 0.6458}, {"filename": "7m8sof", "similarity": 0.6452}, {"filename": "89nxd5", "similarity": 0.6451}, {"filename": "7x88fk", "similarity": 0.6441}, {"filename": "6edv89", "similarity": 0.6435}, {"filename": "7qd9yt", "similarity": 0.6433}, {"filename": "64n0r5", "similarity": 0.643}, {"filename": "6eav46", "similarity": 0.6425}, {"filename": "5gz7xq", "similarity": 0.641}, {"filename": "7z1rjy", "similarity": 0.6403}, {"filename": "7300vx", "similarity": 0.6402}, {"filename": "6aqzdk", "similarity": 0.6375}, {"filename": "7g3pxf", "similarity": 0.6371}, {"filename": "8b8tzr", "similarity": 0.6359}, {"filename": "6z87uu", "similarity": 0.6353}, {"filename": "6u1xb1", "similarity": 0.6353}]