[{"filename": "6ag0ao", "similarity": 1.0}, {"filename": "2x430e", "similarity": 0.7932}, {"filename": "64tivo", "similarity": 0.7841}, {"filename": "6gzfra", "similarity": 0.7767}, {"filename": "8bh7wp", "similarity": 0.765}, {"filename": "6fifua", "similarity": 0.7559}, {"filename": "7x8lih", "similarity": 0.7382}, {"filename": "891an6", "similarity": 0.7348}, {"filename": "76zs8f", "similarity": 0.7293}, {"filename": "7dtqxu", "similarity": 0.7245}, {"filename": "7kuh9z", "similarity": 0.7243}, {"filename": "6cj0gt", "similarity": 0.7198}, {"filename": "81rkv7", "similarity": 0.7194}, {"filename": "7ksggs", "similarity": 0.7171}, {"filename": "77af67", "similarity": 0.7166}, {"filename": "2g0uu5", "similarity": 0.7082}, {"filename": "76c8t3", "similarity": 0.7079}, {"filename": "6dadub", "similarity": 0.7075}, {"filename": "79zqqj", "similarity": 0.7075}, {"filename": "7w3er2", "similarity": 0.7051}, {"filename": "74jzsh", "similarity": 0.7037}, {"filename": "7qst8m", "similarity": 0.7008}, {"filename": "6xdm0y", "similarity": 0.6979}, {"filename": "865b08", "similarity": 0.6954}, {"filename": "81rlby", "similarity": 0.694}, {"filename": "6qhjvw", "similarity": 0.694}, {"filename": "7lrcs4", "similarity": 0.694}, {"filename": "857294", "similarity": 0.693}, {"filename": "64nsa1", "similarity": 0.6928}, {"filename": "79h4pi", "similarity": 0.6893}]