[{"filename": "6agrw7", "similarity": 1.0}, {"filename": "5qmz6x", "similarity": 0.8861}, {"filename": "864qpz", "similarity": 0.8368}, {"filename": "7suu6t", "similarity": 0.8317}, {"filename": "7c6x9d", "similarity": 0.83}, {"filename": "7zm6u8", "similarity": 0.8299}, {"filename": "8bhgy4", "similarity": 0.8273}, {"filename": "7h0598", "similarity": 0.827}, {"filename": "7j5jnr", "similarity": 0.8245}, {"filename": "6ywan1", "similarity": 0.8206}, {"filename": "8bfhyy", "similarity": 0.82}, {"filename": "85je13", "similarity": 0.819}, {"filename": "70iv5x", "similarity": 0.8144}, {"filename": "6feflv", "similarity": 0.8096}, {"filename": "8aiynr", "similarity": 0.8085}, {"filename": "766tm6", "similarity": 0.8085}, {"filename": "7oobdy", "similarity": 0.8079}, {"filename": "7ojqjm", "similarity": 0.8064}, {"filename": "6x8f2e", "similarity": 0.8007}, {"filename": "8bqxxu", "similarity": 0.7989}, {"filename": "859ryk", "similarity": 0.7979}, {"filename": "5cvoe1", "similarity": 0.7974}, {"filename": "7uqq3i", "similarity": 0.7968}, {"filename": "7yozse", "similarity": 0.7966}, {"filename": "5wyv29", "similarity": 0.7964}, {"filename": "7bgtxg", "similarity": 0.7962}, {"filename": "72ritv", "similarity": 0.7957}, {"filename": "88zu29", "similarity": 0.7948}, {"filename": "7wfp3a", "similarity": 0.7937}, {"filename": "77zi1c", "similarity": 0.7926}]