[{"filename": "6aig8e", "similarity": 1.0}, {"filename": "5y1bvy", "similarity": 0.7643}, {"filename": "7fybgs", "similarity": 0.7575}, {"filename": "6t8hxx", "similarity": 0.7464}, {"filename": "6j884i", "similarity": 0.734}, {"filename": "74oqfs", "similarity": 0.734}, {"filename": "6vyd0q", "similarity": 0.7315}, {"filename": "6lfv3e", "similarity": 0.7312}, {"filename": "6c18mu", "similarity": 0.7305}, {"filename": "70r8o8", "similarity": 0.7285}, {"filename": "813u7o", "similarity": 0.7279}, {"filename": "7uryha", "similarity": 0.7265}, {"filename": "7d32j7", "similarity": 0.7256}, {"filename": "64j9j3", "similarity": 0.7248}, {"filename": "7mqf0a", "similarity": 0.7244}, {"filename": "6p3mye", "similarity": 0.7243}, {"filename": "7t6xqh", "similarity": 0.7232}, {"filename": "8545a0", "similarity": 0.7225}, {"filename": "7ytmr6", "similarity": 0.7213}, {"filename": "7qm4v2", "similarity": 0.7207}, {"filename": "72cln5", "similarity": 0.7183}, {"filename": "72fvsq", "similarity": 0.7166}, {"filename": "6901p4", "similarity": 0.7147}, {"filename": "6zk93p", "similarity": 0.714}, {"filename": "68me7o", "similarity": 0.714}, {"filename": "7x6sb2", "similarity": 0.7105}, {"filename": "5rn537", "similarity": 0.7104}, {"filename": "871ith", "similarity": 0.7066}, {"filename": "7xh5sk", "similarity": 0.7062}, {"filename": "7uhliv", "similarity": 0.7057}]