[{"filename": "6ajgjc", "similarity": 1.0}, {"filename": "7wtsxz", "similarity": 0.8273}, {"filename": "7dcoel", "similarity": 0.8214}, {"filename": "7v29nx", "similarity": 0.8155}, {"filename": "6hleny", "similarity": 0.8124}, {"filename": "6r46h4", "similarity": 0.8091}, {"filename": "85r3r8", "similarity": 0.8082}, {"filename": "6zjcpo", "similarity": 0.8036}, {"filename": "6ef1y9", "similarity": 0.8033}, {"filename": "56h87o", "similarity": 0.8025}, {"filename": "71kt9k", "similarity": 0.8012}, {"filename": "86a9rb", "similarity": 0.7992}, {"filename": "858xap", "similarity": 0.7979}, {"filename": "617lqz", "similarity": 0.7975}, {"filename": "76xsjt", "similarity": 0.7948}, {"filename": "7zmvs5", "similarity": 0.7948}, {"filename": "5cqpm4", "similarity": 0.7942}, {"filename": "7vgx6l", "similarity": 0.7936}, {"filename": "7va71s", "similarity": 0.7936}, {"filename": "81qjgq", "similarity": 0.7933}, {"filename": "6rgn3c", "similarity": 0.7911}, {"filename": "81ozi4", "similarity": 0.7902}, {"filename": "6izwgb", "similarity": 0.7883}, {"filename": "6frw6o", "similarity": 0.7883}, {"filename": "7zaftt", "similarity": 0.7878}, {"filename": "85uvsi", "similarity": 0.7871}, {"filename": "7ri7l1", "similarity": 0.7864}, {"filename": "81gw8w", "similarity": 0.7864}, {"filename": "6skts2", "similarity": 0.7853}, {"filename": "6zuxuq", "similarity": 0.7849}]