[{"filename": "6akqkh", "similarity": 1.0}, {"filename": "64767b", "similarity": 0.7113}, {"filename": "67nxwc", "similarity": 0.7112}, {"filename": "7kvxa0", "similarity": 0.7015}, {"filename": "7uieq2", "similarity": 0.6962}, {"filename": "7v0mj7", "similarity": 0.6956}, {"filename": "6dtouw", "similarity": 0.6954}, {"filename": "34fi1c", "similarity": 0.695}, {"filename": "610uyg", "similarity": 0.6949}, {"filename": "824se7", "similarity": 0.6921}, {"filename": "7vt5yg", "similarity": 0.691}, {"filename": "88wops", "similarity": 0.6907}, {"filename": "70go50", "similarity": 0.6854}, {"filename": "64dn4g", "similarity": 0.6849}, {"filename": "6cfms2", "similarity": 0.6848}, {"filename": "6y0hku", "similarity": 0.6822}, {"filename": "6zk93p", "similarity": 0.6813}, {"filename": "6586ox", "similarity": 0.6812}, {"filename": "6dj5oc", "similarity": 0.6801}, {"filename": "6pyc24", "similarity": 0.68}, {"filename": "6nkdii", "similarity": 0.6797}, {"filename": "7x88fk", "similarity": 0.6794}, {"filename": "84469p", "similarity": 0.679}, {"filename": "7dakzf", "similarity": 0.6781}, {"filename": "5ulmc4", "similarity": 0.6781}, {"filename": "7z3rzi", "similarity": 0.678}, {"filename": "89nxd5", "similarity": 0.6779}, {"filename": "84b0eb", "similarity": 0.6777}, {"filename": "86zqdp", "similarity": 0.6768}, {"filename": "5zwgmm", "similarity": 0.6767}]