[{"filename": "6akyca", "similarity": 1.0}, {"filename": "6xlhtv", "similarity": 0.9957}, {"filename": "7z1rjy", "similarity": 0.7844}, {"filename": "86189j", "similarity": 0.7639}, {"filename": "6b9r4t", "similarity": 0.7562}, {"filename": "7b4968", "similarity": 0.7502}, {"filename": "6mj84n", "similarity": 0.7412}, {"filename": "824se7", "similarity": 0.7403}, {"filename": "6qgh3m", "similarity": 0.7378}, {"filename": "56qdez", "similarity": 0.7365}, {"filename": "80nma3", "similarity": 0.7362}, {"filename": "7wp27w", "similarity": 0.7356}, {"filename": "822zm2", "similarity": 0.7337}, {"filename": "6qtqaj", "similarity": 0.7335}, {"filename": "74sbot", "similarity": 0.73}, {"filename": "84z0kc", "similarity": 0.7282}, {"filename": "70s4nk", "similarity": 0.7274}, {"filename": "7v3696", "similarity": 0.7268}, {"filename": "7iq8a9", "similarity": 0.7262}, {"filename": "7yc681", "similarity": 0.7252}, {"filename": "6586ox", "similarity": 0.7248}, {"filename": "84b0eb", "similarity": 0.7242}, {"filename": "6zk93p", "similarity": 0.724}, {"filename": "79140k", "similarity": 0.7226}, {"filename": "6sla0d", "similarity": 0.7223}, {"filename": "6wmf8d", "similarity": 0.7222}, {"filename": "64dh9i", "similarity": 0.722}, {"filename": "7mmnmw", "similarity": 0.7204}, {"filename": "7fjkmu", "similarity": 0.7204}, {"filename": "8c1zjk", "similarity": 0.7192}]