[{"filename": "6apqws", "similarity": 1.0}, {"filename": "6a3b74", "similarity": 0.8158}, {"filename": "7ibwz7", "similarity": 0.8124}, {"filename": "6fqkkg", "similarity": 0.8086}, {"filename": "71pwjj", "similarity": 0.8045}, {"filename": "8a0ppz", "similarity": 0.7972}, {"filename": "5mwqbb", "similarity": 0.7835}, {"filename": "696yfo", "similarity": 0.7739}, {"filename": "7dsx2w", "similarity": 0.7726}, {"filename": "636zxe", "similarity": 0.7712}, {"filename": "730jb8", "similarity": 0.7629}, {"filename": "88rflu", "similarity": 0.7503}, {"filename": "5z4cr2", "similarity": 0.7495}, {"filename": "8bjae3", "similarity": 0.7469}, {"filename": "86ftdk", "similarity": 0.7463}, {"filename": "621plf", "similarity": 0.7456}, {"filename": "82lt3r", "similarity": 0.7453}, {"filename": "7wrw6t", "similarity": 0.7402}, {"filename": "80c1tb", "similarity": 0.7401}, {"filename": "6m4on7", "similarity": 0.7396}, {"filename": "64pf0c", "similarity": 0.7371}, {"filename": "6vhecf", "similarity": 0.7362}, {"filename": "7srmya", "similarity": 0.7359}, {"filename": "7slyka", "similarity": 0.7342}, {"filename": "7ksk62", "similarity": 0.7294}, {"filename": "80yxk0", "similarity": 0.7272}, {"filename": "75goge", "similarity": 0.7258}, {"filename": "6m6ijv", "similarity": 0.7257}, {"filename": "7hqv1z", "similarity": 0.7251}, {"filename": "87qtoo", "similarity": 0.7245}]