[{"filename": "6aqpe6", "similarity": 1.0}, {"filename": "8brqcq", "similarity": 0.8075}, {"filename": "7yc681", "similarity": 0.8057}, {"filename": "6cnxlz", "similarity": 0.7875}, {"filename": "8c30hr", "similarity": 0.7874}, {"filename": "5xmw8j", "similarity": 0.78}, {"filename": "6wy4j9", "similarity": 0.7788}, {"filename": "7tj8p4", "similarity": 0.778}, {"filename": "6es5y1", "similarity": 0.7761}, {"filename": "6zk93p", "similarity": 0.7755}, {"filename": "86l3b0", "similarity": 0.7746}, {"filename": "79140k", "similarity": 0.7738}, {"filename": "71nlyp", "similarity": 0.7727}, {"filename": "5x7lxv", "similarity": 0.7725}, {"filename": "7ukwg1", "similarity": 0.7717}, {"filename": "85e4wk", "similarity": 0.7711}, {"filename": "7iq8a9", "similarity": 0.7709}, {"filename": "6qtqaj", "similarity": 0.7698}, {"filename": "6znrfs", "similarity": 0.7694}, {"filename": "706pop", "similarity": 0.7691}, {"filename": "84x373", "similarity": 0.7689}, {"filename": "7j26zc", "similarity": 0.7688}, {"filename": "7vbgih", "similarity": 0.7677}, {"filename": "6ieyne", "similarity": 0.7668}, {"filename": "87ulnx", "similarity": 0.7649}, {"filename": "7awy3m", "similarity": 0.7643}, {"filename": "6gzee7", "similarity": 0.764}, {"filename": "78v78c", "similarity": 0.7634}, {"filename": "6xtm2u", "similarity": 0.7633}, {"filename": "56qdez", "similarity": 0.7632}]