[{"filename": "6aqzdk", "similarity": 1.0}, {"filename": "3x3bqx", "similarity": 0.7458}, {"filename": "6uiwov", "similarity": 0.7409}, {"filename": "6586ox", "similarity": 0.7392}, {"filename": "82tz11", "similarity": 0.7391}, {"filename": "81y6a9", "similarity": 0.7383}, {"filename": "64dh9i", "similarity": 0.7332}, {"filename": "6q2p5y", "similarity": 0.7322}, {"filename": "8545a0", "similarity": 0.7296}, {"filename": "7d0kbf", "similarity": 0.7287}, {"filename": "7qfguq", "similarity": 0.7266}, {"filename": "7pox2b", "similarity": 0.7202}, {"filename": "6mvikj", "similarity": 0.7196}, {"filename": "84wwcx", "similarity": 0.7196}, {"filename": "7yyyje", "similarity": 0.7193}, {"filename": "6nspy2", "similarity": 0.7193}, {"filename": "79osnv", "similarity": 0.7167}, {"filename": "80nma3", "similarity": 0.7141}, {"filename": "7haijt", "similarity": 0.7137}, {"filename": "7gt22g", "similarity": 0.7134}, {"filename": "64n0r5", "similarity": 0.7128}, {"filename": "6pyc24", "similarity": 0.7119}, {"filename": "7uieq2", "similarity": 0.711}, {"filename": "7v0mj7", "similarity": 0.7096}, {"filename": "6etmdv", "similarity": 0.7091}, {"filename": "870san", "similarity": 0.7086}, {"filename": "877uio", "similarity": 0.7082}, {"filename": "6xlhtv", "similarity": 0.708}, {"filename": "7836pp", "similarity": 0.7073}, {"filename": "6sy786", "similarity": 0.7072}]