[{"filename": "6ar6jp", "similarity": 1.0}, {"filename": "7aee7l", "similarity": 0.9569}, {"filename": "6g7zy4", "similarity": 0.9317}, {"filename": "7kgp7b", "similarity": 0.9277}, {"filename": "8au6w5", "similarity": 0.9238}, {"filename": "6d52ri", "similarity": 0.9219}, {"filename": "6x626v", "similarity": 0.9139}, {"filename": "6ura8f", "similarity": 0.9121}, {"filename": "6ijnh3", "similarity": 0.9108}, {"filename": "71ag2y", "similarity": 0.9106}, {"filename": "8bqnpi", "similarity": 0.9101}, {"filename": "7ds19z", "similarity": 0.9073}, {"filename": "65utsz", "similarity": 0.9032}, {"filename": "7xbob9", "similarity": 0.9031}, {"filename": "66vnlg", "similarity": 0.9007}, {"filename": "81q1jc", "similarity": 0.9003}, {"filename": "7hzxyp", "similarity": 0.898}, {"filename": "5y7fcn", "similarity": 0.8974}, {"filename": "6tpk84", "similarity": 0.897}, {"filename": "5jlwgs", "similarity": 0.8955}, {"filename": "6u4fiw", "similarity": 0.8922}, {"filename": "7r0rgu", "similarity": 0.8885}, {"filename": "6jep8t", "similarity": 0.8846}, {"filename": "87a9l0", "similarity": 0.8845}, {"filename": "7yvhnn", "similarity": 0.8822}, {"filename": "7hguc9", "similarity": 0.8797}, {"filename": "7lxm6a", "similarity": 0.877}, {"filename": "6uaaig", "similarity": 0.8755}, {"filename": "7d1gp6", "similarity": 0.8754}, {"filename": "7hyyka", "similarity": 0.8722}]