[{"filename": "6asfm0", "similarity": 1.0}, {"filename": "67smjj", "similarity": 0.9886}, {"filename": "7de519", "similarity": 0.7012}, {"filename": "61l9ti", "similarity": 0.6948}, {"filename": "610uyg", "similarity": 0.6877}, {"filename": "6g6qhc", "similarity": 0.6824}, {"filename": "7haijt", "similarity": 0.6817}, {"filename": "81rklv", "similarity": 0.6813}, {"filename": "74k64t", "similarity": 0.6774}, {"filename": "7j26zc", "similarity": 0.6758}, {"filename": "7wioon", "similarity": 0.6738}, {"filename": "7roc9a", "similarity": 0.6719}, {"filename": "7lgpay", "similarity": 0.6719}, {"filename": "7cv1s3", "similarity": 0.6719}, {"filename": "80lxqe", "similarity": 0.6712}, {"filename": "6eg8zh", "similarity": 0.6706}, {"filename": "5r7vmo", "similarity": 0.6703}, {"filename": "72amem", "similarity": 0.6701}, {"filename": "758pm2", "similarity": 0.6663}, {"filename": "852pfn", "similarity": 0.6663}, {"filename": "78so15", "similarity": 0.6656}, {"filename": "777dq8", "similarity": 0.6655}, {"filename": "7a326f", "similarity": 0.6648}, {"filename": "80m4yj", "similarity": 0.6643}, {"filename": "6gfixi", "similarity": 0.6642}, {"filename": "85h4v5", "similarity": 0.6632}, {"filename": "85ljmi", "similarity": 0.6624}, {"filename": "7v7jte", "similarity": 0.6622}, {"filename": "8bb8tu", "similarity": 0.6619}, {"filename": "6cfms2", "similarity": 0.6613}]