[{"filename": "6atibq", "similarity": 1.0}, {"filename": "7m4m1u", "similarity": 0.7555}, {"filename": "87bui9", "similarity": 0.7529}, {"filename": "7z3rzi", "similarity": 0.7502}, {"filename": "71qgl8", "similarity": 0.7441}, {"filename": "88y8vq", "similarity": 0.7439}, {"filename": "7a326f", "similarity": 0.7389}, {"filename": "87ulnx", "similarity": 0.7374}, {"filename": "5xmf1w", "similarity": 0.7346}, {"filename": "888smn", "similarity": 0.7343}, {"filename": "64x971", "similarity": 0.7342}, {"filename": "76xsjt", "similarity": 0.7341}, {"filename": "7smdxf", "similarity": 0.7324}, {"filename": "6mdhpg", "similarity": 0.7318}, {"filename": "846dgt", "similarity": 0.7298}, {"filename": "74u3dj", "similarity": 0.7298}, {"filename": "7loa7x", "similarity": 0.7297}, {"filename": "64dh9i", "similarity": 0.7297}, {"filename": "7zaftt", "similarity": 0.7266}, {"filename": "7wodlf", "similarity": 0.7265}, {"filename": "6mj84n", "similarity": 0.726}, {"filename": "7vgx6l", "similarity": 0.7259}, {"filename": "6yerwl", "similarity": 0.7244}, {"filename": "6zeefg", "similarity": 0.7238}, {"filename": "73yp8c", "similarity": 0.7238}, {"filename": "7s4utp", "similarity": 0.7238}, {"filename": "6ykn7w", "similarity": 0.7237}, {"filename": "6974vw", "similarity": 0.7236}, {"filename": "76uwb3", "similarity": 0.7231}, {"filename": "8c5slz", "similarity": 0.7228}]