[{"filename": "6ax6zi", "similarity": 1.0}, {"filename": "817guu", "similarity": 0.8123}, {"filename": "64kmpj", "similarity": 0.7855}, {"filename": "7joubl", "similarity": 0.7749}, {"filename": "4mkbbr", "similarity": 0.7537}, {"filename": "7v8n73", "similarity": 0.751}, {"filename": "7v765s", "similarity": 0.7497}, {"filename": "7kkyh7", "similarity": 0.7467}, {"filename": "7eqpoq", "similarity": 0.7406}, {"filename": "7r1j9u", "similarity": 0.7394}, {"filename": "708wf7", "similarity": 0.7367}, {"filename": "7tj8p4", "similarity": 0.7365}, {"filename": "71msvc", "similarity": 0.7329}, {"filename": "7b8ec6", "similarity": 0.732}, {"filename": "6plovv", "similarity": 0.7295}, {"filename": "83c20w", "similarity": 0.7285}, {"filename": "7jembg", "similarity": 0.7258}, {"filename": "80suna", "similarity": 0.7251}, {"filename": "625203", "similarity": 0.7227}, {"filename": "6p5wbm", "similarity": 0.7198}, {"filename": "7gl3uw", "similarity": 0.7197}, {"filename": "7bno60", "similarity": 0.7195}, {"filename": "7mefns", "similarity": 0.7188}, {"filename": "7kdb5e", "similarity": 0.7177}, {"filename": "7tjxar", "similarity": 0.7173}, {"filename": "6rcqoy", "similarity": 0.7164}, {"filename": "7yaxav", "similarity": 0.7163}, {"filename": "6u152p", "similarity": 0.716}, {"filename": "7rilwk", "similarity": 0.7154}, {"filename": "6x23n6", "similarity": 0.715}]