[{"filename": "6axb43", "similarity": 1.0}, {"filename": "7yd52h", "similarity": 0.7872}, {"filename": "748b0k", "similarity": 0.7856}, {"filename": "6rtc5m", "similarity": 0.7792}, {"filename": "67uw7a", "similarity": 0.777}, {"filename": "6zr2d1", "similarity": 0.777}, {"filename": "6wi37k", "similarity": 0.775}, {"filename": "77dcmc", "similarity": 0.7746}, {"filename": "649ejf", "similarity": 0.7728}, {"filename": "822zm2", "similarity": 0.772}, {"filename": "71xtda", "similarity": 0.7718}, {"filename": "6l6jbv", "similarity": 0.7716}, {"filename": "7l8d84", "similarity": 0.7713}, {"filename": "6hzhr7", "similarity": 0.771}, {"filename": "777dq8", "similarity": 0.7702}, {"filename": "6v0ttt", "similarity": 0.769}, {"filename": "73mbq6", "similarity": 0.7689}, {"filename": "87q8hy", "similarity": 0.7683}, {"filename": "7t75fl", "similarity": 0.7682}, {"filename": "6ci259", "similarity": 0.767}, {"filename": "7fjkmu", "similarity": 0.7663}, {"filename": "6t5y75", "similarity": 0.7656}, {"filename": "636ufe", "similarity": 0.7648}, {"filename": "71nusf", "similarity": 0.7647}, {"filename": "8315w5", "similarity": 0.7636}, {"filename": "6m0uwa", "similarity": 0.7627}, {"filename": "6po1u4", "similarity": 0.7625}, {"filename": "89jhg9", "similarity": 0.7618}, {"filename": "74hnzc", "similarity": 0.7615}, {"filename": "7wcnzz", "similarity": 0.7602}]