[{"filename": "6ayq4h", "similarity": 1.0}, {"filename": "7zd9ua", "similarity": 0.6934}, {"filename": "74at2n", "similarity": 0.6882}, {"filename": "7t75fl", "similarity": 0.6763}, {"filename": "8bwsj2", "similarity": 0.6759}, {"filename": "6586ox", "similarity": 0.674}, {"filename": "73cufe", "similarity": 0.6688}, {"filename": "7j70po", "similarity": 0.6673}, {"filename": "6o8hwf", "similarity": 0.662}, {"filename": "644p29", "similarity": 0.66}, {"filename": "7m8ojm", "similarity": 0.6586}, {"filename": "653bdt", "similarity": 0.6563}, {"filename": "8b8tzr", "similarity": 0.6535}, {"filename": "6yesy7", "similarity": 0.652}, {"filename": "7w3er2", "similarity": 0.6509}, {"filename": "7wl1z6", "similarity": 0.6498}, {"filename": "78pgdv", "similarity": 0.6492}, {"filename": "7xw6ik", "similarity": 0.6484}, {"filename": "80ppdt", "similarity": 0.6474}, {"filename": "5tabon", "similarity": 0.6446}, {"filename": "7qnqxc", "similarity": 0.6444}, {"filename": "659xhm", "similarity": 0.6442}, {"filename": "7qd9yt", "similarity": 0.644}, {"filename": "7n84r8", "similarity": 0.6436}, {"filename": "71bhoe", "similarity": 0.642}, {"filename": "7u02wz", "similarity": 0.6403}, {"filename": "6l5imf", "similarity": 0.6395}, {"filename": "871ith", "similarity": 0.6392}, {"filename": "76p702", "similarity": 0.6391}, {"filename": "6d1ab5", "similarity": 0.6387}]