[{"filename": "6az12t", "similarity": 1.0}, {"filename": "7zdsqd", "similarity": 0.7901}, {"filename": "843g9l", "similarity": 0.7692}, {"filename": "75cc81", "similarity": 0.7677}, {"filename": "681sxi", "similarity": 0.7532}, {"filename": "6wy4j9", "similarity": 0.7499}, {"filename": "73mbq6", "similarity": 0.7483}, {"filename": "7c7ndi", "similarity": 0.7465}, {"filename": "5oi9ua", "similarity": 0.746}, {"filename": "6h5tlt", "similarity": 0.7454}, {"filename": "83vbli", "similarity": 0.7449}, {"filename": "7kjhc5", "similarity": 0.7439}, {"filename": "706pop", "similarity": 0.7431}, {"filename": "7jk01u", "similarity": 0.7429}, {"filename": "7yd52h", "similarity": 0.742}, {"filename": "71qpl2", "similarity": 0.7415}, {"filename": "71nlyp", "similarity": 0.7403}, {"filename": "737x1q", "similarity": 0.7341}, {"filename": "85e4wk", "similarity": 0.7338}, {"filename": "6qz3u0", "similarity": 0.7332}, {"filename": "6z4tfz", "similarity": 0.7329}, {"filename": "6tloib", "similarity": 0.7328}, {"filename": "71xtda", "similarity": 0.732}, {"filename": "6cgq9p", "similarity": 0.7314}, {"filename": "85805u", "similarity": 0.7288}, {"filename": "64x971", "similarity": 0.7288}, {"filename": "6kcy8s", "similarity": 0.7286}, {"filename": "6lkvxg", "similarity": 0.728}, {"filename": "7zo3g7", "similarity": 0.7273}, {"filename": "72yhfh", "similarity": 0.7273}]