[{"filename": "6b3d97", "similarity": 1.0}, {"filename": "7kkyh7", "similarity": 0.8085}, {"filename": "83ekls", "similarity": 0.789}, {"filename": "7b8ec6", "similarity": 0.7766}, {"filename": "626ec6", "similarity": 0.7576}, {"filename": "6dgau7", "similarity": 0.7496}, {"filename": "7v8n73", "similarity": 0.7461}, {"filename": "65spo9", "similarity": 0.7442}, {"filename": "7zl28j", "similarity": 0.7428}, {"filename": "7ksoks", "similarity": 0.7427}, {"filename": "7v765s", "similarity": 0.7397}, {"filename": "7mefns", "similarity": 0.7395}, {"filename": "80nma3", "similarity": 0.7389}, {"filename": "7q7qxv", "similarity": 0.7357}, {"filename": "79581u", "similarity": 0.7346}, {"filename": "7yaxav", "similarity": 0.7296}, {"filename": "8070t1", "similarity": 0.7284}, {"filename": "6elhmh", "similarity": 0.7278}, {"filename": "63e94t", "similarity": 0.7276}, {"filename": "81cfzm", "similarity": 0.7239}, {"filename": "7g31hl", "similarity": 0.7198}, {"filename": "8537j5", "similarity": 0.719}, {"filename": "80dddd", "similarity": 0.7161}, {"filename": "7joubl", "similarity": 0.716}, {"filename": "6ru09s", "similarity": 0.7141}, {"filename": "6ax6zi", "similarity": 0.7137}, {"filename": "6op5td", "similarity": 0.7135}, {"filename": "636s4m", "similarity": 0.712}, {"filename": "6twqdf", "similarity": 0.7116}, {"filename": "6qgmol", "similarity": 0.7112}]