[{"filename": "6b3pmb", "similarity": 1.0}, {"filename": "6fywgb", "similarity": 0.9982}, {"filename": "6kei76", "similarity": 0.8658}, {"filename": "65spo9", "similarity": 0.8615}, {"filename": "7hgq0j", "similarity": 0.8593}, {"filename": "7ksoks", "similarity": 0.8491}, {"filename": "7io1hk", "similarity": 0.8407}, {"filename": "6y6m6o", "similarity": 0.8346}, {"filename": "7uphc0", "similarity": 0.8339}, {"filename": "7mkihv", "similarity": 0.8296}, {"filename": "7r8r08", "similarity": 0.8268}, {"filename": "63hr7f", "similarity": 0.8241}, {"filename": "7q7qxv", "similarity": 0.823}, {"filename": "63e94t", "similarity": 0.8229}, {"filename": "7mefns", "similarity": 0.8205}, {"filename": "7v765s", "similarity": 0.82}, {"filename": "6op5td", "similarity": 0.82}, {"filename": "7v8n73", "similarity": 0.8155}, {"filename": "7r6fwd", "similarity": 0.8149}, {"filename": "6ebhfx", "similarity": 0.8139}, {"filename": "7b8ec6", "similarity": 0.8124}, {"filename": "6fc28u", "similarity": 0.81}, {"filename": "7x3j6b", "similarity": 0.8081}, {"filename": "7vd50u", "similarity": 0.8027}, {"filename": "83p7yy", "similarity": 0.8015}, {"filename": "6ya7q0", "similarity": 0.8015}, {"filename": "7kkyh7", "similarity": 0.7993}, {"filename": "77g9al", "similarity": 0.7978}, {"filename": "7imloe", "similarity": 0.7975}, {"filename": "7ztxmg", "similarity": 0.7974}]