[{"filename": "6b45sk", "similarity": 1.0}, {"filename": "64pzpi", "similarity": 0.729}, {"filename": "7b5973", "similarity": 0.7245}, {"filename": "6usbpx", "similarity": 0.7205}, {"filename": "60luhe", "similarity": 0.7195}, {"filename": "78mpj3", "similarity": 0.7126}, {"filename": "7oyzhj", "similarity": 0.7057}, {"filename": "74xhev", "similarity": 0.7026}, {"filename": "7wnz50", "similarity": 0.6976}, {"filename": "81yiw4", "similarity": 0.697}, {"filename": "7zn10d", "similarity": 0.6967}, {"filename": "6b8643", "similarity": 0.6955}, {"filename": "7pe7uz", "similarity": 0.6946}, {"filename": "5qzkz4", "similarity": 0.6939}, {"filename": "897bu8", "similarity": 0.6936}, {"filename": "8545a0", "similarity": 0.6922}, {"filename": "6fldhu", "similarity": 0.6911}, {"filename": "7ulthr", "similarity": 0.689}, {"filename": "7teiru", "similarity": 0.6889}, {"filename": "73be3e", "similarity": 0.6885}, {"filename": "8c1zjk", "similarity": 0.6883}, {"filename": "7tqedo", "similarity": 0.6869}, {"filename": "6dn5rj", "similarity": 0.6868}, {"filename": "7ppvqw", "similarity": 0.6863}, {"filename": "6o854h", "similarity": 0.6859}, {"filename": "57llud", "similarity": 0.6856}, {"filename": "7iq8a9", "similarity": 0.6843}, {"filename": "74sbot", "similarity": 0.6834}, {"filename": "7fjkmu", "similarity": 0.6833}, {"filename": "6w6so6", "similarity": 0.6833}]