[{"filename": "6b4khu", "similarity": 1.0}, {"filename": "87hxtr", "similarity": 0.8144}, {"filename": "8b1u7r", "similarity": 0.8134}, {"filename": "7f23mo", "similarity": 0.8058}, {"filename": "7xr1gm", "similarity": 0.8034}, {"filename": "7tf1qc", "similarity": 0.8005}, {"filename": "6es5y1", "similarity": 0.7957}, {"filename": "6jrqvz", "similarity": 0.795}, {"filename": "7vys0s", "similarity": 0.7924}, {"filename": "7yc681", "similarity": 0.7912}, {"filename": "7jk01u", "similarity": 0.7872}, {"filename": "7feyjq", "similarity": 0.7869}, {"filename": "7uqq3i", "similarity": 0.7862}, {"filename": "7awy3m", "similarity": 0.7861}, {"filename": "77dcmc", "similarity": 0.7842}, {"filename": "6cnxlz", "similarity": 0.7838}, {"filename": "6zk93p", "similarity": 0.7806}, {"filename": "864qpz", "similarity": 0.7802}, {"filename": "6vkhe3", "similarity": 0.78}, {"filename": "5x7lxv", "similarity": 0.7793}, {"filename": "7ukwg1", "similarity": 0.7788}, {"filename": "8c1zjk", "similarity": 0.7786}, {"filename": "861uzv", "similarity": 0.7783}, {"filename": "6s5de8", "similarity": 0.7782}, {"filename": "71xtda", "similarity": 0.7769}, {"filename": "7jt60o", "similarity": 0.7767}, {"filename": "71nusf", "similarity": 0.7757}, {"filename": "7hwup6", "similarity": 0.7754}, {"filename": "8c3oy0", "similarity": 0.7753}, {"filename": "6xtm2u", "similarity": 0.7752}]