[{"filename": "6b4p6i", "similarity": 1.0}, {"filename": "6eyoec", "similarity": 0.8941}, {"filename": "6f6ihm", "similarity": 0.8196}, {"filename": "5urj4x", "similarity": 0.8086}, {"filename": "87ulnx", "similarity": 0.793}, {"filename": "5wgd96", "similarity": 0.7898}, {"filename": "7qtej0", "similarity": 0.7884}, {"filename": "721q6q", "similarity": 0.7851}, {"filename": "64x971", "similarity": 0.7827}, {"filename": "7n0roh", "similarity": 0.7824}, {"filename": "88f6ci", "similarity": 0.781}, {"filename": "6y9gt7", "similarity": 0.7794}, {"filename": "7jb6ra", "similarity": 0.7793}, {"filename": "8aq7b2", "similarity": 0.7791}, {"filename": "7xa2j2", "similarity": 0.7788}, {"filename": "6kq4ct", "similarity": 0.7778}, {"filename": "74n3el", "similarity": 0.777}, {"filename": "88wdk1", "similarity": 0.7769}, {"filename": "88y8vq", "similarity": 0.7767}, {"filename": "78b7ee", "similarity": 0.7763}, {"filename": "7uw4rk", "similarity": 0.7761}, {"filename": "744o0r", "similarity": 0.7755}, {"filename": "71kt9k", "similarity": 0.775}, {"filename": "716ius", "similarity": 0.775}, {"filename": "7qetdo", "similarity": 0.7746}, {"filename": "7vgx6l", "similarity": 0.7739}, {"filename": "71nusf", "similarity": 0.773}, {"filename": "7xy395", "similarity": 0.7724}, {"filename": "861fhz", "similarity": 0.772}, {"filename": "7ia8ck", "similarity": 0.7686}]