[{"filename": "6b7ndl", "similarity": 1.0}, {"filename": "6c6uaz", "similarity": 0.7436}, {"filename": "7ngkcn", "similarity": 0.7302}, {"filename": "7zp2ao", "similarity": 0.7098}, {"filename": "879n66", "similarity": 0.7083}, {"filename": "7za17j", "similarity": 0.7065}, {"filename": "7iyyyq", "similarity": 0.7054}, {"filename": "88aixz", "similarity": 0.7008}, {"filename": "6v4449", "similarity": 0.6989}, {"filename": "70dtv1", "similarity": 0.6981}, {"filename": "7ulthr", "similarity": 0.6966}, {"filename": "7uieq2", "similarity": 0.6964}, {"filename": "878quf", "similarity": 0.6963}, {"filename": "64leom", "similarity": 0.6923}, {"filename": "7akjya", "similarity": 0.6867}, {"filename": "6h0lq4", "similarity": 0.6866}, {"filename": "6ohxty", "similarity": 0.6864}, {"filename": "872w7m", "similarity": 0.6864}, {"filename": "7d0kbf", "similarity": 0.6858}, {"filename": "72666v", "similarity": 0.6851}, {"filename": "7kvxa0", "similarity": 0.6846}, {"filename": "3x3bqx", "similarity": 0.6845}, {"filename": "62gv9z", "similarity": 0.6832}, {"filename": "6sy786", "similarity": 0.6827}, {"filename": "7rksqc", "similarity": 0.6813}, {"filename": "7f62cg", "similarity": 0.6806}, {"filename": "6dtouw", "similarity": 0.6804}, {"filename": "610uyg", "similarity": 0.68}, {"filename": "85415v", "similarity": 0.679}, {"filename": "6ldzxu", "similarity": 0.6786}]