[{"filename": "6b8643", "similarity": 1.0}, {"filename": "7p5r3i", "similarity": 0.7554}, {"filename": "897bu8", "similarity": 0.7379}, {"filename": "7pox2b", "similarity": 0.7301}, {"filename": "6s67yv", "similarity": 0.7264}, {"filename": "76bgtf", "similarity": 0.725}, {"filename": "6xr0lb", "similarity": 0.7238}, {"filename": "62gv9z", "similarity": 0.7237}, {"filename": "7yv9xi", "similarity": 0.7219}, {"filename": "6zk93p", "similarity": 0.7216}, {"filename": "7g6u1o", "similarity": 0.7212}, {"filename": "6sy786", "similarity": 0.7196}, {"filename": "8545a0", "similarity": 0.7195}, {"filename": "89jhg9", "similarity": 0.7192}, {"filename": "64pzpi", "similarity": 0.7183}, {"filename": "7qfguq", "similarity": 0.7178}, {"filename": "7iyyyq", "similarity": 0.7164}, {"filename": "77p1g3", "similarity": 0.715}, {"filename": "6n10qg", "similarity": 0.7143}, {"filename": "65qlm7", "similarity": 0.714}, {"filename": "74xhev", "similarity": 0.7128}, {"filename": "609oyp", "similarity": 0.7128}, {"filename": "6zswhs", "similarity": 0.7116}, {"filename": "7tqedo", "similarity": 0.7102}, {"filename": "7jd8nw", "similarity": 0.7101}, {"filename": "7yyyje", "similarity": 0.71}, {"filename": "6uiwov", "similarity": 0.7085}, {"filename": "7uieq2", "similarity": 0.7081}, {"filename": "85azfl", "similarity": 0.708}, {"filename": "74sbot", "similarity": 0.7078}]