[{"filename": "6b9goy", "similarity": 1.0}, {"filename": "6bgbhl", "similarity": 1.0}, {"filename": "7ytmr6", "similarity": 0.8089}, {"filename": "649ejf", "similarity": 0.7988}, {"filename": "7l872g", "similarity": 0.7925}, {"filename": "7o6dzg", "similarity": 0.7908}, {"filename": "7dsx2w", "similarity": 0.785}, {"filename": "78gun7", "similarity": 0.7786}, {"filename": "7jpzfc", "similarity": 0.776}, {"filename": "5yl3ig", "similarity": 0.7756}, {"filename": "82gpmu", "similarity": 0.7739}, {"filename": "6e6exe", "similarity": 0.7736}, {"filename": "7jv8mp", "similarity": 0.769}, {"filename": "61a889", "similarity": 0.7681}, {"filename": "8315w5", "similarity": 0.7672}, {"filename": "748b0k", "similarity": 0.7665}, {"filename": "74muva", "similarity": 0.7652}, {"filename": "7vc482", "similarity": 0.7651}, {"filename": "85x4se", "similarity": 0.7626}, {"filename": "89uh7j", "similarity": 0.7602}, {"filename": "62xfyd", "similarity": 0.7599}, {"filename": "7kysl9", "similarity": 0.7585}, {"filename": "80qdkj", "similarity": 0.7579}, {"filename": "822zm2", "similarity": 0.7562}, {"filename": "6t5y75", "similarity": 0.756}, {"filename": "713ma3", "similarity": 0.7558}, {"filename": "73dseo", "similarity": 0.7557}, {"filename": "8a2nwz", "similarity": 0.7555}, {"filename": "83tato", "similarity": 0.7531}, {"filename": "80q5kn", "similarity": 0.7526}]