[{"filename": "6b9r4t", "similarity": 1.0}, {"filename": "7z1rjy", "similarity": 0.7997}, {"filename": "6xlhtv", "similarity": 0.7593}, {"filename": "6akyca", "similarity": 0.7562}, {"filename": "86189j", "similarity": 0.7558}, {"filename": "7gt22g", "similarity": 0.744}, {"filename": "7feyjq", "similarity": 0.7385}, {"filename": "80wlnn", "similarity": 0.7364}, {"filename": "6jrqvz", "similarity": 0.7354}, {"filename": "7mjb0q", "similarity": 0.735}, {"filename": "7ve2pk", "similarity": 0.7331}, {"filename": "89jhg9", "similarity": 0.7261}, {"filename": "64n0r5", "similarity": 0.7242}, {"filename": "777dq8", "similarity": 0.7222}, {"filename": "7tf1qc", "similarity": 0.7212}, {"filename": "80ppdt", "similarity": 0.721}, {"filename": "7lswh6", "similarity": 0.7203}, {"filename": "7yc681", "similarity": 0.7184}, {"filename": "72eue8", "similarity": 0.7175}, {"filename": "8bbdty", "similarity": 0.7165}, {"filename": "7n9j3b", "similarity": 0.7161}, {"filename": "85xpmy", "similarity": 0.7155}, {"filename": "6fzxsd", "similarity": 0.715}, {"filename": "8208m9", "similarity": 0.7148}, {"filename": "7g4g6f", "similarity": 0.7145}, {"filename": "7xyoqb", "similarity": 0.7139}, {"filename": "64dh9i", "similarity": 0.7137}, {"filename": "6cnxlz", "similarity": 0.7125}, {"filename": "34fi1c", "similarity": 0.711}, {"filename": "7qnyh1", "similarity": 0.7106}]