[{"filename": "6bbk1f", "similarity": 1.0}, {"filename": "87muum", "similarity": 0.7634}, {"filename": "5wte5s", "similarity": 0.7528}, {"filename": "7m3077", "similarity": 0.7259}, {"filename": "5k32be", "similarity": 0.7205}, {"filename": "7ksggs", "similarity": 0.72}, {"filename": "76zs8f", "similarity": 0.7193}, {"filename": "3o00ad", "similarity": 0.7186}, {"filename": "76ytpe", "similarity": 0.7152}, {"filename": "83yt5e", "similarity": 0.7152}, {"filename": "7teyys", "similarity": 0.712}, {"filename": "6fifua", "similarity": 0.7088}, {"filename": "6cbdhv", "similarity": 0.7085}, {"filename": "82rf0h", "similarity": 0.7083}, {"filename": "6kmgj8", "similarity": 0.7039}, {"filename": "7qst8m", "similarity": 0.6986}, {"filename": "60vz1u", "similarity": 0.698}, {"filename": "64nsa1", "similarity": 0.6964}, {"filename": "78pgdv", "similarity": 0.6959}, {"filename": "7gegt5", "similarity": 0.6945}, {"filename": "7roc9a", "similarity": 0.6922}, {"filename": "7nsswo", "similarity": 0.6921}, {"filename": "78r5t9", "similarity": 0.692}, {"filename": "6xhrsg", "similarity": 0.6916}, {"filename": "6mjkh6", "similarity": 0.6893}, {"filename": "61beyg", "similarity": 0.6887}, {"filename": "6i6mlb", "similarity": 0.6874}, {"filename": "7wtf45", "similarity": 0.6861}, {"filename": "6v4449", "similarity": 0.6857}, {"filename": "74sbot", "similarity": 0.6848}]