[{"filename": "6bbvrv", "similarity": 1.0}, {"filename": "7dbs44", "similarity": 0.8226}, {"filename": "6p0nwj", "similarity": 0.8195}, {"filename": "678jwd", "similarity": 0.8164}, {"filename": "6tf4id", "similarity": 0.8161}, {"filename": "6tfkzr", "similarity": 0.8161}, {"filename": "7uw4rk", "similarity": 0.8155}, {"filename": "86ck8w", "similarity": 0.8149}, {"filename": "7ljjyu", "similarity": 0.8133}, {"filename": "87kksm", "similarity": 0.8131}, {"filename": "63hr7f", "similarity": 0.8112}, {"filename": "7hndap", "similarity": 0.8082}, {"filename": "6ofdt6", "similarity": 0.8071}, {"filename": "6ic2ro", "similarity": 0.8064}, {"filename": "6bv1z3", "similarity": 0.8062}, {"filename": "6ymik2", "similarity": 0.8042}, {"filename": "7pwq7c", "similarity": 0.8029}, {"filename": "7vbgih", "similarity": 0.7987}, {"filename": "7qj737", "similarity": 0.7976}, {"filename": "6l5imf", "similarity": 0.7944}, {"filename": "7cptyb", "similarity": 0.7935}, {"filename": "7nobgm", "similarity": 0.7913}, {"filename": "6wto4y", "similarity": 0.7911}, {"filename": "79ro8y", "similarity": 0.7911}, {"filename": "7wfp3a", "similarity": 0.7909}, {"filename": "822zm2", "similarity": 0.7906}, {"filename": "88obdj", "similarity": 0.7906}, {"filename": "6kq4ct", "similarity": 0.7906}, {"filename": "82lt3r", "similarity": 0.7902}, {"filename": "6wiy6z", "similarity": 0.7892}]