[{"filename": "6bgslx", "similarity": 1.0}, {"filename": "7ve2pk", "similarity": 0.7339}, {"filename": "6lca4i", "similarity": 0.7318}, {"filename": "5btgto", "similarity": 0.724}, {"filename": "6n10qg", "similarity": 0.7233}, {"filename": "70ts7w", "similarity": 0.7221}, {"filename": "6hk078", "similarity": 0.7175}, {"filename": "6uw4h3", "similarity": 0.7161}, {"filename": "7uf1ct", "similarity": 0.7151}, {"filename": "34fi1c", "similarity": 0.7139}, {"filename": "61beyg", "similarity": 0.7125}, {"filename": "7uhliv", "similarity": 0.7108}, {"filename": "7xy33f", "similarity": 0.7098}, {"filename": "6gfixi", "similarity": 0.7097}, {"filename": "63qpp0", "similarity": 0.7093}, {"filename": "7t75fl", "similarity": 0.7079}, {"filename": "80ppdt", "similarity": 0.7078}, {"filename": "7o7hn8", "similarity": 0.7069}, {"filename": "7a326f", "similarity": 0.7069}, {"filename": "72s2zf", "similarity": 0.7061}, {"filename": "644p29", "similarity": 0.7055}, {"filename": "748b0k", "similarity": 0.7038}, {"filename": "7x6sb2", "similarity": 0.7038}, {"filename": "6lcnf5", "similarity": 0.7037}, {"filename": "89vbg1", "similarity": 0.7034}, {"filename": "7li1f4", "similarity": 0.7028}, {"filename": "74sbot", "similarity": 0.7027}, {"filename": "73cufe", "similarity": 0.7017}, {"filename": "5nlru8", "similarity": 0.7011}, {"filename": "6jzqbt", "similarity": 0.7001}]