[{"filename": "6bgsya", "similarity": 1.0}, {"filename": "6h81f0", "similarity": 0.7648}, {"filename": "6xnoql", "similarity": 0.7313}, {"filename": "6m4on7", "similarity": 0.7155}, {"filename": "6ht583", "similarity": 0.7115}, {"filename": "69qsw7", "similarity": 0.7108}, {"filename": "7ckfcc", "similarity": 0.7099}, {"filename": "696yfo", "similarity": 0.7082}, {"filename": "6u152p", "similarity": 0.7063}, {"filename": "7tj8p4", "similarity": 0.7047}, {"filename": "69bx2f", "similarity": 0.703}, {"filename": "7n3ucg", "similarity": 0.7001}, {"filename": "6l5imf", "similarity": 0.6961}, {"filename": "6fqkkg", "similarity": 0.6956}, {"filename": "7wodlf", "similarity": 0.6955}, {"filename": "7pflwy", "similarity": 0.6954}, {"filename": "88rflu", "similarity": 0.6941}, {"filename": "7vu58i", "similarity": 0.6932}, {"filename": "7zojp5", "similarity": 0.6929}, {"filename": "6aqpe6", "similarity": 0.6912}, {"filename": "84vplt", "similarity": 0.6912}, {"filename": "5mnly2", "similarity": 0.6903}, {"filename": "6prl7d", "similarity": 0.6897}, {"filename": "7930bl", "similarity": 0.6895}, {"filename": "6uw4h3", "similarity": 0.6886}, {"filename": "81uqyz", "similarity": 0.6875}, {"filename": "79bv3h", "similarity": 0.6875}, {"filename": "67x5wd", "similarity": 0.6865}, {"filename": "70s4nk", "similarity": 0.6862}, {"filename": "758iwv", "similarity": 0.686}]