[{"filename": "6bmyep", "similarity": 1.0}, {"filename": "6bnhqf", "similarity": 0.999}, {"filename": "7e01yd", "similarity": 0.8315}, {"filename": "7xt0ga", "similarity": 0.8081}, {"filename": "7k1yon", "similarity": 0.8051}, {"filename": "8bm0hc", "similarity": 0.8032}, {"filename": "87qtoo", "similarity": 0.7843}, {"filename": "6rrmd3", "similarity": 0.7821}, {"filename": "8b1u7r", "similarity": 0.7795}, {"filename": "87ez2n", "similarity": 0.7793}, {"filename": "6wy4j9", "similarity": 0.7735}, {"filename": "6s5de8", "similarity": 0.7734}, {"filename": "7vys0s", "similarity": 0.7733}, {"filename": "6ic2ro", "similarity": 0.7716}, {"filename": "777dq8", "similarity": 0.7708}, {"filename": "8c3oy0", "similarity": 0.7704}, {"filename": "7m3ou9", "similarity": 0.7695}, {"filename": "72eue8", "similarity": 0.7666}, {"filename": "6cnxlz", "similarity": 0.7664}, {"filename": "864qpz", "similarity": 0.7654}, {"filename": "7h4t8r", "similarity": 0.7648}, {"filename": "737x1q", "similarity": 0.7636}, {"filename": "7dd698", "similarity": 0.7628}, {"filename": "7ojqjm", "similarity": 0.7625}, {"filename": "6feflv", "similarity": 0.7617}, {"filename": "6tf4id", "similarity": 0.7615}, {"filename": "6tfkzr", "similarity": 0.7615}, {"filename": "7w8yau", "similarity": 0.7606}, {"filename": "7gmr2n", "similarity": 0.7603}, {"filename": "7uypxt", "similarity": 0.7592}]