[{"filename": "6bnhqf", "similarity": 1.0}, {"filename": "6bmyep", "similarity": 0.999}, {"filename": "7e01yd", "similarity": 0.8306}, {"filename": "7xt0ga", "similarity": 0.8086}, {"filename": "8bm0hc", "similarity": 0.8019}, {"filename": "7k1yon", "similarity": 0.8013}, {"filename": "87qtoo", "similarity": 0.786}, {"filename": "6rrmd3", "similarity": 0.7805}, {"filename": "8b1u7r", "similarity": 0.7799}, {"filename": "87ez2n", "similarity": 0.7781}, {"filename": "6s5de8", "similarity": 0.7759}, {"filename": "6wy4j9", "similarity": 0.7732}, {"filename": "777dq8", "similarity": 0.7726}, {"filename": "7m3ou9", "similarity": 0.7722}, {"filename": "7vys0s", "similarity": 0.7709}, {"filename": "6ic2ro", "similarity": 0.7704}, {"filename": "8c3oy0", "similarity": 0.7682}, {"filename": "72eue8", "similarity": 0.766}, {"filename": "6cnxlz", "similarity": 0.7651}, {"filename": "737x1q", "similarity": 0.7648}, {"filename": "7gmr2n", "similarity": 0.7644}, {"filename": "7h4t8r", "similarity": 0.764}, {"filename": "864qpz", "similarity": 0.7631}, {"filename": "7dd698", "similarity": 0.7629}, {"filename": "6tf4id", "similarity": 0.7626}, {"filename": "6tfkzr", "similarity": 0.7626}, {"filename": "7w8yau", "similarity": 0.7622}, {"filename": "6feflv", "similarity": 0.7602}, {"filename": "7dc403", "similarity": 0.7597}, {"filename": "7uypxt", "similarity": 0.7595}]