[{"filename": "6bnnp8", "similarity": 1.0}, {"filename": "6dg7qn", "similarity": 0.6897}, {"filename": "7j5wsn", "similarity": 0.6853}, {"filename": "6uiwov", "similarity": 0.6808}, {"filename": "6zk93p", "similarity": 0.6773}, {"filename": "7pxzx0", "similarity": 0.6733}, {"filename": "7ve2pk", "similarity": 0.6714}, {"filename": "7g18cy", "similarity": 0.6704}, {"filename": "5nlru8", "similarity": 0.6695}, {"filename": "7wnz50", "similarity": 0.669}, {"filename": "6orcub", "similarity": 0.6679}, {"filename": "6msu80", "similarity": 0.667}, {"filename": "6vqf9g", "similarity": 0.6667}, {"filename": "7w3s0b", "similarity": 0.6662}, {"filename": "7x88fk", "similarity": 0.666}, {"filename": "649ejf", "similarity": 0.6657}, {"filename": "8c5obq", "similarity": 0.6643}, {"filename": "6697tp", "similarity": 0.6641}, {"filename": "7n15y3", "similarity": 0.6639}, {"filename": "7pox2b", "similarity": 0.6637}, {"filename": "68me7o", "similarity": 0.6634}, {"filename": "76bgtf", "similarity": 0.6633}, {"filename": "7b6j1z", "similarity": 0.6618}, {"filename": "65vn0c", "similarity": 0.6614}, {"filename": "8b6v78", "similarity": 0.6613}, {"filename": "6dyhpc", "similarity": 0.6613}, {"filename": "7f62cg", "similarity": 0.6612}, {"filename": "7uhx5v", "similarity": 0.6611}, {"filename": "6n10qg", "similarity": 0.6607}, {"filename": "7ac0k9", "similarity": 0.6603}]