[{"filename": "6bo414", "similarity": 1.0}, {"filename": "77wi8r", "similarity": 0.8006}, {"filename": "708wf7", "similarity": 0.7857}, {"filename": "6sslva", "similarity": 0.7825}, {"filename": "7dkfat", "similarity": 0.7809}, {"filename": "6y4c5u", "similarity": 0.78}, {"filename": "670iba", "similarity": 0.7772}, {"filename": "6yyh2q", "similarity": 0.776}, {"filename": "8c0hms", "similarity": 0.7755}, {"filename": "7mefns", "similarity": 0.7748}, {"filename": "7k9fr0", "similarity": 0.7711}, {"filename": "7ja0du", "similarity": 0.7707}, {"filename": "7e86rk", "similarity": 0.7704}, {"filename": "6rcqoy", "similarity": 0.7691}, {"filename": "7vv93y", "similarity": 0.769}, {"filename": "87qycb", "similarity": 0.7664}, {"filename": "7kdb5e", "similarity": 0.7655}, {"filename": "6izzgq", "similarity": 0.7653}, {"filename": "7ynq14", "similarity": 0.7641}, {"filename": "7lwlp8", "similarity": 0.7622}, {"filename": "61kwxw", "similarity": 0.7621}, {"filename": "83c20w", "similarity": 0.7618}, {"filename": "6vakeh", "similarity": 0.7607}, {"filename": "7hb0hv", "similarity": 0.7588}, {"filename": "5zdcxz", "similarity": 0.7577}, {"filename": "7a5k95", "similarity": 0.7573}, {"filename": "7zxxkq", "similarity": 0.7568}, {"filename": "79581u", "similarity": 0.7539}, {"filename": "7gzgbv", "similarity": 0.7499}, {"filename": "7q7qxv", "similarity": 0.7497}]