[{"filename": "6bpm0o", "similarity": 1.0}, {"filename": "80m4yj", "similarity": 0.7133}, {"filename": "85h4v5", "similarity": 0.713}, {"filename": "7x88fk", "similarity": 0.7069}, {"filename": "6m0uwa", "similarity": 0.698}, {"filename": "7g18cy", "similarity": 0.6976}, {"filename": "82928s", "similarity": 0.6951}, {"filename": "7qnyh1", "similarity": 0.6936}, {"filename": "7e1ei4", "similarity": 0.6921}, {"filename": "74muva", "similarity": 0.6918}, {"filename": "7zhi8k", "similarity": 0.6908}, {"filename": "609oyp", "similarity": 0.6898}, {"filename": "61tirk", "similarity": 0.6893}, {"filename": "777dq8", "similarity": 0.6892}, {"filename": "6uiwov", "similarity": 0.6882}, {"filename": "7m3ou9", "similarity": 0.6878}, {"filename": "7qjbn8", "similarity": 0.6875}, {"filename": "34fi1c", "similarity": 0.6869}, {"filename": "7j26zc", "similarity": 0.6867}, {"filename": "87zhhr", "similarity": 0.6866}, {"filename": "8545a0", "similarity": 0.6863}, {"filename": "6uw4h3", "similarity": 0.6859}, {"filename": "6orcub", "similarity": 0.6856}, {"filename": "6dtouw", "similarity": 0.6851}, {"filename": "6697tp", "similarity": 0.6851}, {"filename": "78so15", "similarity": 0.685}, {"filename": "7wyl25", "similarity": 0.685}, {"filename": "89jhg9", "similarity": 0.6849}, {"filename": "7ostjp", "similarity": 0.6848}, {"filename": "758pm2", "similarity": 0.6841}]