[{"filename": "6br0io", "similarity": 1.0}, {"filename": "76sw4r", "similarity": 0.7917}, {"filename": "6uz1ff", "similarity": 0.7896}, {"filename": "75l8k4", "similarity": 0.7402}, {"filename": "6twqdf", "similarity": 0.7394}, {"filename": "5wte5s", "similarity": 0.7311}, {"filename": "83yt5e", "similarity": 0.7197}, {"filename": "6fifua", "similarity": 0.7173}, {"filename": "7qst8m", "similarity": 0.7128}, {"filename": "7ivcuz", "similarity": 0.7127}, {"filename": "71xtda", "similarity": 0.7092}, {"filename": "7zgimh", "similarity": 0.7078}, {"filename": "777dq8", "similarity": 0.7076}, {"filename": "8b8tzr", "similarity": 0.7069}, {"filename": "71nusf", "similarity": 0.7054}, {"filename": "7ko3er", "similarity": 0.7053}, {"filename": "74sbot", "similarity": 0.7052}, {"filename": "68bi5k", "similarity": 0.7051}, {"filename": "3o00ad", "similarity": 0.6998}, {"filename": "73josi", "similarity": 0.6986}, {"filename": "7zmm0h", "similarity": 0.6984}, {"filename": "6v4449", "similarity": 0.6982}, {"filename": "73pv87", "similarity": 0.698}, {"filename": "6wtj4n", "similarity": 0.697}, {"filename": "87q8hy", "similarity": 0.6966}, {"filename": "792q03", "similarity": 0.6965}, {"filename": "7m3077", "similarity": 0.6956}, {"filename": "7rt3gk", "similarity": 0.6951}, {"filename": "7sl3bo", "similarity": 0.6949}, {"filename": "6kr5az", "similarity": 0.6945}]