[{"filename": "6bsiw7", "similarity": 1.0}, {"filename": "751l49", "similarity": 0.7027}, {"filename": "816an7", "similarity": 0.7019}, {"filename": "7ak982", "similarity": 0.6974}, {"filename": "81tsp4", "similarity": 0.678}, {"filename": "8a7wqo", "similarity": 0.6753}, {"filename": "7e1ei4", "similarity": 0.675}, {"filename": "6fdrv3", "similarity": 0.6735}, {"filename": "7qnyh1", "similarity": 0.6734}, {"filename": "5qzkz4", "similarity": 0.6733}, {"filename": "82010j", "similarity": 0.6725}, {"filename": "6nspy2", "similarity": 0.6719}, {"filename": "7qd9yt", "similarity": 0.6694}, {"filename": "7qnqxc", "similarity": 0.6683}, {"filename": "79zju3", "similarity": 0.6672}, {"filename": "72jsri", "similarity": 0.6631}, {"filename": "7r1fwu", "similarity": 0.6582}, {"filename": "7ysowr", "similarity": 0.6572}, {"filename": "64n0r5", "similarity": 0.6559}, {"filename": "6uiwov", "similarity": 0.6547}, {"filename": "6maf6w", "similarity": 0.653}, {"filename": "84wwcx", "similarity": 0.6519}, {"filename": "6aqzdk", "similarity": 0.6505}, {"filename": "7ve2pk", "similarity": 0.6503}, {"filename": "89vbg1", "similarity": 0.6465}, {"filename": "6lmfot", "similarity": 0.6464}, {"filename": "67sija", "similarity": 0.6462}, {"filename": "63qpp0", "similarity": 0.646}, {"filename": "7whlev", "similarity": 0.6456}, {"filename": "7l8d84", "similarity": 0.6455}]