[{"filename": "6buq1s", "similarity": 1.0}, {"filename": "76bgtf", "similarity": 0.7705}, {"filename": "7wp27w", "similarity": 0.7358}, {"filename": "7uryha", "similarity": 0.732}, {"filename": "66hudv", "similarity": 0.7295}, {"filename": "8545a0", "similarity": 0.7292}, {"filename": "66qxv9", "similarity": 0.7226}, {"filename": "6ohxty", "similarity": 0.7215}, {"filename": "872w7m", "similarity": 0.7215}, {"filename": "7fa9am", "similarity": 0.7202}, {"filename": "7ajlug", "similarity": 0.7201}, {"filename": "6xr0lb", "similarity": 0.7165}, {"filename": "74eutg", "similarity": 0.7156}, {"filename": "7puhoh", "similarity": 0.7141}, {"filename": "86muac", "similarity": 0.7127}, {"filename": "6ss9a5", "similarity": 0.7115}, {"filename": "7fb35k", "similarity": 0.7113}, {"filename": "7p5r3i", "similarity": 0.71}, {"filename": "7836pp", "similarity": 0.7088}, {"filename": "8b6kbp", "similarity": 0.7084}, {"filename": "6s67yv", "similarity": 0.7081}, {"filename": "6etmdv", "similarity": 0.7073}, {"filename": "6ljn0r", "similarity": 0.7065}, {"filename": "6697tp", "similarity": 0.7064}, {"filename": "7haijt", "similarity": 0.7058}, {"filename": "7goylm", "similarity": 0.7051}, {"filename": "5ulmc4", "similarity": 0.705}, {"filename": "7eyfx8", "similarity": 0.7043}, {"filename": "76tbx6", "similarity": 0.703}, {"filename": "75baq9", "similarity": 0.7025}]