[{"filename": "6bv1z3", "similarity": 1.0}, {"filename": "7i10gv", "similarity": 0.8324}, {"filename": "6dcsmi", "similarity": 0.8269}, {"filename": "6dej2e", "similarity": 0.8269}, {"filename": "72bdli", "similarity": 0.8201}, {"filename": "7cptyb", "similarity": 0.817}, {"filename": "6i4yfa", "similarity": 0.8154}, {"filename": "7ljjyu", "similarity": 0.8115}, {"filename": "6xjqil", "similarity": 0.8099}, {"filename": "8bfn44", "similarity": 0.8095}, {"filename": "6bbvrv", "similarity": 0.8062}, {"filename": "7mvaxw", "similarity": 0.8045}, {"filename": "7uw4rk", "similarity": 0.8036}, {"filename": "7vbgih", "similarity": 0.8018}, {"filename": "6kq4ct", "similarity": 0.8018}, {"filename": "6z7zyr", "similarity": 0.801}, {"filename": "6tf4id", "similarity": 0.8005}, {"filename": "6tfkzr", "similarity": 0.8005}, {"filename": "74hnzc", "similarity": 0.7977}, {"filename": "74n3el", "similarity": 0.7972}, {"filename": "73m2dn", "similarity": 0.7943}, {"filename": "88obdj", "similarity": 0.7942}, {"filename": "6p5wbm", "similarity": 0.7936}, {"filename": "7hndap", "similarity": 0.7936}, {"filename": "79ro8y", "similarity": 0.7927}, {"filename": "7ox2av", "similarity": 0.7922}, {"filename": "716ius", "similarity": 0.7909}, {"filename": "6ic2ro", "similarity": 0.7904}, {"filename": "7dbs44", "similarity": 0.79}, {"filename": "7o58ke", "similarity": 0.7898}]