[{"filename": "6bwfd4", "similarity": 1.0}, {"filename": "7mubd2", "similarity": 0.7618}, {"filename": "6viagt", "similarity": 0.7409}, {"filename": "6zefas", "similarity": 0.7337}, {"filename": "7coair", "similarity": 0.7158}, {"filename": "746ldz", "similarity": 0.7115}, {"filename": "64k96k", "similarity": 0.7058}, {"filename": "7eqpoq", "similarity": 0.6959}, {"filename": "6hk078", "similarity": 0.6891}, {"filename": "6fu7xz", "similarity": 0.6846}, {"filename": "6bgslx", "similarity": 0.6789}, {"filename": "838k8s", "similarity": 0.6745}, {"filename": "5sduvp", "similarity": 0.6648}, {"filename": "8bwh7g", "similarity": 0.6648}, {"filename": "7joubl", "similarity": 0.6608}, {"filename": "6hsdnb", "similarity": 0.6561}, {"filename": "7xvc6j", "similarity": 0.656}, {"filename": "7h1wy8", "similarity": 0.6553}, {"filename": "72zah1", "similarity": 0.6549}, {"filename": "7uzqxc", "similarity": 0.6542}, {"filename": "85o7z6", "similarity": 0.6522}, {"filename": "73jmgo", "similarity": 0.652}, {"filename": "7es70k", "similarity": 0.6518}, {"filename": "83c20w", "similarity": 0.6508}, {"filename": "7kn24f", "similarity": 0.65}, {"filename": "6f7fqc", "similarity": 0.6487}, {"filename": "6lln8d", "similarity": 0.646}, {"filename": "7b8ec6", "similarity": 0.6442}, {"filename": "6ax6zi", "similarity": 0.6437}, {"filename": "74n3el", "similarity": 0.6425}]