[{"filename": "6c13dg", "similarity": 1.0}, {"filename": "7oxqg1", "similarity": 0.7816}, {"filename": "73f0u2", "similarity": 0.7724}, {"filename": "83p8ks", "similarity": 0.7581}, {"filename": "814x99", "similarity": 0.7521}, {"filename": "5qgr23", "similarity": 0.7486}, {"filename": "7yyyje", "similarity": 0.742}, {"filename": "7qf51x", "similarity": 0.738}, {"filename": "7lzdcn", "similarity": 0.7377}, {"filename": "75l8k4", "similarity": 0.728}, {"filename": "758pm2", "similarity": 0.728}, {"filename": "7bv17w", "similarity": 0.7272}, {"filename": "7zmljv", "similarity": 0.7271}, {"filename": "3x3bqx", "similarity": 0.7254}, {"filename": "77mfyd", "similarity": 0.7241}, {"filename": "6tubo2", "similarity": 0.723}, {"filename": "7j26zc", "similarity": 0.7227}, {"filename": "5kd1cs", "similarity": 0.7224}, {"filename": "7sl3bo", "similarity": 0.7219}, {"filename": "8545a0", "similarity": 0.7204}, {"filename": "6fzxsd", "similarity": 0.7203}, {"filename": "6e78d6", "similarity": 0.7198}, {"filename": "7zk2o5", "similarity": 0.719}, {"filename": "8by5s6", "similarity": 0.7182}, {"filename": "6knenp", "similarity": 0.7181}, {"filename": "74uj30", "similarity": 0.718}, {"filename": "7p5r3i", "similarity": 0.7162}, {"filename": "7hfz8w", "similarity": 0.7157}, {"filename": "81e9m9", "similarity": 0.7143}, {"filename": "7ko3er", "similarity": 0.714}]