[{"filename": "6c18mu", "similarity": 1.0}, {"filename": "77t3l8", "similarity": 0.8371}, {"filename": "7h2egc", "similarity": 0.825}, {"filename": "7jj3am", "similarity": 0.8095}, {"filename": "669lzy", "similarity": 0.8077}, {"filename": "77zi1c", "similarity": 0.8035}, {"filename": "7uhx5v", "similarity": 0.8034}, {"filename": "7uqq3i", "similarity": 0.8033}, {"filename": "6rlp0c", "similarity": 0.8011}, {"filename": "6vkhe3", "similarity": 0.8008}, {"filename": "7ytmr6", "similarity": 0.7986}, {"filename": "7hwup6", "similarity": 0.7981}, {"filename": "86ra8o", "similarity": 0.7979}, {"filename": "7z0qcj", "similarity": 0.7974}, {"filename": "8c30hr", "similarity": 0.7956}, {"filename": "5zitbt", "similarity": 0.7953}, {"filename": "69r6lh", "similarity": 0.7938}, {"filename": "71qpl2", "similarity": 0.793}, {"filename": "8bqxxu", "similarity": 0.7868}, {"filename": "7j5bcc", "similarity": 0.7863}, {"filename": "69c3jn", "similarity": 0.7851}, {"filename": "6t8hxx", "similarity": 0.7845}, {"filename": "6ok7mv", "similarity": 0.7841}, {"filename": "7t6xqh", "similarity": 0.784}, {"filename": "6p3mye", "similarity": 0.7828}, {"filename": "7tmien", "similarity": 0.7822}, {"filename": "70r8o8", "similarity": 0.7811}, {"filename": "71nlyp", "similarity": 0.7797}, {"filename": "5rn537", "similarity": 0.779}, {"filename": "7ay0mc", "similarity": 0.7781}]