[{"filename": "6c3391", "similarity": 1.0}, {"filename": "78hku7", "similarity": 0.6826}, {"filename": "77do2c", "similarity": 0.6814}, {"filename": "87op4x", "similarity": 0.6696}, {"filename": "7qhl2b", "similarity": 0.6664}, {"filename": "71oug6", "similarity": 0.6622}, {"filename": "7uryha", "similarity": 0.662}, {"filename": "6586ox", "similarity": 0.6612}, {"filename": "75gt6r", "similarity": 0.6588}, {"filename": "56z1cz", "similarity": 0.6585}, {"filename": "7jy1s0", "similarity": 0.6567}, {"filename": "7q8v7d", "similarity": 0.6561}, {"filename": "5a6lbd", "similarity": 0.656}, {"filename": "7z7qby", "similarity": 0.6555}, {"filename": "659xhm", "similarity": 0.6541}, {"filename": "7jti9y", "similarity": 0.6533}, {"filename": "7qm4v2", "similarity": 0.6519}, {"filename": "63y8xp", "similarity": 0.6492}, {"filename": "7ulthr", "similarity": 0.6488}, {"filename": "80kt9j", "similarity": 0.6438}, {"filename": "8545a0", "similarity": 0.6437}, {"filename": "6b3d97", "similarity": 0.6423}, {"filename": "6y0hku", "similarity": 0.6418}, {"filename": "7gt22g", "similarity": 0.6407}, {"filename": "6mj84n", "similarity": 0.6402}, {"filename": "7ja0du", "similarity": 0.6399}, {"filename": "7t75fl", "similarity": 0.6393}, {"filename": "7zwb5o", "similarity": 0.639}, {"filename": "6gkhya", "similarity": 0.6388}, {"filename": "6dyhpc", "similarity": 0.6374}]