[{"filename": "6c3hgz", "similarity": 1.0}, {"filename": "6wlot2", "similarity": 0.8557}, {"filename": "6mxs5h", "similarity": 0.8551}, {"filename": "688ow5", "similarity": 0.8491}, {"filename": "803a0p", "similarity": 0.843}, {"filename": "7zzz49", "similarity": 0.8424}, {"filename": "6wvp3n", "similarity": 0.8339}, {"filename": "6443jo", "similarity": 0.8313}, {"filename": "602zf4", "similarity": 0.8186}, {"filename": "7zwdgp", "similarity": 0.8121}, {"filename": "888odi", "similarity": 0.8099}, {"filename": "6qb7el", "similarity": 0.8092}, {"filename": "65odgr", "similarity": 0.7999}, {"filename": "7mgslw", "similarity": 0.7939}, {"filename": "7l7e3a", "similarity": 0.7882}, {"filename": "81vgv7", "similarity": 0.7852}, {"filename": "64n4gv", "similarity": 0.7852}, {"filename": "7e86rk", "similarity": 0.784}, {"filename": "6vakeh", "similarity": 0.7807}, {"filename": "80yxbc", "similarity": 0.7802}, {"filename": "5uekip", "similarity": 0.7799}, {"filename": "87ws66", "similarity": 0.7785}, {"filename": "6z1fsd", "similarity": 0.7774}, {"filename": "6pbrwn", "similarity": 0.7756}, {"filename": "7oiz72", "similarity": 0.7726}, {"filename": "83blya", "similarity": 0.7725}, {"filename": "7k130x", "similarity": 0.7714}, {"filename": "6pdpsq", "similarity": 0.771}, {"filename": "8b4vul", "similarity": 0.7682}, {"filename": "5gf6j8", "similarity": 0.7678}]