[{"filename": "6c4yf5", "similarity": 1.0}, {"filename": "7l872g", "similarity": 0.7818}, {"filename": "7wdi8n", "similarity": 0.7678}, {"filename": "74muva", "similarity": 0.7668}, {"filename": "822zm2", "similarity": 0.7619}, {"filename": "7xy3pj", "similarity": 0.7573}, {"filename": "6v0ttt", "similarity": 0.7555}, {"filename": "5c0v6z", "similarity": 0.7554}, {"filename": "84y4hd", "similarity": 0.7546}, {"filename": "6ok7mv", "similarity": 0.7539}, {"filename": "649ejf", "similarity": 0.7523}, {"filename": "7053ed", "similarity": 0.7515}, {"filename": "61a889", "similarity": 0.7509}, {"filename": "7imuah", "similarity": 0.7501}, {"filename": "6u73n2", "similarity": 0.75}, {"filename": "7urxui", "similarity": 0.7497}, {"filename": "7o6dzg", "similarity": 0.7476}, {"filename": "85x4se", "similarity": 0.7465}, {"filename": "71nlyp", "similarity": 0.7461}, {"filename": "5waw8f", "similarity": 0.7454}, {"filename": "8bm0hc", "similarity": 0.7448}, {"filename": "62xfyd", "similarity": 0.7446}, {"filename": "7wyl25", "similarity": 0.7445}, {"filename": "7x61cu", "similarity": 0.7437}, {"filename": "7tpjg5", "similarity": 0.7433}, {"filename": "7kysl9", "similarity": 0.7419}, {"filename": "5yl3ig", "similarity": 0.7403}, {"filename": "813u7o", "similarity": 0.7402}, {"filename": "6oe37l", "similarity": 0.74}, {"filename": "83p8gj", "similarity": 0.739}]