[{"filename": "6c6uaz", "similarity": 1.0}, {"filename": "7uieq2", "similarity": 0.7649}, {"filename": "62gv9z", "similarity": 0.7462}, {"filename": "6b7ndl", "similarity": 0.7436}, {"filename": "7iyyyq", "similarity": 0.7387}, {"filename": "7p02i4", "similarity": 0.7378}, {"filename": "7obl70", "similarity": 0.7343}, {"filename": "7dn9hj", "similarity": 0.7254}, {"filename": "88aixz", "similarity": 0.725}, {"filename": "879n66", "similarity": 0.7241}, {"filename": "8545a0", "similarity": 0.7156}, {"filename": "71l0xt", "similarity": 0.7145}, {"filename": "881v1w", "similarity": 0.7104}, {"filename": "7vdqaq", "similarity": 0.7098}, {"filename": "5j6mld", "similarity": 0.7086}, {"filename": "7d0kbf", "similarity": 0.7073}, {"filename": "7ulthr", "similarity": 0.7069}, {"filename": "6n3o72", "similarity": 0.7068}, {"filename": "7y0uz4", "similarity": 0.7067}, {"filename": "7836pp", "similarity": 0.7055}, {"filename": "77n2kc", "similarity": 0.7048}, {"filename": "7z2iak", "similarity": 0.7012}, {"filename": "7f62cg", "similarity": 0.7011}, {"filename": "8c6f3b", "similarity": 0.7003}, {"filename": "7g18cy", "similarity": 0.7001}, {"filename": "7fb35k", "similarity": 0.6986}, {"filename": "61y9e0", "similarity": 0.6979}, {"filename": "70go50", "similarity": 0.6977}, {"filename": "6q7bsq", "similarity": 0.6966}, {"filename": "7e1ei4", "similarity": 0.6966}]