[{"filename": "6ca7pi", "similarity": 1.0}, {"filename": "7mgslw", "similarity": 0.8059}, {"filename": "65odgr", "similarity": 0.7918}, {"filename": "6wlot2", "similarity": 0.7742}, {"filename": "77wi8r", "similarity": 0.7736}, {"filename": "707z6l", "similarity": 0.7676}, {"filename": "6sslva", "similarity": 0.7583}, {"filename": "670iba", "similarity": 0.758}, {"filename": "6z1fsd", "similarity": 0.755}, {"filename": "7aizp1", "similarity": 0.755}, {"filename": "7lwlp8", "similarity": 0.7548}, {"filename": "7a36t6", "similarity": 0.7524}, {"filename": "6nrv8i", "similarity": 0.7461}, {"filename": "6tlmfx", "similarity": 0.7461}, {"filename": "7wtf45", "similarity": 0.746}, {"filename": "6443jo", "similarity": 0.7459}, {"filename": "6c3hgz", "similarity": 0.7439}, {"filename": "7l7e3a", "similarity": 0.7434}, {"filename": "5zdcxz", "similarity": 0.7429}, {"filename": "7ynq14", "similarity": 0.7416}, {"filename": "6vakeh", "similarity": 0.7383}, {"filename": "83c20w", "similarity": 0.7382}, {"filename": "602zf4", "similarity": 0.738}, {"filename": "7q7qxv", "similarity": 0.7364}, {"filename": "8c0hms", "similarity": 0.7362}, {"filename": "6t31n1", "similarity": 0.7349}, {"filename": "7cuicc", "similarity": 0.7344}, {"filename": "5uekip", "similarity": 0.7331}, {"filename": "7oiz72", "similarity": 0.7324}, {"filename": "6uzn9s", "similarity": 0.7317}]