[{"filename": "6ca8c2", "similarity": 1.0}, {"filename": "6ef1y9", "similarity": 0.8445}, {"filename": "5cqpm4", "similarity": 0.8395}, {"filename": "7u0oss", "similarity": 0.8373}, {"filename": "5nczuh", "similarity": 0.8254}, {"filename": "7bdel6", "similarity": 0.8244}, {"filename": "776dz9", "similarity": 0.8231}, {"filename": "86tb44", "similarity": 0.8211}, {"filename": "82ehfr", "similarity": 0.8181}, {"filename": "85bfny", "similarity": 0.8163}, {"filename": "7phtqm", "similarity": 0.8145}, {"filename": "878c85", "similarity": 0.8131}, {"filename": "7ttwim", "similarity": 0.8117}, {"filename": "7ri7l1", "similarity": 0.8096}, {"filename": "56h87o", "similarity": 0.807}, {"filename": "85r3r8", "similarity": 0.8067}, {"filename": "87alnc", "similarity": 0.8063}, {"filename": "81gw8w", "similarity": 0.8063}, {"filename": "7va71s", "similarity": 0.8018}, {"filename": "5nn64d", "similarity": 0.8015}, {"filename": "6zuxuq", "similarity": 0.8007}, {"filename": "7oesnc", "similarity": 0.7998}, {"filename": "6mmhgs", "similarity": 0.7994}, {"filename": "6mzc54", "similarity": 0.7982}, {"filename": "71s6g5", "similarity": 0.798}, {"filename": "7uopnv", "similarity": 0.7971}, {"filename": "858xap", "similarity": 0.7939}, {"filename": "7o7hn8", "similarity": 0.7927}, {"filename": "7nrv7c", "similarity": 0.7826}, {"filename": "7cy93b", "similarity": 0.7824}]