[{"filename": "6cai9i", "similarity": 1.0}, {"filename": "7ckzso", "similarity": 0.9336}, {"filename": "6qmq1c", "similarity": 0.7757}, {"filename": "75goge", "similarity": 0.775}, {"filename": "82lt3r", "similarity": 0.7731}, {"filename": "7imuah", "similarity": 0.7595}, {"filename": "6bbvrv", "similarity": 0.7567}, {"filename": "6lf3u6", "similarity": 0.7554}, {"filename": "84z0kc", "similarity": 0.7493}, {"filename": "76q5dn", "similarity": 0.749}, {"filename": "6n9kra", "similarity": 0.7483}, {"filename": "6gzee7", "similarity": 0.7468}, {"filename": "73tzpe", "similarity": 0.7467}, {"filename": "6l5imf", "similarity": 0.745}, {"filename": "7wa1kp", "similarity": 0.7441}, {"filename": "70s4nk", "similarity": 0.7441}, {"filename": "6i4yfa", "similarity": 0.7434}, {"filename": "6wiy6z", "similarity": 0.7429}, {"filename": "6wy4j9", "similarity": 0.7423}, {"filename": "681zzn", "similarity": 0.742}, {"filename": "7o58ke", "similarity": 0.7418}, {"filename": "7kdqb8", "similarity": 0.7397}, {"filename": "74uj30", "similarity": 0.7395}, {"filename": "7o5ctm", "similarity": 0.7394}, {"filename": "71nusf", "similarity": 0.7381}, {"filename": "72bdli", "similarity": 0.7373}, {"filename": "7ezk1v", "similarity": 0.7371}, {"filename": "6aqpe6", "similarity": 0.7362}, {"filename": "86ckl3", "similarity": 0.7354}, {"filename": "68z7up", "similarity": 0.7347}]