[{"filename": "6cbdhv", "similarity": 1.0}, {"filename": "6ypl81", "similarity": 0.7372}, {"filename": "7m7rlt", "similarity": 0.7316}, {"filename": "7kuh9z", "similarity": 0.7241}, {"filename": "78pgdv", "similarity": 0.7172}, {"filename": "81rlby", "similarity": 0.7146}, {"filename": "87muum", "similarity": 0.7128}, {"filename": "84su90", "similarity": 0.7118}, {"filename": "7w3er2", "similarity": 0.711}, {"filename": "6l6jbv", "similarity": 0.7105}, {"filename": "7jj5s0", "similarity": 0.7085}, {"filename": "6bbk1f", "similarity": 0.7085}, {"filename": "7qst8m", "similarity": 0.7079}, {"filename": "61beyg", "similarity": 0.7056}, {"filename": "7awe31", "similarity": 0.7029}, {"filename": "84yzll", "similarity": 0.7006}, {"filename": "7nbmg0", "similarity": 0.6985}, {"filename": "4sz1mn", "similarity": 0.6984}, {"filename": "74at2n", "similarity": 0.6972}, {"filename": "7qfguq", "similarity": 0.6971}, {"filename": "7la0g2", "similarity": 0.6965}, {"filename": "72dhsc", "similarity": 0.6953}, {"filename": "75v1x2", "similarity": 0.6932}, {"filename": "7whlev", "similarity": 0.693}, {"filename": "81y6a9", "similarity": 0.6916}, {"filename": "7rq6km", "similarity": 0.6915}, {"filename": "6ujfx7", "similarity": 0.6915}, {"filename": "75uzjo", "similarity": 0.691}, {"filename": "6xdm0y", "similarity": 0.691}, {"filename": "5gz7xq", "similarity": 0.6909}]