[{"filename": "6cf95j", "similarity": 1.0}, {"filename": "74n3el", "similarity": 0.8003}, {"filename": "7teiru", "similarity": 0.7959}, {"filename": "6697tp", "similarity": 0.7908}, {"filename": "7ia8ck", "similarity": 0.7817}, {"filename": "777dq8", "similarity": 0.7816}, {"filename": "6tf4id", "similarity": 0.7803}, {"filename": "6tfkzr", "similarity": 0.7803}, {"filename": "7cbh1v", "similarity": 0.7788}, {"filename": "88obdj", "similarity": 0.7778}, {"filename": "7uw4rk", "similarity": 0.7778}, {"filename": "79ro8y", "similarity": 0.7762}, {"filename": "7cptyb", "similarity": 0.7746}, {"filename": "7ox2av", "similarity": 0.7731}, {"filename": "87ulnx", "similarity": 0.7726}, {"filename": "74muva", "similarity": 0.7719}, {"filename": "6wi37k", "similarity": 0.7712}, {"filename": "6z7zyr", "similarity": 0.771}, {"filename": "71nusf", "similarity": 0.7699}, {"filename": "6ic2ro", "similarity": 0.7692}, {"filename": "6ttv7t", "similarity": 0.7688}, {"filename": "7fjkmu", "similarity": 0.7688}, {"filename": "7q0yxn", "similarity": 0.7682}, {"filename": "7vbgih", "similarity": 0.768}, {"filename": "73m2dn", "similarity": 0.7679}, {"filename": "7urxui", "similarity": 0.7674}, {"filename": "7qnyh1", "similarity": 0.7659}, {"filename": "5y22w0", "similarity": 0.7657}, {"filename": "89nf29", "similarity": 0.7636}, {"filename": "6po1u4", "similarity": 0.7633}]