[{"filename": "6cfms2", "similarity": 1.0}, {"filename": "7rhnd1", "similarity": 0.7535}, {"filename": "871ith", "similarity": 0.7515}, {"filename": "79msix", "similarity": 0.7461}, {"filename": "8545a0", "similarity": 0.7454}, {"filename": "777dq8", "similarity": 0.7445}, {"filename": "7on3ac", "similarity": 0.7438}, {"filename": "7bv17w", "similarity": 0.7413}, {"filename": "7xxs1t", "similarity": 0.7393}, {"filename": "7pbhh9", "similarity": 0.7392}, {"filename": "5ts0u0", "similarity": 0.7372}, {"filename": "7qf51x", "similarity": 0.7339}, {"filename": "80g2gk", "similarity": 0.732}, {"filename": "80m4yj", "similarity": 0.7303}, {"filename": "72666v", "similarity": 0.7288}, {"filename": "7y29xx", "similarity": 0.7288}, {"filename": "7j26zc", "similarity": 0.7284}, {"filename": "3x3bqx", "similarity": 0.7281}, {"filename": "6lcnf5", "similarity": 0.7279}, {"filename": "7utqot", "similarity": 0.726}, {"filename": "610uyg", "similarity": 0.7255}, {"filename": "7i9499", "similarity": 0.7239}, {"filename": "7qm4v2", "similarity": 0.7236}, {"filename": "80vtqz", "similarity": 0.7234}, {"filename": "7x88fk", "similarity": 0.723}, {"filename": "7wdi8n", "similarity": 0.7227}, {"filename": "6glf08", "similarity": 0.7223}, {"filename": "877uio", "similarity": 0.7222}, {"filename": "6knenp", "similarity": 0.722}, {"filename": "6697tp", "similarity": 0.7216}]