[{"filename": "6cfvxt", "similarity": 1.0}, {"filename": "6knenp", "similarity": 0.6989}, {"filename": "6hm1a5", "similarity": 0.6807}, {"filename": "6et3wn", "similarity": 0.6806}, {"filename": "7xxs1t", "similarity": 0.6763}, {"filename": "6fldhu", "similarity": 0.6724}, {"filename": "896rq3", "similarity": 0.6721}, {"filename": "7ivcuz", "similarity": 0.6718}, {"filename": "7y29xx", "similarity": 0.67}, {"filename": "6u152p", "similarity": 0.6697}, {"filename": "74sbot", "similarity": 0.6695}, {"filename": "87bui9", "similarity": 0.6683}, {"filename": "7vxydo", "similarity": 0.668}, {"filename": "83ogwn", "similarity": 0.6675}, {"filename": "77t3l8", "similarity": 0.6675}, {"filename": "70s4nk", "similarity": 0.6666}, {"filename": "7uvii8", "similarity": 0.6664}, {"filename": "57y1go", "similarity": 0.6653}, {"filename": "78v78c", "similarity": 0.6638}, {"filename": "86tspq", "similarity": 0.6634}, {"filename": "822zm2", "similarity": 0.6628}, {"filename": "7skvd1", "similarity": 0.6626}, {"filename": "7oam47", "similarity": 0.6624}, {"filename": "7lswh6", "similarity": 0.662}, {"filename": "7szw80", "similarity": 0.6617}, {"filename": "5ts0u0", "similarity": 0.6615}, {"filename": "777dq8", "similarity": 0.6605}, {"filename": "7x0u8i", "similarity": 0.6603}, {"filename": "878rhh", "similarity": 0.6599}, {"filename": "79g2lm", "similarity": 0.6599}]