[{"filename": "6cgq9p", "similarity": 1.0}, {"filename": "6rlp0c", "similarity": 0.8385}, {"filename": "7yc681", "similarity": 0.7936}, {"filename": "8b6v78", "similarity": 0.792}, {"filename": "5zitbt", "similarity": 0.7839}, {"filename": "7dsx2w", "similarity": 0.7787}, {"filename": "6t8hxx", "similarity": 0.7775}, {"filename": "7uhx5v", "similarity": 0.7754}, {"filename": "6wy4j9", "similarity": 0.7744}, {"filename": "8bfhdc", "similarity": 0.774}, {"filename": "72eue8", "similarity": 0.7729}, {"filename": "6w3zoq", "similarity": 0.7715}, {"filename": "85e4wk", "similarity": 0.7709}, {"filename": "7zo3g7", "similarity": 0.7705}, {"filename": "6e25c5", "similarity": 0.7674}, {"filename": "6cnxlz", "similarity": 0.7664}, {"filename": "73dseo", "similarity": 0.7611}, {"filename": "80nl7s", "similarity": 0.7592}, {"filename": "77cu2p", "similarity": 0.7583}, {"filename": "71nlyp", "similarity": 0.7583}, {"filename": "843g9l", "similarity": 0.7581}, {"filename": "7tcade", "similarity": 0.7566}, {"filename": "6zk93p", "similarity": 0.7513}, {"filename": "7ytmr6", "similarity": 0.7511}, {"filename": "7wcnzz", "similarity": 0.75}, {"filename": "86l3b0", "similarity": 0.7487}, {"filename": "6te9fv", "similarity": 0.7482}, {"filename": "71x43t", "similarity": 0.7464}, {"filename": "8brqcq", "similarity": 0.7463}, {"filename": "7uypxt", "similarity": 0.7462}]