[{"filename": "6ci259", "similarity": 1.0}, {"filename": "7wnz50", "similarity": 0.7738}, {"filename": "6wi37k", "similarity": 0.7734}, {"filename": "71xtda", "similarity": 0.7675}, {"filename": "6axb43", "similarity": 0.767}, {"filename": "86zwky", "similarity": 0.7663}, {"filename": "86tspq", "similarity": 0.7661}, {"filename": "6vqf9g", "similarity": 0.7656}, {"filename": "813u7o", "similarity": 0.765}, {"filename": "7tpjg5", "similarity": 0.7625}, {"filename": "8c5obq", "similarity": 0.762}, {"filename": "8c1zjk", "similarity": 0.761}, {"filename": "6o854h", "similarity": 0.761}, {"filename": "6nmy28", "similarity": 0.7598}, {"filename": "7s5vtd", "similarity": 0.7593}, {"filename": "7x6imp", "similarity": 0.7578}, {"filename": "7ovxmx", "similarity": 0.7521}, {"filename": "88avgn", "similarity": 0.7521}, {"filename": "84c77w", "similarity": 0.7517}, {"filename": "6zg6pr", "similarity": 0.7516}, {"filename": "7mqf0a", "similarity": 0.7511}, {"filename": "644p29", "similarity": 0.751}, {"filename": "5wvf6x", "similarity": 0.7503}, {"filename": "7bllvq", "similarity": 0.7494}, {"filename": "6l6jbv", "similarity": 0.7486}, {"filename": "76bgtf", "similarity": 0.7485}, {"filename": "84ibm0", "similarity": 0.7479}, {"filename": "89jhg9", "similarity": 0.7447}, {"filename": "8bm0hc", "similarity": 0.7447}, {"filename": "71nusf", "similarity": 0.7437}]