[{"filename": "6cj0gt", "similarity": 1.0}, {"filename": "865b08", "similarity": 0.7777}, {"filename": "7hb0hv", "similarity": 0.7748}, {"filename": "6xdm0y", "similarity": 0.7675}, {"filename": "6mt9hn", "similarity": 0.7578}, {"filename": "6skna5", "similarity": 0.7567}, {"filename": "8b9ycr", "similarity": 0.7565}, {"filename": "75v1x2", "similarity": 0.7508}, {"filename": "75uzjo", "similarity": 0.7485}, {"filename": "79zqqj", "similarity": 0.7468}, {"filename": "746ldz", "similarity": 0.7441}, {"filename": "7uzqxc", "similarity": 0.7439}, {"filename": "7kl6ng", "similarity": 0.7424}, {"filename": "6xzk1w", "similarity": 0.7394}, {"filename": "7zxxkq", "similarity": 0.7386}, {"filename": "8bh7wp", "similarity": 0.7373}, {"filename": "83deug", "similarity": 0.7363}, {"filename": "6npez3", "similarity": 0.7361}, {"filename": "7a36t6", "similarity": 0.7352}, {"filename": "7m1014", "similarity": 0.7343}, {"filename": "5tn9h2", "similarity": 0.7342}, {"filename": "82rde5", "similarity": 0.7319}, {"filename": "7wtf45", "similarity": 0.7316}, {"filename": "6nrv8i", "similarity": 0.7306}, {"filename": "7sjaqw", "similarity": 0.7302}, {"filename": "7v41jx", "similarity": 0.7297}, {"filename": "83c20w", "similarity": 0.7282}, {"filename": "8av4gy", "similarity": 0.728}, {"filename": "7cbeqr", "similarity": 0.7268}, {"filename": "83xauq", "similarity": 0.7268}]