[{"filename": "6ckjmn", "similarity": 1.0}, {"filename": "6qvdgy", "similarity": 0.7751}, {"filename": "805ac2", "similarity": 0.7737}, {"filename": "74uj30", "similarity": 0.7686}, {"filename": "7qjbn8", "similarity": 0.7685}, {"filename": "6dllq2", "similarity": 0.7675}, {"filename": "6n10qg", "similarity": 0.7647}, {"filename": "7ehypp", "similarity": 0.7529}, {"filename": "84z0kc", "similarity": 0.7491}, {"filename": "7kvxa0", "similarity": 0.7486}, {"filename": "70s4nk", "similarity": 0.7446}, {"filename": "7pngnm", "similarity": 0.7436}, {"filename": "6iuoee", "similarity": 0.7434}, {"filename": "80nma3", "similarity": 0.7425}, {"filename": "758iwv", "similarity": 0.7424}, {"filename": "72666v", "similarity": 0.7421}, {"filename": "87get8", "similarity": 0.7411}, {"filename": "6kxtnr", "similarity": 0.7399}, {"filename": "78v78c", "similarity": 0.7382}, {"filename": "7ia8ck", "similarity": 0.7377}, {"filename": "6u152p", "similarity": 0.7376}, {"filename": "6znrfs", "similarity": 0.7367}, {"filename": "6m6ijv", "similarity": 0.7367}, {"filename": "7g4g6f", "similarity": 0.7354}, {"filename": "7qfguq", "similarity": 0.7341}, {"filename": "87ulnx", "similarity": 0.7341}, {"filename": "7sl3bo", "similarity": 0.7333}, {"filename": "6qmq1c", "similarity": 0.733}, {"filename": "7h8t8p", "similarity": 0.732}, {"filename": "7iq8a9", "similarity": 0.732}]