[{"filename": "6cmto4", "similarity": 1.0}, {"filename": "65d0ky", "similarity": 0.9222}, {"filename": "7ktfew", "similarity": 0.9159}, {"filename": "8c59br", "similarity": 0.8878}, {"filename": "757bqz", "similarity": 0.8793}, {"filename": "82m3m3", "similarity": 0.8733}, {"filename": "5x9d94", "similarity": 0.8713}, {"filename": "7ltar8", "similarity": 0.8601}, {"filename": "7yli4c", "similarity": 0.857}, {"filename": "8aqcnp", "similarity": 0.8554}, {"filename": "83xgkx", "similarity": 0.8489}, {"filename": "8bh2qw", "similarity": 0.8489}, {"filename": "6ic9b0", "similarity": 0.8338}, {"filename": "84am2u", "similarity": 0.821}, {"filename": "8433t9", "similarity": 0.815}, {"filename": "6lt1hj", "similarity": 0.8143}, {"filename": "840hbv", "similarity": 0.8137}, {"filename": "5wh2wp", "similarity": 0.8126}, {"filename": "881bt7", "similarity": 0.809}, {"filename": "7ydwav", "similarity": 0.8023}, {"filename": "7hndap", "similarity": 0.8019}, {"filename": "73u6oo", "similarity": 0.7875}, {"filename": "5y22w0", "similarity": 0.7759}, {"filename": "6uuzvv", "similarity": 0.7637}, {"filename": "7cptyb", "similarity": 0.7606}, {"filename": "5v689g", "similarity": 0.7578}, {"filename": "6gdhd9", "similarity": 0.7507}, {"filename": "7fcsdj", "similarity": 0.7496}, {"filename": "7jr7wl", "similarity": 0.7472}, {"filename": "7d1gp6", "similarity": 0.7463}]