[{"filename": "6cn4wg", "similarity": 1.0}, {"filename": "7csa3y", "similarity": 0.9193}, {"filename": "6wboov", "similarity": 0.8807}, {"filename": "707z6l", "similarity": 0.88}, {"filename": "80echz", "similarity": 0.8746}, {"filename": "805q79", "similarity": 0.8739}, {"filename": "6vakeh", "similarity": 0.8707}, {"filename": "602zf4", "similarity": 0.8706}, {"filename": "82w2py", "similarity": 0.8669}, {"filename": "7x2ktx", "similarity": 0.8639}, {"filename": "8b4vul", "similarity": 0.8636}, {"filename": "7v7iwe", "similarity": 0.8634}, {"filename": "88ha85", "similarity": 0.8607}, {"filename": "8bqnpi", "similarity": 0.8602}, {"filename": "7mgslw", "similarity": 0.8585}, {"filename": "7v41jx", "similarity": 0.8565}, {"filename": "6kflib", "similarity": 0.853}, {"filename": "6wlot2", "similarity": 0.8525}, {"filename": "8a8hkh", "similarity": 0.8492}, {"filename": "7gautq", "similarity": 0.8484}, {"filename": "6ky0k1", "similarity": 0.8443}, {"filename": "6ll67v", "similarity": 0.8434}, {"filename": "7tp55f", "similarity": 0.8413}, {"filename": "7krkja", "similarity": 0.8409}, {"filename": "6gv6iq", "similarity": 0.8372}, {"filename": "6cyyt6", "similarity": 0.8368}, {"filename": "6y4c5u", "similarity": 0.836}, {"filename": "6lmlsh", "similarity": 0.8336}, {"filename": "6tbfhi", "similarity": 0.8332}, {"filename": "63d1n0", "similarity": 0.831}]