[{"filename": "6cnog5", "similarity": 1.0}, {"filename": "70iv5x", "similarity": 0.8017}, {"filename": "73f0u2", "similarity": 0.7923}, {"filename": "7ojqjm", "similarity": 0.7876}, {"filename": "85e4wk", "similarity": 0.7866}, {"filename": "7hqv1z", "similarity": 0.7832}, {"filename": "6dprzc", "similarity": 0.7826}, {"filename": "85je13", "similarity": 0.7806}, {"filename": "8brqcq", "similarity": 0.7774}, {"filename": "6cnxlz", "similarity": 0.7737}, {"filename": "6jsy9q", "similarity": 0.7724}, {"filename": "5ziik0", "similarity": 0.77}, {"filename": "6ts65s", "similarity": 0.7698}, {"filename": "7rsey5", "similarity": 0.7698}, {"filename": "5x7lxv", "similarity": 0.7677}, {"filename": "7ukwg1", "similarity": 0.7677}, {"filename": "72bdli", "similarity": 0.7675}, {"filename": "8c3oy0", "similarity": 0.765}, {"filename": "7vbgih", "similarity": 0.7642}, {"filename": "8039cx", "similarity": 0.764}, {"filename": "8bfhyy", "similarity": 0.7634}, {"filename": "7ccobp", "similarity": 0.7625}, {"filename": "89e9j0", "similarity": 0.7625}, {"filename": "696yfo", "similarity": 0.7617}, {"filename": "7kf3ph", "similarity": 0.7617}, {"filename": "7suu6t", "similarity": 0.7611}, {"filename": "7pp195", "similarity": 0.7604}, {"filename": "80nl7s", "similarity": 0.7594}, {"filename": "86wayp", "similarity": 0.7591}, {"filename": "6wiy6z", "similarity": 0.7568}]