[{"filename": "6cnxlz", "similarity": 1.0}, {"filename": "7yc681", "similarity": 0.8331}, {"filename": "6feflv", "similarity": 0.8274}, {"filename": "8c3oy0", "similarity": 0.8263}, {"filename": "6xtm2u", "similarity": 0.8195}, {"filename": "8bm0hc", "similarity": 0.8152}, {"filename": "7tf1qc", "similarity": 0.8151}, {"filename": "69r6lh", "similarity": 0.8147}, {"filename": "72eue8", "similarity": 0.8142}, {"filename": "6wy4j9", "similarity": 0.8138}, {"filename": "7ukwg1", "similarity": 0.8128}, {"filename": "85e4wk", "similarity": 0.8123}, {"filename": "864qpz", "similarity": 0.8113}, {"filename": "5x7lxv", "similarity": 0.81}, {"filename": "85je13", "similarity": 0.8098}, {"filename": "6wiy6z", "similarity": 0.8089}, {"filename": "70iv5x", "similarity": 0.8078}, {"filename": "87ez2n", "similarity": 0.8075}, {"filename": "80nl7s", "similarity": 0.8068}, {"filename": "7vscl8", "similarity": 0.8049}, {"filename": "7jt60o", "similarity": 0.8034}, {"filename": "777dq8", "similarity": 0.8025}, {"filename": "7jk01u", "similarity": 0.8014}, {"filename": "7uypxt", "similarity": 0.8013}, {"filename": "6w3zoq", "similarity": 0.8012}, {"filename": "71nusf", "similarity": 0.801}, {"filename": "8brqcq", "similarity": 0.7983}, {"filename": "7h0598", "similarity": 0.7975}, {"filename": "6p0nwj", "similarity": 0.7971}, {"filename": "7suu6t", "similarity": 0.7967}]