[{"filename": "6csui0", "similarity": 1.0}, {"filename": "7c151f", "similarity": 0.7733}, {"filename": "7b4968", "similarity": 0.7646}, {"filename": "7zhi8k", "similarity": 0.7595}, {"filename": "79zqqj", "similarity": 0.7542}, {"filename": "6iuoee", "similarity": 0.7531}, {"filename": "763jwv", "similarity": 0.7492}, {"filename": "6g7079", "similarity": 0.7489}, {"filename": "7xvc6j", "similarity": 0.7482}, {"filename": "746ldz", "similarity": 0.7454}, {"filename": "7zxxkq", "similarity": 0.7439}, {"filename": "7if9qa", "similarity": 0.7433}, {"filename": "87ulnx", "similarity": 0.7416}, {"filename": "68f5yw", "similarity": 0.7408}, {"filename": "7m1014", "similarity": 0.7405}, {"filename": "68sanu", "similarity": 0.7399}, {"filename": "73m2dn", "similarity": 0.7398}, {"filename": "865b08", "similarity": 0.7388}, {"filename": "7teiru", "similarity": 0.7387}, {"filename": "6t8d97", "similarity": 0.7387}, {"filename": "7tzxbu", "similarity": 0.7385}, {"filename": "6ymik2", "similarity": 0.7377}, {"filename": "5y22w0", "similarity": 0.7366}, {"filename": "88obdj", "similarity": 0.7335}, {"filename": "7bno60", "similarity": 0.7332}, {"filename": "74k64t", "similarity": 0.7325}, {"filename": "74n3el", "similarity": 0.7316}, {"filename": "89nf29", "similarity": 0.7314}, {"filename": "7car3z", "similarity": 0.7312}, {"filename": "6697tp", "similarity": 0.7298}]