[{"filename": "6cu0j6", "similarity": 1.0}, {"filename": "72ulh4", "similarity": 0.9083}, {"filename": "7teh4j", "similarity": 0.9075}, {"filename": "89nftb", "similarity": 0.8937}, {"filename": "86k7d8", "similarity": 0.8912}, {"filename": "6u4fiw", "similarity": 0.8904}, {"filename": "6e6ffk", "similarity": 0.8821}, {"filename": "6jep8t", "similarity": 0.8821}, {"filename": "62keu3", "similarity": 0.8805}, {"filename": "7jr7wl", "similarity": 0.8771}, {"filename": "65utsz", "similarity": 0.8763}, {"filename": "7d1gp6", "similarity": 0.8759}, {"filename": "7rilwk", "similarity": 0.8735}, {"filename": "5y7fcn", "similarity": 0.8728}, {"filename": "6gdhd9", "similarity": 0.8715}, {"filename": "6fc28u", "similarity": 0.8707}, {"filename": "6kngvy", "similarity": 0.8702}, {"filename": "85carr", "similarity": 0.869}, {"filename": "791wn2", "similarity": 0.8683}, {"filename": "7yow1z", "similarity": 0.8681}, {"filename": "77g9al", "similarity": 0.8669}, {"filename": "6ofdt6", "similarity": 0.866}, {"filename": "7cenf1", "similarity": 0.865}, {"filename": "81q1jc", "similarity": 0.8647}, {"filename": "71ag2y", "similarity": 0.861}, {"filename": "6k6dnn", "similarity": 0.8607}, {"filename": "7hzxyp", "similarity": 0.8607}, {"filename": "6d52ri", "similarity": 0.8591}, {"filename": "6te5mc", "similarity": 0.8588}, {"filename": "2jwc52", "similarity": 0.8577}]