[{"filename": "6cu7k9", "similarity": 1.0}, {"filename": "870c47", "similarity": 0.7494}, {"filename": "852pfn", "similarity": 0.6826}, {"filename": "82x7ov", "similarity": 0.6807}, {"filename": "72666v", "similarity": 0.6793}, {"filename": "734ngt", "similarity": 0.6712}, {"filename": "7n83ln", "similarity": 0.6686}, {"filename": "7mmr7z", "similarity": 0.6683}, {"filename": "6z9rhr", "similarity": 0.6629}, {"filename": "72lsqw", "similarity": 0.6603}, {"filename": "71i805", "similarity": 0.6548}, {"filename": "8545a0", "similarity": 0.654}, {"filename": "7l1cue", "similarity": 0.6493}, {"filename": "7qjbn8", "similarity": 0.6459}, {"filename": "66hudv", "similarity": 0.6447}, {"filename": "777dq8", "similarity": 0.6444}, {"filename": "6le8yw", "similarity": 0.6443}, {"filename": "6ymik2", "similarity": 0.6419}, {"filename": "6wbw3w", "similarity": 0.6419}, {"filename": "8bzlp5", "similarity": 0.6403}, {"filename": "7f23mo", "similarity": 0.6396}, {"filename": "7qciek", "similarity": 0.6395}, {"filename": "84ibm0", "similarity": 0.6386}, {"filename": "66qxv9", "similarity": 0.6383}, {"filename": "6ckjmn", "similarity": 0.636}, {"filename": "84c224", "similarity": 0.6336}, {"filename": "871ith", "similarity": 0.6321}, {"filename": "6uw4h3", "similarity": 0.6309}, {"filename": "7bg6no", "similarity": 0.6308}, {"filename": "6cfms2", "similarity": 0.6305}]