[{"filename": "6cx554", "similarity": 1.0}, {"filename": "6e2b09", "similarity": 0.6975}, {"filename": "85h4v5", "similarity": 0.6486}, {"filename": "6s67yv", "similarity": 0.645}, {"filename": "6njmah", "similarity": 0.6442}, {"filename": "80v1w9", "similarity": 0.6357}, {"filename": "6ohxty", "similarity": 0.6301}, {"filename": "872w7m", "similarity": 0.6301}, {"filename": "6mvikj", "similarity": 0.6282}, {"filename": "7qcx81", "similarity": 0.6281}, {"filename": "7uryha", "similarity": 0.6281}, {"filename": "6pyc24", "similarity": 0.6277}, {"filename": "5ulmc4", "similarity": 0.6274}, {"filename": "5q9rs5", "similarity": 0.6251}, {"filename": "7z3raa", "similarity": 0.6236}, {"filename": "5qzkz4", "similarity": 0.6231}, {"filename": "7yhaey", "similarity": 0.622}, {"filename": "73cufe", "similarity": 0.6219}, {"filename": "7wsm6s", "similarity": 0.6213}, {"filename": "5bnbyl", "similarity": 0.6206}, {"filename": "7kjxl9", "similarity": 0.6198}, {"filename": "7iyyyq", "similarity": 0.6189}, {"filename": "7n4rku", "similarity": 0.6163}, {"filename": "8545a0", "similarity": 0.6153}, {"filename": "7yx9pf", "similarity": 0.6149}, {"filename": "7pbhh9", "similarity": 0.6148}, {"filename": "7i9499", "similarity": 0.6145}, {"filename": "7836pp", "similarity": 0.6135}, {"filename": "8c7t55", "similarity": 0.6132}, {"filename": "7qd9yt", "similarity": 0.6131}]