[{"filename": "6cyyt6", "similarity": 1.0}, {"filename": "65utsz", "similarity": 0.9267}, {"filename": "7yvhnn", "similarity": 0.9265}, {"filename": "5y7fcn", "similarity": 0.9145}, {"filename": "4c12i4", "similarity": 0.9095}, {"filename": "6uaaig", "similarity": 0.9034}, {"filename": "71ag2y", "similarity": 0.9031}, {"filename": "8bqnpi", "similarity": 0.9018}, {"filename": "6h6c7n", "similarity": 0.9012}, {"filename": "7jr7wl", "similarity": 0.8996}, {"filename": "7r0rgu", "similarity": 0.8984}, {"filename": "88ha85", "similarity": 0.8977}, {"filename": "6j9pi4", "similarity": 0.896}, {"filename": "6u4fiw", "similarity": 0.8928}, {"filename": "6jep8t", "similarity": 0.8913}, {"filename": "694o6h", "similarity": 0.8893}, {"filename": "7qbcqw", "similarity": 0.8863}, {"filename": "7v7iwe", "similarity": 0.8856}, {"filename": "6d52ri", "similarity": 0.8848}, {"filename": "845gft", "similarity": 0.8837}, {"filename": "2wod3h", "similarity": 0.8829}, {"filename": "7zxjo1", "similarity": 0.8822}, {"filename": "86k7d8", "similarity": 0.8807}, {"filename": "6x626v", "similarity": 0.8793}, {"filename": "7hzxyp", "similarity": 0.8789}, {"filename": "7ds19z", "similarity": 0.8784}, {"filename": "6ednbc", "similarity": 0.8771}, {"filename": "6ura8f", "similarity": 0.8753}, {"filename": "60s18n", "similarity": 0.8739}, {"filename": "80echz", "similarity": 0.8725}]