[{"filename": "6d176q", "similarity": 1.0}, {"filename": "76tbx6", "similarity": 0.6954}, {"filename": "77zd6d", "similarity": 0.6792}, {"filename": "6lca4i", "similarity": 0.6788}, {"filename": "60uded", "similarity": 0.6787}, {"filename": "6ohxty", "similarity": 0.6777}, {"filename": "872w7m", "similarity": 0.6777}, {"filename": "85kqsu", "similarity": 0.6767}, {"filename": "8ajt81", "similarity": 0.6757}, {"filename": "7844po", "similarity": 0.6756}, {"filename": "7m1ec3", "similarity": 0.6721}, {"filename": "86zqdp", "similarity": 0.6708}, {"filename": "6upnmr", "similarity": 0.6703}, {"filename": "84bclj", "similarity": 0.67}, {"filename": "7car3z", "similarity": 0.6691}, {"filename": "7msepc", "similarity": 0.6664}, {"filename": "6xr0lb", "similarity": 0.6659}, {"filename": "6ltb44", "similarity": 0.6649}, {"filename": "8545a0", "similarity": 0.6641}, {"filename": "7v8azb", "similarity": 0.6611}, {"filename": "7puhoh", "similarity": 0.6608}, {"filename": "6ha3wj", "similarity": 0.6608}, {"filename": "7z5lq3", "similarity": 0.66}, {"filename": "68f5yw", "similarity": 0.659}, {"filename": "74eutg", "similarity": 0.6586}, {"filename": "80nma3", "similarity": 0.6578}, {"filename": "6w6so6", "similarity": 0.6572}, {"filename": "7phgo0", "similarity": 0.6571}, {"filename": "6mvikj", "similarity": 0.6569}, {"filename": "85omnh", "similarity": 0.6566}]