[{"filename": "6d1ab5", "similarity": 1.0}, {"filename": "73yp8c", "similarity": 0.7266}, {"filename": "7nlq1z", "similarity": 0.7252}, {"filename": "6pyc24", "similarity": 0.7236}, {"filename": "7v8azb", "similarity": 0.7227}, {"filename": "877uio", "similarity": 0.7223}, {"filename": "73hejk", "similarity": 0.7214}, {"filename": "7os1jc", "similarity": 0.7209}, {"filename": "7phnmp", "similarity": 0.7183}, {"filename": "7qzz1u", "similarity": 0.718}, {"filename": "6ljn0r", "similarity": 0.7179}, {"filename": "7yx1xc", "similarity": 0.7179}, {"filename": "644p29", "similarity": 0.7155}, {"filename": "76bgtf", "similarity": 0.7147}, {"filename": "80ppdt", "similarity": 0.714}, {"filename": "6hyns7", "similarity": 0.7138}, {"filename": "7roky9", "similarity": 0.7133}, {"filename": "7j70po", "similarity": 0.712}, {"filename": "8a0t3u", "similarity": 0.7108}, {"filename": "6w5ce0", "similarity": 0.7108}, {"filename": "85ljmi", "similarity": 0.7102}, {"filename": "7pbhh9", "similarity": 0.7096}, {"filename": "663hgx", "similarity": 0.7091}, {"filename": "6vyd0q", "similarity": 0.709}, {"filename": "7wp27w", "similarity": 0.7084}, {"filename": "5btgto", "similarity": 0.708}, {"filename": "7ajlug", "similarity": 0.7064}, {"filename": "7zmljv", "similarity": 0.7061}, {"filename": "7td6mg", "similarity": 0.7057}, {"filename": "87ulnx", "similarity": 0.7057}]