[{"filename": "6d26ic", "similarity": 1.0}, {"filename": "69l8rb", "similarity": 0.8205}, {"filename": "83deug", "similarity": 0.8117}, {"filename": "6y67ml", "similarity": 0.7846}, {"filename": "6nhsq7", "similarity": 0.773}, {"filename": "88y8vq", "similarity": 0.7656}, {"filename": "7jj5s0", "similarity": 0.7648}, {"filename": "64xo1a", "similarity": 0.762}, {"filename": "88wdk1", "similarity": 0.7608}, {"filename": "6frw6o", "similarity": 0.7603}, {"filename": "6ibpgx", "similarity": 0.7583}, {"filename": "7ilgg3", "similarity": 0.7566}, {"filename": "6n5cob", "similarity": 0.7555}, {"filename": "5xh2j6", "similarity": 0.7517}, {"filename": "8aq7b2", "similarity": 0.7486}, {"filename": "8bhjkp", "similarity": 0.745}, {"filename": "847hox", "similarity": 0.7449}, {"filename": "7tlc4i", "similarity": 0.7439}, {"filename": "8a4hrz", "similarity": 0.7432}, {"filename": "6g7079", "similarity": 0.7429}, {"filename": "7ghicf", "similarity": 0.7422}, {"filename": "82cyxw", "similarity": 0.7401}, {"filename": "7nbmg0", "similarity": 0.7391}, {"filename": "78b7ee", "similarity": 0.7389}, {"filename": "6zxb4c", "similarity": 0.7385}, {"filename": "7jb6ra", "similarity": 0.7382}, {"filename": "6ybalg", "similarity": 0.7368}, {"filename": "79o037", "similarity": 0.7366}, {"filename": "721q6q", "similarity": 0.7361}, {"filename": "7ey3yp", "similarity": 0.7357}]